revision_timing,nth_revision,sleep_duration,topic_difficulty,study_duration,session_time,retention
56.31217079722309,7,7.190609389379256,7,85.79156798511049,evening,61.10640401996741
2.4959169598966344,1,8.053991405867773,6,10.132390192972435,night,98.71349795233746
24.313370739870848,9,6.673295021425664,9,59.50895383366713,evening,72.25753885799638
436.8359464353312,2,5.677233938870139,4,110.71047670654723,evening,0.0
235.88247369286043,6,4.193668865811041,7,12.25504339717731,morning,0.24799590559447404
138.3300915718394,6,7.269976604478346,8,15.846048589587127,afternoon,14.72976270828473
59.52438432592366,1,7.637655990477874,2,82.2764986635116,afternoon,37.643208092496515
419.1368559283472,9,6.14827893358836,10,162.1206495727003,afternoon,1.8723603128635804
155.91363627288803,7,6.993107820837796,9,173.39924413938934,morning,11.343410573878483
211.74694382891207,9,9.756787150848966,9,60.36649596969401,morning,8.847122920783075
9.29710425735708,6,5.963810364944587,1,43.78166586080931,night,94.99152333656174
111.75633455922875,9,5.509260099809908,9,165.54314484244273,morning,33.20344595746405
117.15614300548489,1,3.667870815432879,7,62.866994691662576,night,8.36935089618026
38.543995671317006,2,6.305504476133645,5,175.19105621614764,evening,67.5745311983262
171.6471303692237,9,4.6518944382426906,7,16.87371022153333,evening,8.344019847678814
13.700092223023901,6,6.327591562274782,4,164.2863005674358,evening,86.47819930920521
111.28747339667775,3,9.599974993905867,7,59.25774699534056,afternoon,26.759659630589894
42.054807063994346,4,9.100224131314024,4,161.73502974329622,evening,69.92558164075038
47.04872631995646,6,9.272639099464453,7,164.16083506277818,morning,61.76394507139119
204.45956719667342,8,5.133468807106203,6,96.82704143818617,morning,3.7482086516733037
79.59099361269693,0,3.8390575713357795,8,170.29464966512825,afternoon,7.537840094642677
62.06877226973837,0,4.777407897540413,7,94.53224600170553,morning,8.251246824311437
19.232494538402392,7,3.25820863148173,1,176.024542491551,night,80.58618223099758
18.78370331825637,9,9.899553178774205,7,124.26304305899936,evening,85.61628819160414
55.37845530190324,0,8.097514440283017,8,89.95110785582654,afternoon,28.195526241315182
11.355499057394514,0,4.055022807758006,6,128.2881771544499,evening,80.15983221345313
107.25340855135002,3,3.116114802494993,3,147.6151778437516,night,15.775409585940821
140.9055033081263,6,9.557109921157142,1,124.86731989667773,morning,33.66255410339057
14.45331420443957,6,6.790135816792961,10,53.850076711576456,night,72.57018933818452
670.4383833750226,4,9.302926400143313,7,67.6350644782791,evening,0.6298808158824315
144.6199539376855,2,8.994270043146647,6,142.57884279579605,night,18.15608349708976
104.2964062096247,8,7.644512383756391,2,37.33736874097477,afternoon,42.756185303500736
79.77370122706961,2,7.5637288165182035,9,39.90729295514872,night,17.92325565585248
164.6829061998949,7,8.944563873459245,1,62.37033461490617,night,16.42321157511917
11.802847373809259,2,7.454328327301267,6,51.47823937444421,afternoon,83.85118808064908
283.8614379006864,1,5.450548853862729,1,108.07366038648105,night,3.2847130959484243
239.55998988209788,2,7.004029394464282,1,17.412641198253738,night,2.155775976694555
1.869277844633326,7,5.315252132693596,5,107.28971975904251,night,100.0
230.08644206153028,4,4.336377218052422,1,63.876740876567204,night,0.0
223.1119791192536,2,6.990428190625555,8,45.51618199461123,evening,0.0
553.2683697415581,1,4.7791455434881716,10,159.15342222775243,morning,2.2494461842383973
42.20421856354989,9,8.670793762754265,9,113.9573308471657,night,72.70139279856666
85.93118843194844,8,7.395260904640453,4,120.49386823222008,night,40.15644313396178
261.23821493263773,1,3.657873578886083,7,124.24444300018389,evening,0.0
75.19283378185315,5,7.135832823983075,6,52.54273128769689,afternoon,38.258266069748835
16.30668495569136,0,8.79508302651312,5,87.73507747433385,afternoon,78.46154440998538
6.367811509237129,3,5.87947733539675,3,118.36308325469511,night,85.63631986421075
163.52933071114734,9,3.1774552039082025,5,23.748404324923605,evening,2.0399840138206073
142.877127935921,4,3.4073551685591053,10,36.59429725408462,afternoon,4.0916314515100085
24.23426152117718,4,7.467894156903453,7,121.70892584502836,morning,74.4975156927302
113.5236566444922,6,3.3340128938415416,10,70.51535537071447,morning,15.776186445612524
11.554755804667248,0,5.17989316573906,4,39.80614588118755,night,64.10125113127896
12.354830213737591,4,6.31430239546396,1,88.99454819973394,morning,96.23425464717303
120.97374432490945,1,4.826255363391997,10,116.39618567142018,afternoon,0.0
83.42749369330755,7,7.610855421332615,4,114.69469794628534,night,42.10222928200315
105.76168533687488,3,7.0283192451311525,2,107.47239708422866,morning,32.37255392711309
73.55471688613095,2,8.744476330207688,3,149.47256344111557,night,39.37051879021078
46.09886259538422,9,7.771295682809528,2,54.31806980010353,evening,66.5466264261198
15.090014379492917,4,5.438356231172381,8,134.9620774466606,morning,82.25276476904726
66.08754442975857,7,8.647843174870848,1,134.38011840093884,night,58.36092446097792
55.82926943540792,6,7.063808086407369,7,168.228745352606,morning,59.65238917774042
161.60673458026267,2,3.7218670818515283,1,100.83567050019579,night,3.433292232149846
210.1599069027996,5,5.083446221565176,3,76.16428538480773,night,9.611693647619026
135.52690070055604,3,7.014065216863003,5,25.589705033941783,night,12.558691326097497
47.81836014604677,4,8.26662170606376,7,142.82032858010444,evening,57.21758939039418
7.1138047738485355,9,6.090713509613639,7,102.80568092804812,evening,88.05747340494213
14.940717306294104,8,8.330574422022305,1,27.190854940874342,evening,79.8499482446875
60.631256947859995,9,4.026233751844178,5,49.648772312169726,night,45.57754661556601
56.26050990627475,0,9.162519780468918,1,171.032258155256,morning,37.87963494911723
147.79466425718488,2,8.440028411492058,6,129.86434193043218,afternoon,20.366365145589477
284.18852105737085,6,6.041162911417899,2,89.67230913900147,afternoon,9.868519108037294
207.65061535739005,6,8.222314154857962,9,73.72799851902968,morning,13.272376990844645
10.383515843004755,0,4.565170869636169,6,146.3585723345448,morning,76.95981785573093
594.819432951124,4,4.770931175924687,3,174.78143105524683,afternoon,5.029364548753102
21.813626596005466,0,7.87024082289232,1,116.68487361429078,afternoon,77.66334553249388
296.1720915801399,9,9.65288038853591,8,77.06870576338207,night,1.3458950206335745
116.15196344867726,7,4.187759327268958,4,88.82872883979697,afternoon,23.13218007827826
53.61917511759854,3,9.90347521135722,6,15.493711688640579,morning,47.39100582662359
44.4455161865232,3,7.21947317416309,3,149.8313312969387,afternoon,69.59927818281582
301.85857866000276,9,9.529099383478092,2,103.7699383324919,morning,0.39527261390444934
3.206498023981364,0,8.44321598614658,2,177.83694198354056,morning,100.0
59.90509269975618,0,8.868300932977965,2,16.259717498118533,evening,26.645727233187234
38.326667058007345,6,9.053056633785372,1,100.83886675500872,morning,72.21098146604125
175.8339708247513,4,8.299568414297191,3,52.0491772963436,afternoon,15.176791624416639
27.536421953121,0,9.678357190811056,4,48.869276935588665,morning,44.49361539078342
213.60685795472045,1,8.965270502229782,6,174.55554012476992,afternoon,3.8877683571025443
251.1310371875726,8,7.129691279963453,7,138.37333346451524,morning,14.007070203611503
280.15233843415876,1,5.454112911646179,2,118.22953467578803,evening,3.980146176253381
69.03834753941175,1,5.437788269163102,6,86.65477606073775,evening,33.737980077078326
237.97687724211679,4,8.57530242971714,10,167.51989627745405,afternoon,0.0
175.79778403758215,3,6.213950293667829,2,115.53696635175552,afternoon,18.96419014281159
32.955416125872354,2,6.760843916998491,7,31.767792622821315,evening,48.73284739413543
61.3591876879324,7,4.260470906445089,4,68.76343816505675,evening,48.779228931090096
433.92165571596416,9,4.566943461344244,5,38.71896072226797,night,5.875645013620297
51.25522327989032,5,3.6209177362993894,1,100.8519956345289,night,51.55950091871443
84.00062216571965,8,3.6460341036012225,9,126.9234019063341,night,25.18110762685882
248.17616381857087,0,4.938143537030426,1,24.36789130571593,evening,0.0
55.53421320292437,5,4.65281573182183,7,100.31517817550079,afternoon,44.85421599004238
165.14747284678108,7,3.931818500112348,3,162.18516240682388,afternoon,15.881144857152005
60.73317778390915,8,8.161836442656734,10,105.87406564320219,morning,56.803659721431956
28.506832274835585,9,6.747348948108664,9,161.38963772578214,night,61.73183893489432
125.57573452018025,1,3.6084420166119657,6,109.76299006354945,night,3.1278660262282276
105.98201551849411,2,5.651408381659025,5,71.72399038776797,afternoon,12.645517355708495
82.75784436875368,5,7.24042373549821,1,11.280841732792705,morning,44.80454970764322
19.906595110779104,6,6.4146686056611655,8,162.45012218649228,evening,79.9671745424616
299.2430987425027,5,9.825470140615998,8,132.89233642570187,afternoon,8.826985256489515
318.04621139519463,7,6.336336388884884,5,41.79743725477897,afternoon,0.0
159.92914995941345,0,7.274340297091428,6,108.8104976418441,evening,5.497291958687395
322.6150213913989,2,3.362764757756988,2,87.22555527724694,morning,5.998284158712487
35.26666011520817,4,3.0189762959003077,9,111.25858590333353,night,49.036716908732785
111.79955813785489,2,5.442077865800967,1,154.6236682027973,night,24.438619951826915
23.994697164095722,2,9.485145965127979,6,18.17608947389491,morning,72.47938907139496
18.06698956970311,8,8.253513473357195,3,37.9251856482688,morning,87.87796733530283
286.14151870827334,8,9.140403785691758,9,126.10695078091251,night,0.0
69.39298573366564,2,7.368710809272863,1,137.0935946299627,evening,35.78231137430057
59.60747605842343,1,6.80487002779792,8,48.93431645721538,evening,32.52330524114693
14.91775390293357,5,5.32971050138739,3,66.93395449170464,night,91.86617693582784
102.15895261438833,5,8.26682184027176,5,142.35722963862767,morning,36.332011072770214
4.092904782940552,5,7.998448575565299,5,159.0501582494974,morning,96.47134088228137
57.13642851292141,7,7.227705104507588,8,35.485962649291544,evening,44.52703599905061
63.103610634840024,1,3.0854215062263117,3,127.971235559407,night,32.09861824616401
210.3961818036883,9,5.397669800249804,6,78.14474084981879,evening,17.487068106257265
40.74942230296724,9,7.103608824117581,2,113.94722002389013,evening,72.640815099871
12.938647029128918,3,8.530592459868608,5,130.23056783327775,afternoon,94.22689933441472
177.0133213301302,9,3.4824507755705314,3,135.1955200562029,night,13.124015332089721
21.71365370565548,3,3.872638768422868,9,66.46489015133962,afternoon,63.94545853860033
87.78616631623791,7,7.255260756559811,9,136.52244081335908,afternoon,32.293056206854764
92.50596289486582,5,5.4244219605617285,2,91.7422862751425,evening,27.706712224879702
72.22533281908073,2,4.737585099300063,9,94.72252136571156,afternoon,21.11839052217189
29.830320060383496,1,7.644761604116974,7,175.84202366606857,morning,68.66810908417935
19.31362851722161,5,9.024424125235138,8,95.37315175631124,morning,76.7452851457039
66.78014730687484,7,9.286380026084997,1,16.21344353417613,afternoon,45.96342780029486
217.36065345726828,2,3.4599604759984666,3,87.05910190716469,afternoon,0.0
82.46266371316584,2,4.086681721514988,1,66.84167792278197,evening,44.00056906161279
350.50940511176225,9,4.895212712004876,2,79.48480908667639,evening,1.729937319456679
96.28116374235707,2,4.6175235761165,8,27.698458937377552,evening,16.598696218996054
101.12121146904002,2,7.569222754963123,8,26.905036769088678,night,14.980411922664313
197.3146753317138,3,9.610868079040914,6,44.847330220689564,evening,8.860285819163956
46.98570006510233,1,3.0910134645751524,7,135.10378424332038,morning,28.251288325963497
267.8235624986193,4,5.392721461885132,10,150.26824634185218,evening,10.52431549845321
107.07813001719663,3,7.369042354943938,6,141.55186894422783,morning,19.424375751766462
355.8320665382644,5,8.458311423516216,1,157.63955590264518,night,0.8663085288810008
506.93968383474464,6,8.598986791631207,1,92.41232241555885,morning,2.7616900092592105
120.44367983214437,6,4.526161752458606,6,151.93814025588085,night,13.545620643454024
17.025819665434398,1,4.906151285635582,6,165.43079711528483,morning,74.77912983196673
8.344570971671637,4,7.559942718463049,10,132.43443887749027,morning,96.69496798399886
1.3268075558036636,4,4.845786618442315,6,134.4713783380406,afternoon,100.0
23.13864343662626,0,5.931393674244512,10,81.74613012361685,afternoon,44.52078346501138
21.82340460591268,0,3.5795906754758855,4,141.06760734103133,morning,50.897302113294586
52.74581732674242,0,8.050730027853339,8,106.28878885047253,afternoon,23.92457490458987
60.63081364218364,7,9.557808175273305,5,92.23834012851017,afternoon,53.94401120938724
82.30871472314266,1,7.363327856334935,2,28.121703032741205,morning,30.626500775354973
51.97862477008574,0,6.468439213443389,8,83.92064756263686,evening,23.846076125435484
392.73265554250577,0,9.651661476745616,7,98.6211134603068,night,0.0
93.68038153820838,7,8.30874689761977,5,139.03609374160447,morning,46.345026823767945
34.46874186481441,8,7.526654433820144,10,18.7712871319807,afternoon,66.53917757413116
4.82701214464549,9,7.117846298789518,1,40.6978086716467,morning,86.04158430078994
15.411286491898545,6,5.081443051607856,8,175.07990167811252,evening,81.11905149284813
190.36970326950663,3,8.911845789745492,2,98.81387793209872,evening,13.92643559755579
31.365148943674285,1,9.194988495662967,8,84.97546749718748,evening,56.74030457752221
8.11079225873692,7,6.7764390466273605,6,64.18792549845188,afternoon,78.194369339985
251.14249347631818,1,3.170805470895766,10,178.3580232681021,evening,3.7305614204903437
249.24693199250044,1,9.573473889590273,3,21.905049977070075,afternoon,8.97299345918248
61.6858803147529,4,6.358469287995534,8,56.18678508173069,morning,39.64875527118325
175.463653240707,8,5.354593246798954,4,135.38899127011155,afternoon,17.076541071564982
42.288297463837026,1,5.074156843191931,5,17.15584223818152,morning,40.875512358921256
289.4064630398573,8,3.766273190753806,9,125.54003805782187,night,4.657214862671184
484.30993716620685,7,6.271810578749088,2,38.39577083565278,night,0.0
8.063305738400864,7,9.599122418945878,6,113.31525512940605,morning,90.79145293885163
378.34322206574376,7,5.450876814167111,5,117.06224690934603,evening,1.0218782721701931
258.2785164031201,2,7.180918507012387,1,39.56219236731284,afternoon,0.0
673.096637510528,2,8.710831874934325,6,115.89935509897018,morning,15.86178605719094
92.39675811490045,8,9.264450088594879,5,25.552762357618327,morning,33.71351754871347
77.7067304025835,2,9.689560487608274,10,147.61773270322928,night,27.7788410061992
321.86745439370316,1,5.859172491494891,6,54.15814323925545,morning,0.4881152398388455
392.8060904140703,4,9.940327346015337,2,94.17490959237564,night,0.0
87.10003811689458,2,8.772766761476044,8,122.55904171811599,night,19.487890863813366
253.069372252843,2,9.077125628360829,1,36.74791214942942,night,6.8409127553115985
147.86943850911732,8,9.51063245356817,4,115.16393429658133,afternoon,28.53613024067542
390.27729606411776,8,3.204730981241914,7,10.874679028301511,night,0.0
48.97763790111703,6,4.1253192723381575,4,104.55089495675868,morning,56.604234727441714
40.599281125422614,0,6.918910186161806,8,54.16660878090717,night,22.237854440199655
1.0936571440753493,2,3.8991410266523396,3,139.37474342534478,afternoon,100.0
59.73949571790736,4,3.717568095934755,4,39.538090802286355,night,38.43145943305783
8.429718034932996,0,8.396890047724948,1,108.96897822996645,morning,85.2313288120396
125.14963152099897,3,8.307842371503158,7,21.1564445775822,morning,27.656963822206343
46.91829242606762,2,4.7675612478186755,7,85.80346008404722,afternoon,47.32406257532391
12.936101527039787,8,4.145366748341685,7,150.40653018598243,evening,85.55767616544642
29.933823534381116,1,8.40975946011763,4,121.26690642779299,evening,56.422428203328565
46.41064117424391,5,4.6096822412376035,3,15.292794090366932,morning,52.88454694185012
150.59995303427732,1,9.05050774887746,8,37.07177550747496,morning,9.359517711452202
176.84304526680435,1,8.327167936600993,3,145.45563073688467,night,10.947818473753097
3.9680296019982855,9,7.316552201645166,9,10.209411978292401,evening,96.96156288519555
67.51868639090283,5,4.578780997106148,6,108.9351383254478,morning,39.85767733558865
107.06904959538336,7,5.172533712465016,1,11.975491784377109,afternoon,26.16191587894921
441.233403402283,5,5.041638050965123,9,156.2208075221648,afternoon,8.355872094815316
286.07969746987897,5,8.244131473708983,9,51.14765269662967,morning,1.400912742927153
79.01619225280226,3,5.422115973513877,8,11.661044061261222,night,19.931926031832496
9.020665914764969,0,3.6150654940138334,1,150.16738797246174,afternoon,77.6579649253097
100.59208847017449,9,8.60410689376358,2,17.001194197476185,night,36.42031248146767
13.25385807420908,2,9.273549118795268,9,169.15608186142728,evening,75.62131036546216
328.3773227876226,7,7.998608524926994,4,67.70653273227703,evening,8.02825418968234
79.49051964121882,3,6.871010168143709,6,148.94062089362393,afternoon,34.12445577525506
21.49512540860015,1,3.4224645879339466,7,120.55001159848716,morning,63.267654279625766
246.4842668402878,9,5.303122064702635,4,136.52744115114245,morning,12.636721244789898
82.74541304681205,1,3.1460279750407665,3,48.83730602632078,night,20.619446830758818
93.8318036970851,2,3.5706854268669868,3,125.63880121331952,morning,19.55511899617861
220.24956096235,0,9.077907537858664,10,136.26010860399677,night,0.0
118.91034048255301,3,6.533914173251125,2,157.39535434081625,night,23.088952256863344
60.40544449348045,3,9.113962666571624,2,144.80253608295737,evening,54.62174037148301
38.89294885021703,2,4.986981700260515,3,115.90431920579208,night,53.62623062739519
179.53321816714015,3,9.363227644659487,7,117.53189064847204,afternoon,15.222119423715078
426.5012446633814,6,5.89121822253388,6,93.68723559616592,afternoon,0.0
107.84899461858431,6,5.51463358579836,2,26.19445635228647,morning,26.721743792616635
59.52850876361683,8,5.793321622959778,3,121.64523297201967,evening,64.14958908599208
60.632882763666295,6,6.176526789685475,10,22.494447046102152,afternoon,48.11562374696823
48.21670269951929,9,7.685732810215529,9,83.25087902250701,night,60.60659837957581
34.926976927688656,5,4.173334514018224,9,112.94148679963008,evening,59.53060356009318
130.80750301765187,4,8.472532308915206,8,146.96392600150904,night,20.71029202149602
93.15889364546324,3,4.888247280618927,2,30.90503745003654,morning,34.93801242035485
331.005744648236,0,3.8547693980701876,6,40.60177437036299,evening,0.393204731241954
5.095407960126203,9,5.781652919250807,2,174.07017839412774,evening,85.47697755932272
2.1039110120080453,8,7.473839564708502,9,108.61907904822957,night,87.0823187434205
131.90462844787,3,3.880190582646542,4,129.79572966522994,afternoon,31.06621912902361
158.41537310821406,7,9.789384322750893,1,134.241010728049,morning,33.84965030785175
23.397731887037256,1,7.631426452598028,7,170.58441731058394,afternoon,68.50127930252245
2.120545326929822,1,7.324930681408497,8,156.98350211235623,morning,100.0
29.151839762162876,4,7.668800618936351,9,28.12081515235842,night,69.13251231629246
20.820656070914442,5,5.2267808753268366,1,79.17435332288801,night,77.38875337184676
40.87688958501853,3,7.55358153454201,6,65.59563746575057,afternoon,59.620665611134704
69.18721708003753,1,8.33599594343631,9,63.923271850117764,morning,28.373850435226732
94.36027540131396,8,5.298668595195568,1,72.29846092813764,evening,40.05778386135738
99.4592398863686,2,5.71990670889242,9,111.40253074752167,night,8.22071410355534
9.121570590646467,2,4.179110695999038,10,139.08853574688723,morning,81.03908212707616
57.32284137358799,9,9.660349917661938,2,91.46091919705427,morning,63.709947946187846
33.89463610988855,3,7.255335649554112,7,148.20757558173588,afternoon,59.02697875937092
150.83880779277118,4,4.370445899784823,7,162.4414292728208,morning,12.587439437839187
314.1322999468463,3,9.5410521876386,6,43.07491494150116,afternoon,4.101633946491633
79.83390586792939,4,4.99411031373346,3,108.75844905467561,afternoon,46.461163824825256
38.19740906496553,3,8.762218109169622,7,125.79003517404708,afternoon,67.04320066375314
193.00127857291943,6,5.066948024542171,1,106.4430773369136,afternoon,13.53274179822023
10.927448956828666,5,6.851585795093833,8,99.50486300614277,evening,91.03620116281843
362.90406241496794,6,7.465896440553084,5,160.31509876922934,morning,5.845128496532249
23.051677871099002,8,8.879029120067042,8,140.89059904278542,morning,86.06617791223167
32.43931375301317,4,5.114423512843565,8,149.84443414732533,night,67.03162011476256
174.62905185239833,9,6.162373751160604,2,36.007246140855656,morning,21.833329935348775
160.2145565698239,1,6.310243759432275,5,26.271474438427493,night,0.0
27.708757122601554,9,4.798186933520004,9,94.4503660060588,afternoon,67.62102888054237
38.51396312290099,6,7.866011878333157,3,85.2618843525196,morning,74.31459171107011
568.7264169437244,2,7.222535871493606,6,108.32577589108955,evening,5.548640726885514
177.73735769624486,3,3.5996077471750136,1,111.27762379212264,morning,6.108941251915148
52.61990817725049,3,6.0968695553646866,2,123.83244474277352,night,49.24361361109553
31.94367692210472,4,4.898032055501293,8,120.649152738023,afternoon,62.113207266648494
25.334661236704775,1,9.958975528548173,2,71.70052621381863,evening,64.983919679634
157.40946290313735,3,3.4209963982054967,10,172.79629836591462,morning,13.323826727433485
22.42866878039494,9,3.6767351475270376,9,149.70709546318477,night,77.96657607672103
51.2464513782545,7,8.568149725528105,7,77.88370568758238,night,53.19503946074166
133.60756409128803,3,7.365099816019318,2,143.94333800968505,night,26.11716987190177
16.396480227468853,5,4.1151281443328624,4,61.53182051070586,afternoon,75.34654800351905
51.01680593972542,8,6.876615684986634,3,77.48685790262819,evening,53.01286398478569
342.48088486346654,1,6.609755993875485,3,143.66691264870607,evening,1.074657294550451
57.48499424005166,7,6.727368347915983,6,34.017268376835986,evening,50.14209950501503
43.60582435101441,8,5.257695844924906,3,39.49916754770648,afternoon,66.24567139275342
102.72606456604787,5,5.196093838358673,1,113.06299941766616,afternoon,34.97591075942276
212.1645004800285,3,6.517962535244097,9,150.2841304606466,morning,2.3465665531593074
3.1381055962575175,8,4.627859508557661,4,84.71698706759472,night,95.5562594960657
228.81894065576682,1,7.551407646787074,3,75.69834299705501,morning,3.1231144953124597
7.190868012457902,1,3.4044639269745662,8,60.550358200262615,evening,88.38766173475307
32.803034034857646,2,3.522408700359572,3,40.220285934712194,night,54.58784655296333
685.5455864159921,0,4.628518769938767,4,39.53794126259007,night,0.0
89.84970670554411,6,8.070222287736629,5,160.72271659087934,afternoon,35.229411766253904
89.46040820319277,5,8.79276526896812,5,75.80338925705723,morning,47.0764719717779
1.3311072025840636,1,3.936626153956421,5,13.262687059919637,evening,100.0
25.241324593473493,4,4.5064131041206625,5,151.83157221231048,morning,77.55192818787937
446.93460277714536,1,3.4523167589086032,4,73.13945650052392,morning,0.0
223.2229064879771,6,4.044664445651232,4,156.992266663871,night,17.34348693137913
160.4351853629749,7,8.674801495903864,4,156.12608937998078,afternoon,24.971346512013398
373.02696756267596,0,7.610845023452105,9,126.98290003471216,night,1.0366988050366084
9.539334685879941,0,8.88610105598146,10,53.019933576133376,night,82.52723114308972
129.22934828595146,5,7.456687775170451,1,21.330846895317293,night,20.75882068175727
256.9166180824557,4,8.162036381050399,1,85.35642486541511,night,5.1234018683764635
8.87075122428145,7,3.2489960692488387,4,135.3764211080312,afternoon,91.3398369612205
74.37577115530945,3,5.447922608220947,3,122.43300388197045,night,32.53855609058137
95.71857886040046,5,8.350608635552152,10,13.560643375255179,night,14.001375292470877
86.74807561025726,0,5.068113442341942,8,116.19280670522484,afternoon,1.3005923321700523
8.612303150846463,8,6.712114932744108,2,64.77663558558682,night,87.36807321091936
41.57675143651767,7,3.7976964430002202,5,166.4505208072993,night,63.639774733625394
16.449079437646194,0,9.496585482282349,7,26.151988828691792,night,68.88953089375211
67.89230720624772,9,7.290577077461679,6,56.54452227739811,night,46.82560081105264
261.5643697320662,7,9.946907803426292,10,148.71097962466493,evening,5.102258826757941
253.70250390416084,8,6.808116054279261,5,138.35712788686732,morning,2.542783795385869
6.643540112149541,5,8.272311351393821,9,169.3559713045102,morning,94.11693241462592
156.21108340144104,1,3.9221014141819333,4,149.02350607568067,evening,0.0
50.29602614070811,5,6.795660438442938,1,96.4212929757676,evening,60.07975156904494
13.436640489697462,6,7.822197114350635,7,108.1193731588835,morning,83.72552003238567
74.28894223996511,7,4.726752051651362,5,159.84663254475365,night,45.10885715074875
12.533725165331132,9,7.602922189446161,9,104.36444138138866,night,89.02530234589914
139.72568609374008,8,6.879585598924116,6,154.16812449223121,afternoon,30.868024633352945
4.313985277386505,0,3.0772212998372606,9,172.87249162029462,morning,90.02444258713516
221.39672896350308,5,9.136555332797403,5,31.201389674936383,evening,12.340356097088977
71.43768726124433,3,8.462798433030922,6,110.8175368117533,morning,42.011884126739204
58.85877560819248,0,7.117415868638734,4,96.71865112480029,evening,26.43163775933751
8.046261421281823,9,6.930392115716666,4,18.976673279649773,night,96.67456321723527
37.73582233514992,2,6.487789775844176,3,19.953657971476463,morning,61.52121174854792
164.4151922180461,9,7.95376654318641,4,97.93573959507358,night,16.331816239313774
159.59222693504037,0,3.6202030077573206,4,20.632178572552633,night,0.0
159.6637088291641,8,9.531793319404905,1,81.61216905999224,night,18.66844482079039
138.9695708060064,6,7.003105898590306,5,41.360963032718686,morning,21.75512412717123
467.34155480693966,2,3.1833769597244537,1,109.58772481522332,afternoon,0.8375040915362091
42.58271880958716,4,3.39295272391347,3,83.04165816561897,evening,47.43547448744495
56.76851908510937,4,6.366342005271488,5,87.89177074544175,morning,55.98177228720743
6.1352426000824085,6,6.475228066487098,1,142.6362207831174,night,100.0
174.04256387608623,5,4.576565915879428,9,137.73376462493775,night,5.651842042262239
39.87897773868406,9,4.975309522852401,7,51.98639584223997,night,60.47058081942831
185.64692020762473,9,4.903648082900417,6,82.91076940637656,morning,11.080941152674729
7.76423418127583,9,6.933949932267647,5,100.5115159867869,morning,92.86717827422315
177.33430039972467,5,9.298833419810908,2,134.51628441247527,evening,19.99052974977454
331.4167743502943,9,8.79507862725521,8,54.226824463548695,morning,6.224337339441513
81.86038972840662,4,4.795710437109735,3,133.27647368368952,morning,32.93075326288418
429.08893570897385,8,4.28110810964309,1,35.711960884938875,night,12.91930329221136
64.95210427741051,8,8.954312404887965,7,102.66793980431895,night,49.92934643718585
147.6524280722945,0,7.290301126033644,6,153.97618377505518,afternoon,5.169377850687614
21.750189314617973,1,7.649315401537922,9,123.73379734594842,afternoon,66.84964847829895
166.01199703436913,7,8.508790944423664,6,147.08861492958272,afternoon,25.791642888751795
458.34320264562683,2,8.503947395688233,7,158.26306900382102,afternoon,6.066548256071461
87.92286402288515,7,3.883776479548294,6,37.475367918598145,afternoon,27.42574419224854
32.742499968830494,8,6.921275808624383,10,104.85672559304878,afternoon,67.923750538293
287.9182259584417,0,5.7350985592952926,3,27.9305289926272,night,0.0
72.11122745316285,1,3.653855803827069,5,173.96103116313796,night,29.384387431568154
38.82889711575983,7,8.585399117311258,8,98.43238895276426,night,61.380660279664994
142.84749413956655,1,5.217331739472687,3,71.72712522778178,evening,6.631697167477677
24.433980032108607,4,8.128446642905828,5,84.85498112261932,afternoon,74.01481427828129
412.1303385733566,2,9.17691457885137,7,174.41152459405896,evening,0.0
154.99909549694578,1,4.161684267070495,6,176.5630178352687,evening,4.65934430840034
21.241889337922128,4,6.918289785468678,1,14.991907047406695,night,73.1425037736517
234.38110230822699,3,9.427455997359427,6,130.74127576596294,night,9.15405534029929
531.3992998268114,1,8.751458283973301,9,70.82570510532511,afternoon,0.6778198474488493
89.44277996753674,4,3.790602458878215,10,27.108371349000667,morning,18.96353803235981
65.39182794983539,1,5.435589881075167,2,137.30047728376212,morning,49.66344720306178
160.76095674798,2,3.2178091994215037,2,65.26768262338882,night,0.0
1.0,6,4.169924080298548,4,48.62052469399753,night,100.0
29.129613744038704,4,3.2323254819369835,5,79.41207826910669,night,61.591915741026995
334.26593350912486,0,8.362453435747117,3,20.045961313303057,evening,2.114280606004122
133.30610609040826,6,4.183567492491948,2,85.99944244709232,afternoon,21.868753894466963
30.8552997714853,4,6.8265375413145195,3,80.16939197522443,evening,69.36015348685851
5.151990996825769,7,3.1902251126359094,6,57.60634602358321,night,88.23649735791156
147.5921604448885,2,8.782273361666004,3,146.83415206304457,night,17.570342020183325
98.29554653661859,6,6.728731207330885,3,158.36815272624176,afternoon,39.255440619780174
29.576091494255312,4,6.7848893365143725,8,54.76368323804402,morning,67.23034961330202
43.01809138046333,4,5.08066465396032,9,18.184282116320084,night,41.715247877292754
251.70235527561024,1,7.674632782584846,6,161.69142468374088,evening,4.824275917707387
218.5318547889999,2,4.874436728418339,2,107.46938875798706,morning,17.158228632813913
7.890747858303781,3,4.541577109641206,1,135.38617734578054,morning,92.73944444489887
212.13243834268857,7,9.690771386045267,8,97.96587979835702,evening,14.500214396400747
10.294016808351545,5,6.042171726010983,9,67.93866896427392,night,96.24330231224297
119.73509516291118,3,8.521615847337518,3,50.363689623717065,evening,19.123644343523516
16.94525342302314,3,5.691579293513688,3,120.87812412273033,afternoon,80.40972209985912
495.02827031313535,7,7.438728219634319,6,161.55160265599616,afternoon,0.0
53.90241128513886,5,3.319541218516686,8,50.6056322683277,afternoon,34.86301958911767
113.23328701678992,3,4.448948049068988,6,155.20311960058572,morning,21.079853052438207
29.672188424091672,3,3.7561802789148397,10,88.68483235269461,morning,60.37935878610134
41.68995084439769,8,5.779105288660341,5,58.37559129969258,morning,78.08819935710667
14.502713384479549,2,9.15903874152812,7,158.61782919647987,morning,82.40930357510476
71.87076952629606,0,5.729106470590809,3,79.87358279514278,night,17.072868481946713
133.38291664271924,0,8.766532689549063,7,172.1856316894569,morning,9.23889579795858
139.22913185337126,1,7.657044713846386,1,87.56020652244214,afternoon,13.172983371459285
11.61895166835961,7,8.258246334658928,1,78.72075403951555,evening,92.61238027224465
132.52159666091012,8,7.525150630872249,3,110.92233450545153,afternoon,28.971383686547792
83.69564439336634,2,9.393008633033658,9,36.2346660981235,evening,22.839612413445163
279.2908939178129,5,8.803124127818437,8,149.40214695029053,morning,7.07674147614878
65.78888227724852,2,6.141971501722958,7,108.12398074487363,afternoon,35.07427260873509
203.61092574887263,5,8.919230540929348,6,154.8130102685711,night,3.9457778978931923
134.1231649326738,6,6.79774057972576,6,144.12747718653486,night,19.13168581388597
71.76735827653546,8,6.016896543593074,8,161.24084561298628,night,36.984859152815325
55.66778195671079,8,3.1919421698086037,1,99.38814180846504,afternoon,55.171047843834906
18.461267398332062,7,8.333347740926907,4,67.76070061569004,afternoon,77.53787418574315
124.55481096247287,2,5.384229166069042,1,27.21418548457702,night,6.770404155352329
29.491577906909793,5,6.178011348372804,4,38.45115463356675,afternoon,76.68228354727177
79.76808987227048,7,9.842164825932574,3,173.8829592100094,night,49.25851342438181
311.8561452855513,9,5.7680398759504,6,138.55631437153005,evening,3.083290025760741
80.29680788206872,9,9.300582281115364,5,172.50620092240428,morning,38.05669520444051
632.4369516976426,8,9.88809214247325,4,15.259399604328134,night,0.0
49.93225651565755,3,9.860762946896369,9,104.1309525108619,afternoon,51.02227305095315
218.82659028016457,2,5.116332745460456,3,40.119057296217136,morning,0.7008121836167054
50.30776781003877,4,9.764921701064852,7,102.62070178268176,morning,53.24495226043526
70.44788081314836,1,6.42228482254716,3,143.00601600821483,evening,36.433429940352184
254.7468000296156,7,5.280761822951149,8,115.51228157017928,morning,1.6834566856985274
229.71827059902444,4,6.801172087703643,3,32.50330443594532,evening,8.301688442322314
288.22848208783716,5,6.733706401357538,6,32.21089844998869,evening,0.0
137.01590916049193,8,9.139634067127322,6,35.295314798869654,evening,24.825263371027606
86.31489581415437,3,9.044832657601816,7,73.80608434633231,afternoon,47.47769301165269
69.84073070985221,8,5.535876609690138,1,157.14811475617387,afternoon,57.898503035295164
73.05215241867624,2,7.214818897483457,4,147.12018819546708,evening,38.248513339807744
230.86658290713433,0,7.481388180917366,1,161.82533488322053,evening,1.583247886031652
44.85837189190184,2,6.138233387585956,7,13.249736053059884,night,39.422761330215444
120.13823935811709,4,5.511008677919094,2,66.67924476704879,evening,29.31608000551866
28.393810948349827,8,8.553758100137435,3,179.6295454659363,night,83.75571219182586
8.583327898253486,7,9.559637199211563,9,140.23970857524967,night,84.03849041752339
144.49044641109566,7,5.793701316516062,2,23.20038689417286,night,21.672164552121934
119.98997670360785,1,3.0426212376788735,3,98.83802188724668,night,0.0
137.38965372428922,0,6.504369876492925,10,51.179307030176375,afternoon,0.0
31.735931007907144,6,5.809142169537985,7,167.96876911741515,afternoon,65.83906728061825
37.13702117449524,5,5.250469908735173,5,153.17922687847116,morning,66.55110134935823
111.00741909721152,4,5.912849996497647,9,30.896515339115886,morning,18.226336485035887
152.6665372317895,9,7.101053519174634,8,104.29174916596625,night,12.794541468918418
150.19174335234402,3,5.122358416227322,6,105.7591182621485,night,13.916630148498268
18.50071619571011,6,8.044586016981793,7,36.96610456948426,afternoon,82.291193792473
6.703651167109964,0,5.223107566827816,1,96.89195367032907,afternoon,82.78832117222102
150.64823562709574,5,7.9488354121900135,7,109.15530802821772,night,12.322864441356614
12.895845929255222,0,3.9095094717499093,9,153.26102336729434,night,57.653002587685606
101.78235640229924,1,9.243105013675143,3,164.69033445524664,night,27.589732379449753
14.79886491687984,6,6.4566982831985005,1,168.1290641245322,morning,89.85719305707505
146.0295771162149,9,3.9738109422376127,5,131.21782860783418,morning,19.041841099326334
16.656378124472006,3,7.917783510743648,9,27.9120367826456,evening,72.25845111000292
120.72607526990318,4,3.3373020867530734,5,94.75703591597056,evening,3.1488917827185148
73.43222364599987,1,7.440969017006085,3,72.86825351782002,night,31.497035495144377
235.04258882166042,1,6.864485552573645,4,154.55916019038222,night,7.20344959565257
157.34080629460868,5,4.510184754235179,7,113.31786078296284,afternoon,10.807395758750705
60.25053993200481,7,7.5614783233409355,2,135.3064135734487,afternoon,52.24947454839593
149.87930049993005,5,7.054226787623055,5,58.859631399148554,evening,25.31498079134226
131.9054940458271,0,3.7805854862489348,10,102.44697373726035,evening,0.0
2.3420222003852538,3,9.641921690817913,3,93.78697935606593,evening,91.88045558189985
48.10079873794577,5,4.866726376633843,9,173.79487095089002,night,57.07200208716978
72.81848025610658,0,6.649072333578973,10,155.712025175568,afternoon,8.124858692319693
2.051150407016064,8,3.8414506038440335,6,84.03629633027242,night,100.0
87.5675130686484,3,7.493019711987488,5,119.89798607844818,evening,30.535050584281827
253.68904155874702,2,3.165164752518704,8,143.1437302607664,morning,0.0
19.83135091350175,7,3.45986401268056,9,169.35433448793452,afternoon,73.63911849293761
79.41574614712404,6,7.701495970822209,4,172.82426616799467,morning,48.731410998111606
126.30733383673832,5,5.559765237829599,10,43.2916243028259,afternoon,5.912884160814437
271.69042434811166,8,8.469252990231135,3,34.98366062999564,morning,12.699476261239422
21.47812319656191,0,5.416345459459474,4,67.34782397289399,afternoon,58.308791391611834
76.1827364555873,8,7.829998161162604,10,35.04151752742496,morning,32.94925489876812
5.470477607689055,0,9.705538847397392,2,51.12185999919116,morning,91.70090277262567
357.2791953306782,4,7.346360131523957,6,139.34523856746426,afternoon,0.0
5.387125068018843,5,6.118791471193236,1,33.28984071912413,evening,100.0
189.08723238812908,5,3.7622531978672735,4,171.7430677615115,night,12.114139952232634
88.7129158707488,4,6.0589711996593465,3,39.936230126201096,afternoon,33.304396471237524
116.85235240739412,9,3.0993303457703703,3,134.46084316330248,morning,32.83873583646905
169.91654684690081,9,6.33830074527579,4,52.047853689244164,morning,18.99223922612681
73.55067667076707,0,4.138898206659961,8,139.80844170731734,morning,7.6802766502228135
1.0895476621085143,4,5.6388987934839605,10,146.80803073824814,morning,98.48479982762217
30.135153567661167,7,8.936294627210387,8,147.4068247245094,afternoon,71.68705043441616
78.67677055629669,9,9.309681676493545,6,77.63222633536668,evening,47.133447701825816
371.72380823607654,0,3.314379092969311,7,73.19309128839835,night,0.0
38.680762572670055,0,8.512843601011454,4,75.6749394229992,morning,46.53814040500131
53.28820942519843,3,8.930901674053015,1,42.57080077492038,morning,60.237628019726046
31.160475334416493,0,4.226552404740792,2,125.52348761276443,morning,55.7898472862225
360.59497350429115,4,8.034119278611982,8,108.61510189380728,evening,5.713952743638621
18.63216550586597,6,9.258660117732756,7,153.7944235781945,morning,81.20212878804706
65.25310721969927,3,8.762125814962015,4,94.58177486483737,night,43.10344949278285
42.06519782400251,6,3.229667368900259,9,71.94022053279944,afternoon,48.28439306880199
339.1886751940255,4,6.220016769065593,8,150.546950564462,evening,7.269270404980249
176.94836796711144,9,8.773514993944506,2,158.9001241978997,evening,17.82956799153112
5.575957433871028,3,5.976597298063858,5,76.610073758195,morning,96.48690202477115
6.74202829877963,9,4.40392175751088,7,61.713782338167746,morning,79.69781753697337
69.03984179345288,2,3.363306605111163,4,174.3637349658785,afternoon,39.25042778922956
64.53098963623046,6,7.267417081598314,5,131.14562662674717,evening,57.578564933530025
38.00200121124856,8,5.596587057104356,6,78.97769866456036,night,61.03422402324086
107.17860279599496,0,5.66482776812606,7,102.56448304765706,afternoon,11.594285293334256
2.5065614859918535,1,8.464422021978901,9,55.70394621698337,night,86.93677394492725
150.38971922265108,4,6.9206418821037685,1,97.35525891515051,morning,26.3165811610567
22.661987430392763,0,9.530474037987705,8,37.034250635844415,evening,53.6170966692574
304.58856908544453,6,3.875876799992229,9,56.59217018817247,evening,9.817542516360703
6.394840713548947,8,5.417393665714215,6,123.07485302052892,morning,95.74657065748585
155.81897081042572,6,6.845168400360728,1,74.68801067788208,evening,25.445323984271838
84.78987927383842,3,5.690485269668944,3,142.96911472551184,evening,35.2283139068139
32.14136172584483,2,7.94335228074351,1,174.39599679354484,evening,72.63357965483632
67.3692358037609,4,8.02917763125785,6,30.143700990628098,night,41.606852969835884
60.611783220333514,9,8.66152989194477,4,116.25496163448497,afternoon,65.7096738419799
246.1389124440372,2,6.5106082303581365,8,52.57954279472482,night,1.0664447150488465
34.124120241816996,7,3.362850593838103,1,13.365261919033244,morning,68.10122138265491
43.968355743535426,0,9.544961022871359,5,134.55883860034766,afternoon,39.82172147696174
52.77972590460535,1,6.029368157194838,3,125.18196073560078,evening,47.31694823573904
6.989964458867771,6,9.611140078860124,4,124.15145527342517,evening,95.02150794541492
184.60419830823207,7,9.932532473988603,8,56.974248439195115,afternoon,12.920969554909831
295.43347942976874,7,3.4725178267867536,10,40.491995942075775,afternoon,2.8208015823619057
97.29539155273923,1,7.931880996192117,9,44.754897571422966,morning,15.69281688227811
60.82249817209511,2,4.437330570947599,9,135.82743268944873,afternoon,36.69615064098164
415.07442831675786,6,3.538856269454764,6,21.616797823752712,morning,0.0
11.590161158496812,2,7.365541448031863,2,55.45834473578202,afternoon,81.89296483271326
99.52001479466936,8,7.946409089150967,6,63.19425701632019,night,41.592637136014424
34.44577150900599,1,9.06266943528184,1,29.901227042108673,morning,67.23634227101492
27.17277246599905,5,7.376433386713096,9,18.583120550109346,morning,70.66482610336719
1.8617548157297967,3,9.553869975892534,9,86.54322184429135,morning,100.0
115.2444823496436,5,9.839048681072605,1,94.66686681966773,evening,31.065600338483232
68.21092281900826,2,9.230399178256768,5,165.47327285425501,night,44.44229356308139
86.27153938755636,9,9.973836005674137,1,102.96891419892758,morning,53.07525945885597
33.252122763168195,3,4.428172660170051,7,43.87595719935614,evening,55.07509961107823
1.9127470464941343,1,3.43768407019992,2,134.56469071364808,afternoon,95.65678298785699
109.08676661043425,1,5.605402742776535,7,152.54361175331422,afternoon,12.994713061892808
39.97254971272364,7,4.401974125073381,10,97.31387791253518,evening,44.47958889464785
160.6914638848081,7,3.4792110353350463,10,82.67426056064906,morning,15.479961907243284
37.576973830303665,0,9.267422624072186,9,15.95134551715696,evening,40.79274652275756
72.69229757055582,9,4.738685261202453,6,82.69222672956734,night,36.64613178743344
183.89020181089816,1,8.773202661429053,6,143.46661139627028,afternoon,7.789293902893394
2.658839038736327,3,7.1316286140562495,7,19.549933149064632,afternoon,100.0
1.3870826561412954,8,4.821656185896606,6,29.019704813351055,morning,93.32939385537895
8.771976792080602,9,9.597719152640817,2,159.88740401339638,morning,92.40144591155115
196.6915275110791,0,5.168648127257283,8,104.07463193717709,morning,6.581396521764126
52.97198855007093,9,8.799889185342568,9,150.77986093107828,afternoon,53.68055690387988
84.53753469250321,6,4.62248513202545,1,27.436553639210267,morning,32.932704593296194
9.698462089235651,2,5.442230525292765,9,155.9988510985863,afternoon,83.09671441165322
74.35270009601632,8,3.0927572345273737,9,37.26211904035634,morning,38.25581537208308
63.53856437408785,3,4.607187125277781,7,83.03346066250177,evening,36.05983202412343
21.11725042089059,0,5.4166096756898074,10,159.88262199656117,afternoon,55.91223957865354
52.48510495213125,2,4.556529133237192,9,46.022036174818545,evening,23.439176663797
29.74675553664276,7,7.314103401480068,9,80.68176759896473,afternoon,67.73357427090284
246.18967881545137,2,7.8750086492527505,10,39.18796430992643,afternoon,3.818636063565355
102.79558061970361,0,6.469926251623237,7,34.283134018436414,afternoon,0.0
86.16282748607911,4,8.353606807214941,3,44.73378517782495,morning,45.42696938300708
134.22588352583497,2,6.92474806457265,5,47.72307833334339,afternoon,15.364908684058777
35.04657563063934,8,8.119215637923073,9,101.06162188908836,morning,74.77560007825468
27.293807736509905,2,4.998561460829581,7,86.71999921497334,evening,60.95011051063091
206.17564854020938,8,9.17791913740643,3,12.272506154097258,afternoon,19.97903704322471
278.45815481997204,1,3.468815284176901,6,91.47421528547137,evening,0.0
93.64371827245627,3,8.93549518634344,4,120.21406126685625,morning,41.44577798199629
543.5825258988423,3,9.980276477320654,10,64.59756594811209,evening,0.0
8.708936319496065,7,3.4809957440677266,4,88.92054835566823,night,89.11578384556752
317.89748135735107,1,7.631790018798996,1,73.45099658446975,evening,0.0
195.8600994589686,7,6.8389341409549385,9,108.77256587376861,morning,17.962264623312247
167.19682330884518,6,7.742313903764311,4,33.85516809289755,morning,19.651047761188348
27.8685182754033,6,7.637387628591258,6,137.49622573685204,morning,78.74588179716248
68.12204291013079,9,9.22389546758007,5,102.07989109684918,afternoon,47.18347086253985
20.420132802065144,9,5.904798507800548,6,75.65603877889521,night,74.00324987661143
29.035233239105995,9,6.549417527171028,1,109.39357532819021,afternoon,73.61281634523972
57.90721879317923,9,6.155433987204547,1,56.23082670113629,afternoon,69.36398208489672
165.51006629009018,0,6.70107093368905,5,128.08896301193374,morning,6.17264757742379
127.60415489493462,6,4.8524451884775015,7,142.0543821792286,evening,24.06450382775145
24.949575879832018,3,8.415637954269659,4,72.61902634503971,night,77.45948095112419
29.3901000740446,4,4.817035144925344,6,80.59096529678688,night,66.46931946784507
4.771122201665515,1,8.486406723120744,9,162.64626178280318,evening,84.39131361934012
86.63524838811162,6,9.973103714491451,6,26.035662469477415,night,40.44900604241863
8.354928870876131,3,9.321656095135769,10,10.972158831334179,evening,79.53404273489518
33.16894156759165,0,9.728115909971155,5,143.23550268279018,evening,50.97786644792264
17.07677293310271,9,6.943767454988481,5,156.9536519676219,afternoon,90.76922752954223
59.43239073524251,3,9.93475409946036,3,85.189946926693,afternoon,55.305721863240926
101.13262972225272,6,9.49727468679766,2,68.12389727793335,morning,35.659036595745384
120.3109699756965,4,9.969417766492185,2,120.41651805026605,morning,37.414992641111766
84.14243282181796,1,5.537019258310804,6,73.43084513180521,evening,18.18313780277384
310.9075641510869,4,3.380735239656178,9,120.26862265069865,afternoon,8.646985100244464
199.4511739714541,0,4.255492072024687,6,87.37923859472158,evening,1.869919705207587
72.37726950805259,1,3.1340140759778565,1,113.64856227594471,evening,19.069174471274962
138.88908751412723,5,6.751545551964828,8,172.1009666347565,morning,10.335173039188232
20.024494615276538,4,8.836543656431791,2,166.62227707620582,afternoon,80.74581859285254
108.19272398379147,3,3.2222063576109203,8,49.2350911675104,morning,14.859663684149867
112.0267580175631,3,4.724002131673721,7,95.26786898605123,evening,15.988325281776005
160.46671902835686,7,9.192083050448314,9,179.53044298361246,night,19.26156022254408
29.236302362284675,0,7.358413735190607,7,115.22856599875999,evening,45.74460266295073
444.32398279169627,0,7.685160264133154,10,169.454089343762,evening,0.0
96.32254021280372,1,3.497244223308015,10,48.9921820964043,night,1.248851813691552
90.57239762439234,4,8.315047548429316,8,29.453358164100955,night,23.227456600791225
39.148875933862506,7,4.450910853473673,8,47.35015436653807,night,54.446414191867085
52.6800983005398,3,4.4735485776574,6,162.70047087204998,afternoon,44.79163603390555
50.343755336107094,7,4.084477178004098,7,26.759097593810097,evening,51.42949367348949
195.43747898077544,4,6.349472813791733,10,95.93648926627687,afternoon,0.0
44.8218854394785,6,3.5759062699394333,7,177.31986486985377,afternoon,50.88697484674405
154.92075326314043,1,7.670486360359267,8,122.91429122220356,afternoon,0.0
45.20354112787969,6,8.880756549074398,1,140.07725589885027,night,60.753515582363576
80.65849907279708,8,6.447983495273084,6,152.4991715839061,evening,40.958346074779
14.933202828138766,1,3.8626280300142737,7,87.17828490394884,morning,77.11077920738751
264.7462127274632,0,4.228441391669501,3,135.16076772275164,night,0.252654513338581
80.71301703774384,5,4.608787080583329,7,168.49486889890917,morning,32.96419202023107
101.52151910850755,4,4.950501441805255,3,41.08242257769891,afternoon,29.068575962142116
280.2015635113971,5,9.789485677416337,8,73.09881772332034,afternoon,10.580699994347075
54.94827748184021,0,8.106246388821646,5,39.770933822160046,morning,28.393979817123018
3.06735231093913,4,9.118502413136296,7,110.1186227407459,night,99.09348663539704
166.4829578783757,5,4.857590781213828,1,69.70729584929275,morning,23.234794416479673
41.7681539052828,7,9.445177552398448,7,59.54835529394496,night,67.43782197642038
114.62052018230169,5,6.009896498847418,1,129.69415612462763,morning,38.053459238923516
176.0739268167328,1,4.1949585431873615,5,139.6918670442419,night,3.5455465026146955
114.5816917128856,8,6.278311301536695,5,18.54131166990696,night,14.432147592535381
39.1658798212991,8,6.067250292738412,6,179.38770992543942,night,65.5884550336444
32.53495783246479,0,8.413667334475747,9,113.41431500132119,night,37.664293442770976
306.69227130849123,0,7.275395114795271,10,76.65590807377735,evening,9.563655298134577
28.40543993726987,9,7.74175190922211,5,151.9612107273534,night,80.53114010914096
58.78999343598764,1,5.226347007856431,3,99.20505840244347,morning,37.30739763534718
41.52490391461151,4,9.730446272018785,8,168.64486491908207,night,53.86024468879113
109.14535070813874,5,7.749499778048465,6,60.261272074122495,afternoon,23.99497519056794
39.69013110824206,9,6.189334095060762,10,131.72849545116458,morning,69.1689377632323
51.12042598643338,2,5.183156050346076,3,34.18339076205862,night,34.339065012489435
50.47920258872778,7,6.787020292493637,8,169.6293917546162,afternoon,55.838305995270474
316.786265052489,8,4.679925547089702,8,111.18618180156871,night,0.0
293.3430276914464,2,4.726610310637845,6,122.52531754829197,afternoon,0.0
125.13016399154408,7,7.045237788858619,3,60.02534522830943,evening,23.203822485818165
61.78129431361794,1,9.268939936922871,7,60.162299374932594,night,42.82674023744528
140.95135705805785,0,6.080406325565791,2,41.38751774905276,afternoon,9.45204230923325
207.45054308126666,4,8.14448093176426,1,29.87700103931655,morning,13.425287033547274
81.46661875710322,9,3.9596262065512953,9,37.948939943409385,morning,26.01742114932145
5.556588415155582,6,7.610629484578369,2,27.995050099244505,evening,88.28006221240231
100.3327588826881,6,7.897829363410959,8,77.91819337977891,morning,36.88524276738532
12.475007474878984,4,6.247871887168212,8,25.668552940313493,afternoon,79.05870154775604
29.00210780594389,8,9.269885742395607,2,135.60733511261554,night,82.83789660903474
30.287376610791807,6,4.207667138624535,8,60.38079429725902,morning,67.82062026490084
33.92241411976924,9,8.554994581771611,7,174.85301757565608,morning,70.79394738034905
14.755247765984457,8,7.844078791626583,7,47.10417835793401,morning,83.61867918289227
114.22091830289261,0,3.965196885492073,10,71.06548698705735,morning,0.0
271.4701628522603,7,4.108127300739301,1,65.79051207559404,afternoon,6.478826469544286
20.35742589407783,5,6.266851846190859,6,106.16698926397098,afternoon,84.70089660574493
208.21619905813878,0,4.930301831088968,8,168.53432933128306,afternoon,0.0
136.43217085339637,9,7.787065162847402,9,112.28596788311035,evening,10.721225284761337
21.09664889439249,1,9.798056351578001,1,167.77731203666372,afternoon,75.89079223939153
8.50870792035805,6,6.586102428209564,3,23.05651821345166,evening,94.43936654665951
337.9762289736972,7,5.237564387044438,1,162.87426101719723,afternoon,0.0
13.429071604243319,3,5.892207620454037,10,101.423098906034,morning,80.24421012885804
24.07471745253506,3,5.93428013131485,2,104.69688725675597,afternoon,72.04076545013359
45.87336765023336,8,5.191351015442028,2,160.65090126198868,night,52.269176856662696
45.67866787623731,2,3.6396187340228643,6,100.31998311965843,morning,43.218057628625644
182.22222679054403,6,8.120475248301974,7,151.59805164761877,afternoon,16.296060271966947
83.29227218933458,9,8.909486277003001,8,103.07015327659417,morning,43.41027651612123
44.261551174677976,3,4.50643135813235,8,16.675800421080893,evening,43.290937456028175
143.16200958044487,3,4.637278520305424,3,68.78703672977224,afternoon,18.647326712058245
206.06069610673455,2,9.627293712845685,4,74.98288283616793,evening,8.59464916126407
129.2829264965774,0,6.016887313445754,9,43.676237842449225,afternoon,0.0
116.98274430648452,4,5.150514919148897,7,80.922881155978,night,17.88629888087405
70.06182327487929,9,9.28575252793452,9,127.36897272488224,afternoon,45.13409760342246
12.6760081762496,8,3.3667390691640287,3,112.41640513431992,afternoon,87.05868374809532
212.74144462074688,5,9.82283417233986,7,54.967686678102496,afternoon,9.464168478010283
243.36727597526607,8,5.937391679647672,6,46.32868406695583,night,0.0
3.4885106015528518,9,9.627292246215923,9,143.8532328853764,evening,100.0
34.18206759176899,9,7.1184655468820734,4,175.5460702707154,afternoon,73.84195459917264
100.18510109898477,7,9.329703039852955,7,103.47765567195489,night,31.72908897815415
11.739489731176326,0,4.55247384734623,1,48.43344207179565,morning,70.1889922540298
39.37815679875794,9,7.639573919468051,4,93.73101472142918,morning,74.48627827769603
156.0268725016109,3,7.856638898771882,4,37.432450926025126,afternoon,10.941125705564087
290.0285020142717,3,8.137337639013086,4,79.31168101308829,night,0.0
136.61862397861816,4,8.791495883783018,3,128.51782766345667,morning,20.43136641086573
44.860608596126106,8,4.6099562777426835,3,120.17785587080097,night,55.713156817783954
133.90951317815302,8,3.9877531581494576,4,27.9505628160288,morning,23.661250767640222
53.64345502747124,9,3.244574724841919,2,15.10362646534222,morning,51.480843394273826
20.380987963752194,6,3.8209610346031155,10,144.94907766436674,night,73.14778233729649
121.90080469403506,4,8.376038047192466,4,85.89512670541329,afternoon,35.099800511341336
48.108304050199116,0,6.504976480856699,7,168.85361658808503,evening,26.6865381713227
12.582812148374156,6,3.1134027813762706,2,53.10929988938276,morning,84.46931422254515
264.7785282582073,0,7.564651433171554,5,140.11177185586692,afternoon,1.9524358079970923
7.553688820476856,7,3.6529001274471895,3,65.13599414975806,afternoon,100.0
264.412005249469,5,7.2220508408606285,2,107.81105943194676,afternoon,2.2505346876077814
2.2268721687138866,9,7.8464801430809,8,65.04932773341335,night,95.82221930083274
164.9610233227621,9,4.757560725656174,6,32.26553630900959,afternoon,15.84832930757846
14.448887462420279,1,4.284166808051605,9,167.90612347374616,night,65.78333853708789
16.214055839306265,9,3.0957769033247677,9,53.960570492913284,night,85.93449018887283
134.07932827607968,3,4.222530301274307,2,122.85016072496327,afternoon,18.169194929234425
60.876654332732365,4,7.038168409178459,7,95.04735098531926,afternoon,52.65350888967704
16.365145511223396,1,9.420876466043765,6,34.357847979448984,night,76.1201671811041
571.4689649614131,5,6.678292151491252,4,112.93181258941071,night,6.063754757676083
350.0852069170967,2,4.775448888598268,5,122.51187946937969,night,6.120067857898271
16.404895531172944,6,3.113704102466176,6,126.38645302504428,morning,84.91413773742137
50.35941528028011,0,8.820628331785565,2,64.1045470355734,evening,50.856162956196144
61.705204710996,7,5.01776104017158,1,12.317784063989649,evening,43.30742511504771
1.5577637141802465,6,8.70693431763392,4,106.17664160425917,morning,94.77345292313899
96.6536652342371,8,5.6882984687377025,2,113.21299775020807,night,35.454243765738944
78.48210981229855,6,3.5672702732553976,7,177.8471469585228,night,28.03190242733836
62.24782830771269,5,9.115329701160508,3,161.52409508125078,evening,53.01905963607452
43.789733894419776,0,6.42325042715334,4,125.97258717336679,morning,47.57439065468729
142.35707700961098,0,7.42677379525856,3,123.3249044294933,night,11.311940731791914
168.0336180670815,3,5.981563959268576,3,134.1423622200271,morning,19.987322164154985
181.8852213972249,8,4.991789699738536,4,93.6492631950081,morning,13.840631722647027
16.099190570389737,9,6.664945056708991,3,91.34348191822215,evening,87.89210951147683
39.061884922681536,8,3.602225099230602,3,151.51092117974295,evening,71.9991616426125
31.94817298633555,9,5.069655274901334,6,98.94621934504873,evening,81.62792524076178
140.27531698811907,3,5.154396337052043,10,36.16631666309385,evening,7.498182050449963
157.218580105547,7,3.5224690175560016,7,89.25087049168468,morning,20.40224619522087
144.64958060145665,5,6.895252461441754,3,164.92766231336722,afternoon,25.171159541397834
443.53254375086937,5,5.12112254887421,4,124.86269337520241,evening,1.4425884876453474
320.2176780036169,6,6.179285639156943,6,103.58020210749989,morning,4.087854417692099
418.10440497218354,9,8.71038583244575,3,23.04288056499049,afternoon,0.0
21.19743662320131,0,3.74436108143759,4,78.11970836185932,evening,52.883976410637494
1.0,4,6.094233946517864,4,77.48115539882978,night,98.58024577307137
201.66267732105734,9,8.113447342376096,1,172.27620790599784,morning,17.613531338530137
89.39815950370543,1,5.8102324536233025,4,60.55146032244029,night,14.454908290965506
59.65882627928174,1,3.2666041041952347,4,45.5012590340803,afternoon,23.200243186717355
14.860669971066496,7,8.621083170684244,2,100.0949579736415,evening,86.17772715229002
100.12397676895243,8,5.774188378487544,3,35.74573872901074,evening,40.895260036297486
88.9956678606742,9,6.289407604235167,9,150.83457405962844,afternoon,30.16938064566277
45.40218995884415,1,7.410651888031644,4,143.1898252083755,morning,56.89779084636642
46.82775440789563,9,9.79658174723233,6,132.7512309146435,night,59.90199189214143
194.14740471450568,2,6.613983094383718,5,11.783918993790556,afternoon,10.878557094490766
360.77350546873225,6,9.87764890579227,5,12.194228756768636,morning,2.061352200193347
39.47629310239088,4,6.078989477996844,4,14.09873287947336,night,57.2793557514299
279.22936234010376,5,4.5143294434157895,1,152.01333014832184,evening,2.160388995949753
206.10130874459253,3,4.395881184309745,4,70.02749111952622,morning,5.720651061751027
70.73806212819622,4,5.898987477509664,7,112.86521815189153,night,40.818867959742455
1.7321502041789243,0,7.001253546380607,6,20.12980655003443,evening,91.14448775174617
217.85537576469585,6,5.616656762069017,7,85.11172981633229,evening,11.044121755152954
18.5126053222538,9,4.4160576441074255,3,18.695534955467597,evening,79.12766537690884
25.904835320560313,3,3.051339055853262,3,22.096465409244658,evening,67.5212498103208
88.18870467861554,2,9.146234589911199,5,18.27812422798806,evening,31.313703476711254
279.67345021085646,0,7.519005269991996,1,66.1665505231548,night,3.070162723078038
221.5448978131049,7,6.160959106239026,2,38.88080244723974,morning,14.122200531378667
136.94160740796318,3,5.506978015704011,6,126.3334223173086,evening,18.334128445964073
5.773444176501556,1,7.706728689590931,9,19.42070103518155,night,84.77707047102712
64.42811815084474,3,7.057333680596956,4,40.10398341753927,afternoon,30.47259122624129
5.077283352569155,9,7.195518075295159,8,63.61183635523997,afternoon,88.18674121051208
6.278400913998485,1,8.582598317075401,2,109.90849310888281,morning,92.44755354848938
77.34338609489654,1,7.394217904281355,7,143.01238807617392,evening,33.183322415558656
391.213145515613,7,5.795328061394558,3,135.7460926197284,afternoon,0.0
23.94470583485232,5,4.3634144838105815,7,56.350610043122394,night,75.11968528280842
195.65828352402573,0,9.70037874463464,3,33.79785404269968,evening,3.968318092554311
73.86338435065652,5,5.819176393227815,7,106.65388345278406,afternoon,41.81991258844643
60.50192172297435,7,4.1111573436201665,7,107.20418370911668,afternoon,43.078926954040256
285.07284898833336,8,5.863596040444134,6,70.4246873518905,night,8.158316477426649
106.705313861515,1,7.029154000480574,1,121.50356322672792,evening,29.229549703950198
96.7503203384613,1,3.4840749740295087,8,53.2718922966824,evening,7.210197110369075
36.32126191370855,8,8.213157094804469,9,145.36141360758583,afternoon,75.87259922192608
86.38208788946366,0,3.932274879672664,5,165.03312931393765,night,8.713680290550597
40.79238801994614,1,5.908598441434462,9,51.238305232550275,afternoon,50.353078426426144
2.9085165611100434,1,9.590319662542457,7,107.55460165575454,morning,97.14566839635556
95.96278886279045,7,6.6496391503161885,1,43.370031392881394,morning,36.49435337062073
81.86988383276194,1,9.234609188232897,2,116.58463386988181,evening,43.79229582556101
293.07886858440725,0,5.291946711134136,1,55.69559455513369,night,0.0
187.67329641814143,1,5.144908145457254,6,110.2410941757631,afternoon,0.0
11.025974358361806,9,8.408696916897167,9,46.37909537871331,night,89.03801470615049
1.7660111192241819,8,7.233876005538068,4,120.39439944022581,morning,92.82977562739767
37.10917289364316,2,6.90183475019931,5,87.94815557179261,night,52.20787167080592
197.85495579500517,1,8.71255329640346,4,179.48140095998383,afternoon,5.8265290628705255
122.09546565549273,8,3.9634081407885295,3,163.54801664860025,afternoon,27.346185888234945
235.17459723699014,7,5.913839464815352,5,50.64128529275504,night,6.0645015831020315
136.91204726178165,6,7.342598764866047,7,24.23323943370923,morning,16.680327277614776
43.38278022096993,2,9.204017515190024,9,35.82064929722715,night,42.48776019147323
133.66253280570396,9,7.025424014211703,10,133.43891408858826,evening,20.708087790377526
44.9090710776063,1,4.446067113552466,4,136.68650625744186,evening,49.12060467772802
200.60714710823243,8,5.591625299792037,9,65.03424035377202,evening,7.823792999872971
224.59314766790067,0,7.604013030931674,4,74.03499487300861,evening,1.6005635596387737
37.34115407882118,2,4.739778746491982,4,92.55996710682712,morning,58.984291936049075
43.22453712896854,6,9.000616561588537,2,56.52873780532307,afternoon,68.48514450757023
137.68859531486783,8,3.3764061816338837,8,49.31758781371243,evening,14.759135438472452
15.333587716070637,1,3.445793372517617,6,10.873736689545252,evening,61.47389783013426
130.2765642791873,7,9.098761391790568,6,155.94609727376425,morning,32.17417132031619
517.1702010811349,7,7.744062688409243,4,116.24655722392599,evening,0.0
226.9349750097846,6,4.17795011955399,10,103.31463737881218,afternoon,12.633966284224115
61.658238832813026,4,6.577795469426504,1,88.35271749511892,morning,52.64416413325846
75.91171569007159,0,5.12969304679037,4,29.14037930996306,afternoon,13.574657823749314
43.886055078059385,1,3.330376911881653,6,69.46533050729063,afternoon,28.798129517100556
34.328690434732174,8,3.9260156335572676,8,76.83070569520346,night,66.18116777167936
647.7540471243404,3,6.809801359106755,1,19.547541683563228,evening,0.0
88.21233741464067,5,6.238154829736072,7,95.93853459299335,morning,28.762629011593262
64.51402701790948,7,5.777285395188706,2,22.471891468132455,afternoon,50.29966862265508
75.72900787793937,4,8.723363648131404,5,149.44306422063124,afternoon,50.90241478249294
134.33615992128682,0,4.938089786444086,7,137.8594365584857,morning,8.740932591806581
44.80129957996607,8,6.046835957595877,4,10.279438709116446,evening,63.399498427065076
6.754505000163838,7,6.350934005758658,10,47.33793786107673,morning,95.16803338919468
39.652876605348915,1,4.174702169522201,6,134.58606184641127,morning,62.43719151195134
154.49522103374636,0,4.622889042003085,1,30.25391423932819,night,0.8627414482925797
163.52273792617402,0,8.031026792835416,9,137.39443284310653,night,0.7216199128677823
620.7143455669682,1,3.3768136743592136,10,56.6661344962033,morning,6.264213663369524
50.088330449620045,4,7.805597601302768,10,159.1668615225387,afternoon,50.31922617278069
241.22180953943067,2,3.222057442712218,2,88.32471204108455,evening,0.0
99.18205867504486,5,4.740234192293144,1,160.70542952912342,morning,42.21029987697837
233.83537123031326,4,6.742626461528667,9,11.18698451965918,night,0.0
67.0665127112419,8,5.039527509864211,3,71.75637538781292,morning,51.69524729197421
250.40487279546412,3,8.65505951978787,3,66.12651155365275,afternoon,3.894348144936001
148.09024564723492,9,5.0864634081900295,7,37.928763356309574,afternoon,21.648466118198055
296.95805104043967,2,7.444346614072139,3,65.46796576672091,afternoon,3.1068211300937603
9.726533866473897,2,6.335685295825661,5,156.1397087099431,night,93.37924895689898
69.59345076834492,5,3.092601690337058,1,152.19155690755872,night,43.362842380077424
40.11990496788261,1,5.639377517011892,4,138.2712757034183,night,51.209263050609096
20.9052310246429,2,7.906547555125995,2,62.75244195777308,morning,80.67171643497959
63.56107430641879,0,4.090412824061191,5,78.25459379602897,evening,17.27799144197828
56.85502541812121,0,3.278680076120277,10,45.68259702965922,evening,0.0
5.286780006290674,6,5.74552455403478,9,130.0125602186012,afternoon,95.616642817425
173.02488786585934,0,6.55699203065636,6,74.87480484855294,afternoon,9.000105229595544
118.84622008807735,1,6.151977386820681,9,166.0000372437537,evening,8.513984888920117
209.80325904795313,1,9.468510921919782,9,66.91413712141545,afternoon,5.371002833864102
115.84764745882248,9,7.175269527894806,4,103.82918138027931,night,33.280666850067014
17.024783022958957,9,9.77419977383601,10,105.94721465762824,night,91.60107154499735
54.02449379340121,0,4.352120058859029,2,90.3276252793295,evening,31.173369589730427
13.965602795646934,6,5.89175178409001,9,126.25792123453543,afternoon,84.58430380930689
230.61424187341146,8,7.2686893308368195,5,75.7572311488196,morning,6.872133113903603
94.62433350645372,7,6.807811778994773,8,164.84046499667357,afternoon,28.541525837220856
200.76597891891734,3,9.482416918727859,5,106.96961353861907,afternoon,8.051066246849807
27.649545625937527,4,6.826740854281182,7,58.00254623725156,afternoon,62.318117193376665
21.815631467667504,4,7.195610950103904,1,73.25398334369231,morning,81.07913701902478
14.647417543650345,3,9.664437126473018,4,109.13172998698778,evening,84.17637346484442
30.89381617560634,2,3.609765026230038,10,82.04092038825698,afternoon,40.46679039724148
36.4169098261846,0,6.113967029792786,5,42.357285766158085,morning,40.26614474474113
172.3462120900667,0,5.185343186504715,3,83.72803632446461,evening,5.752638768849167
214.7263968631196,7,8.55754593416296,5,112.23529201705577,afternoon,16.806088530397677
223.75031929419572,0,3.358844214231987,10,20.626180056769837,night,3.10760924307945
71.81691225885312,6,5.498877006280647,4,41.69136682517568,morning,42.65584527655081
108.88981481295761,0,8.240260960072828,4,46.725344866822276,night,6.875609250885567
90.9496362493818,9,9.699943827778572,1,162.65238675145326,night,59.61724430428742
136.98451920789535,9,6.576795201315434,4,19.142933910154245,afternoon,26.988031662389442
454.16135675054807,6,5.713866083873047,2,36.03456501427255,evening,0.5587725068046099
144.8235167558492,3,5.928037777654401,3,68.0789891574023,morning,20.79183993378354
87.00027750821721,3,3.8356670793673775,4,148.67671470644055,afternoon,25.669560292252836
97.29589262321103,2,5.380030702419245,5,24.98285326603755,night,13.083235849923021
52.82413266106755,4,4.2727235698613715,3,38.134961692821456,evening,46.58793804102204
18.17511450436428,5,4.482221034366937,5,137.1627330388984,morning,82.20839309601804
98.44804862841761,7,9.500178170714468,3,62.0655407907845,evening,41.9237401855811
89.98844834431864,1,3.369786804553054,10,27.2345732198768,evening,2.940133620900381
43.27767506850923,2,6.375918000570804,7,112.09914348781312,morning,58.34017012459052
274.35259627882874,1,8.09341796389782,2,30.640533935845262,afternoon,6.9070565718516
107.49535696608825,7,5.298698497316238,9,112.4197589777353,morning,19.351759645267965
17.593346617909408,3,4.382891339749348,4,53.77142594443322,night,72.47202232614697
10.655324728127558,5,8.249675772616854,6,104.88910126137492,afternoon,81.58079552388372
154.78563130835735,5,3.2569906043814667,6,67.17497702595671,evening,6.115523198797908
5.015439213327055,5,6.869704130028444,2,20.72808274964286,evening,100.0
32.39831440895512,7,6.3277009874883765,2,22.732293140337234,morning,73.71982545086345
73.23725765280372,9,4.364707900490414,9,140.6870123316272,night,39.16403360506898
188.38892906228423,8,3.3692076651355216,7,30.055322216770467,night,7.98816361159625
95.16084472892642,0,8.907954303594174,2,27.09566445418554,morning,18.56585024488018
103.42002173844509,5,7.576507257871231,8,114.92732910905788,afternoon,26.796644476604147
54.83595585711483,9,5.829691494749274,1,174.2666306171916,afternoon,65.62665912588656
40.18967838603155,8,4.9964406187628985,3,126.4796672572227,afternoon,80.76440929063446
78.93762141069351,6,4.856459758977804,1,26.25891832403171,afternoon,41.22790886524149
292.7472152518284,4,4.152194915897023,6,52.45651046899039,morning,0.0
29.864465256054594,7,6.914526922379207,10,137.80103390610628,afternoon,77.18340324220645
9.968634459581335,4,5.758631069421522,10,107.86309300956134,night,76.87666976096092
4.302021630364966,8,5.84491575601813,5,101.3478844633408,evening,96.78157441900365
16.8892310209108,1,8.91479597548071,8,164.5005046118666,night,79.75015030170056
61.774626040125476,2,5.106764237421352,4,138.59668495811502,morning,46.797265272768215
346.33677785278013,6,5.283191778897775,1,177.39126119044272,night,0.0
27.681476350720963,3,8.870262212737735,5,64.0437945414582,night,77.17176852444376
259.7883020587868,8,6.76854171470716,6,117.8745995160592,night,4.991535508514622
212.32873978821092,4,9.838758822886359,2,137.74196398032143,afternoon,21.038558179707245
12.540585297757957,5,4.9289674341642495,1,46.576455676089445,morning,86.98238964555277
173.9419952252108,2,4.433616863393467,9,50.04999880159518,evening,1.1139557256522172
39.882284976317834,5,9.880628156882906,2,17.98872517052997,night,62.88461817441016
450.6927926672957,1,8.61288117916964,3,118.86472692952098,morning,0.0
169.36502506819104,3,6.4245907832494344,2,136.20288930526291,afternoon,9.592248341150611
309.73242092027255,3,5.099505782311464,10,72.7902021152035,night,0.0
7.092553384366429,2,7.040512511062651,6,35.79629520201891,morning,81.47295480552665
49.67014745908841,6,5.935342762935019,1,57.993351815822436,night,57.4554418874929
141.20966259636134,6,8.581760505354449,8,62.82160581294606,evening,19.47081511948619
83.64546956602892,7,6.2681466938617305,10,108.95192229111801,evening,32.153099093809836
335.3839973850243,3,8.29849361539009,1,24.14792125537229,morning,11.24525852953883
689.6973066462361,0,3.778056158483183,5,80.91792742586935,evening,0.0
20.700902044534253,3,3.3822721224942836,5,78.288471769162,morning,75.52874493691597
76.05116786129118,2,5.1343218706954445,2,39.86425699250482,night,35.09701257787426
76.5541924632659,6,3.0668034714705863,5,66.56401100676445,afternoon,32.769132989085996
206.1394603144988,6,9.916868531682447,10,65.96920460803707,evening,8.590542802209253
148.40900393268632,2,6.6508568873767695,1,132.47764604866853,evening,21.95313195622735
121.24275506885623,4,3.5544920500585957,1,141.66255253036445,morning,24.203805883318577
329.5391056209427,2,8.484510518115362,1,29.02887828291417,night,0.0
268.53314851964467,0,9.906813281319168,10,96.6415966366393,morning,0.0
114.5631768441904,7,9.516990337988087,4,86.98021689833556,afternoon,38.852979088861716
265.35499049131147,4,3.9997001313100715,2,65.13590945328433,morning,0.6739585830803785
720.0,2,8.744142525269037,3,24.03726686599712,evening,0.0
157.12076332531674,5,3.4473065943386167,4,63.797712248650754,morning,13.269253516189655
149.74359411396588,5,5.344148030958895,1,164.63121648886053,morning,28.778675745051665
117.76869030874055,2,9.638586869522433,7,106.93087739829797,afternoon,22.408184371585584
1.7158044851410963,1,6.149605719882017,4,137.27874133465636,morning,100.0
646.3664002196459,4,9.690902030226146,7,100.66500313613285,night,0.0
42.01875461896265,9,9.93199619409459,2,73.06553114066874,night,68.25814658412843
203.91763974273516,6,5.691610695943866,9,142.90257040788347,night,7.464761628289068
191.13616975964067,3,4.668027693871641,1,137.60173764650148,afternoon,0.20372309330936744
36.27040577923485,6,6.577656750306787,2,153.61558880198484,night,74.97482700546166
18.022060049736886,1,9.07585738711632,6,167.39065365539795,afternoon,79.03658364292318
55.834138850121,1,3.9198866799868792,9,157.40023100442104,afternoon,28.025790781901016
95.91463448419287,3,8.862147165584233,9,161.1320723188631,afternoon,25.127378739033688
89.60955805826454,5,4.867404445367468,4,49.15426819608919,evening,31.023673412934972
52.336873843984804,8,3.3353970753933364,10,64.5247089929671,afternoon,43.56643238294703
1.0,6,5.87779391896394,10,98.82445751140004,night,100.0
112.17257952465634,6,6.4722990821160815,2,20.89610087614983,afternoon,34.34074798429242
516.495937416601,2,4.476789234339653,6,153.44818682191203,afternoon,2.0013121213944225
135.66622436775162,2,3.508659113068097,1,115.43992432339049,night,12.457778724007687
252.1457145145396,9,5.0280958861675025,1,56.09418307469997,evening,16.53096947523095
29.424144942683352,2,3.9752363766463246,6,175.99761000401972,evening,57.95987764201308
65.02550145500236,3,4.691612445734297,8,131.82307082320528,evening,35.42138729070609
180.46236207075722,3,8.226222432509427,6,126.82983838831609,night,1.4856624516961396
31.73901433395365,0,7.910956859220596,9,142.21197314233362,afternoon,51.43511420189739
174.41804917570303,6,9.035479963253568,10,177.2640818625178,morning,10.59857699259371
141.6777270586498,6,3.368020784677022,9,122.594045301729,night,0.0
60.65865190213375,5,6.9778803138813785,3,90.6539354050196,morning,63.05909657624169
87.64700001230385,6,4.2190968467677745,10,117.3928111155193,afternoon,26.108975107097073
71.5808717130729,1,9.507547253909298,4,64.87766488613455,afternoon,37.18884728463931
70.90779468600779,6,5.085684519218058,6,130.295499575891,evening,35.41218662663769
276.00230062509746,3,3.7977612098346882,1,151.83521527739777,morning,8.583871266159683
173.66616680232605,0,6.208544355984143,5,15.844065919793287,afternoon,0.0
36.96466486063956,1,4.542291754063077,6,109.45597868217253,afternoon,48.31012962843037
251.59302604366997,8,4.870008489094545,5,120.42452114868351,morning,9.282796651971026
123.63742130200728,9,7.350631068238339,10,53.77146680371978,afternoon,20.533092364044762
275.6073004666126,5,5.706875149912234,2,174.81345289905028,night,2.184172079991302
159.78056763207988,5,7.473754928962944,3,84.24882903400275,afternoon,20.97021847302268
36.70991316073675,3,7.579543234203091,6,128.43712793844347,evening,60.74540750306586
51.28524420941121,1,3.4569373029652475,2,159.4851587716353,evening,35.32647270779542
16.484067312199663,6,8.37513454543598,6,110.02216716700163,evening,89.56360406921335
145.07788031844754,9,3.3857107461118177,2,88.81575263838647,afternoon,20.083887324090785
316.66017778696795,9,4.926190787416476,4,99.30410495662264,morning,7.531376360380456
475.88163156768275,4,5.486987819658458,5,122.57946691603081,afternoon,0.0
43.99509875408235,9,5.209679368148462,1,12.026057106301156,evening,53.95740370990849
9.611118861561327,5,8.15778519026053,10,51.591359282801214,evening,76.57930774524343
17.712459402807664,8,9.139843273636016,8,85.84537359771882,evening,82.24749381753468
50.298122322605096,8,3.639472699064891,10,138.0302040205446,afternoon,56.90348988663992
24.782413272655514,3,4.32610403217182,5,19.690405883828777,evening,60.40460181716358
89.44536269264778,5,4.419972671095056,5,65.54561139666771,morning,31.386921191811496
40.09879971431203,7,9.765912429886002,3,54.26852849394443,night,76.13718832980419
134.95687421218588,6,7.825919937099273,9,31.43872408536625,afternoon,20.373621652528005
43.80175666120162,8,9.010200748877487,1,23.1599638374076,afternoon,69.175270614541
115.56972926111892,1,3.495540052078221,2,151.85790298553644,night,19.271811248066157
134.07366369348506,3,8.955969301254669,4,118.87603657885299,morning,22.184267291522865
369.32878581436984,8,4.165524829346605,7,39.90134818117255,afternoon,0.48202492838754935
116.4980350019308,9,6.385022099927072,8,34.5208035900776,evening,27.797232322093784
35.06377434780999,8,5.455443361072184,1,138.3206679215963,evening,68.23294842137696
291.1506846826089,4,5.838301734312929,10,10.394979042428146,afternoon,0.0
99.77718438539026,6,9.407029582654918,7,159.38690902507807,morning,31.797054271047543
13.107500531291729,1,9.348898629067705,7,47.924676869925726,night,82.50888360636891
135.54551645284272,0,6.283418210730833,3,61.634957858266894,afternoon,4.670100618743587
49.07939178908205,6,3.732623082425368,10,97.25428577697518,morning,43.39721202616662
12.325022650944586,3,3.6074806784549334,4,149.65011297195244,afternoon,87.17012717089752
15.970987389662563,1,6.760929715676267,5,47.11152900795709,night,66.53432221750445
4.77450616428518,4,6.016886101937422,3,151.50647708932433,afternoon,98.7244566852559
50.18024662708564,1,7.842443473993876,1,177.55212477197605,evening,49.32441684285193
233.47065335639323,1,5.6798337633790466,7,47.01727982178374,night,0.0
44.59216156239446,0,3.688414451131492,10,169.88452374721183,morning,18.315668581089376
34.97669373327547,3,9.129795893102742,9,10.629409161510864,afternoon,61.40806755584616
153.2087320262071,5,8.035717089023741,4,116.54806925219631,morning,21.363481277353277
5.67571031764393,9,9.366950991662108,4,149.34509047267804,morning,96.39821696803494
196.47633446966432,3,5.895942223370213,1,174.12626788210562,morning,13.245311968455834
119.36707052842358,4,9.842067289428087,9,20.49960566933395,morning,21.2365940034635
42.702141108560696,1,4.902023192287258,3,44.63843259449044,morning,46.65162595913568
478.04377090868155,3,5.9131266248431045,7,177.65005553822812,evening,0.0
6.705689556410729,1,3.490480870048326,9,121.8514125828764,evening,86.84793131849388
82.39861865323795,4,6.121206339018655,10,134.41836533870514,evening,30.309233452937665
53.705731013914345,1,7.461115095766168,7,31.728013541265064,afternoon,35.88021929859578
77.21627504193367,7,6.024470995466324,10,161.47368610442595,night,37.02961794404392
63.5077879051635,1,4.741579446272036,2,80.95510010608047,morning,35.7784547141683
123.84453561781422,4,4.655324385670862,2,68.69497384969902,morning,24.004183931849365
46.282341217138224,7,9.173828885984252,9,42.69888173616556,night,56.132935584835984
172.44041554115876,7,7.828538731190063,8,117.46042072566073,evening,20.285221875023865
72.9233212501487,1,3.0522419829205356,7,136.89137110167434,morning,29.31782292519941
31.835184400819337,6,5.680321098260721,8,50.2424808951516,night,61.486263458322874
8.619196757367192,0,5.9093944742040865,6,135.6181774094103,night,75.57435104303151
80.30828902129355,1,3.3900958999068913,10,70.98622679229106,evening,16.028247370567
84.96444194127754,0,3.9147084128928364,2,165.84852053018693,afternoon,23.938766230413528
115.71504434718517,0,6.247553844184236,10,165.5231654747813,afternoon,6.0010757544341455
74.65543718760729,9,6.731387030662979,3,118.30460110530164,evening,48.34806642454213
12.52946415768845,4,6.128119366403072,5,61.40727585166678,morning,81.10750269096003
21.576479834380013,1,8.971897203371656,2,130.77170855211,afternoon,75.39142654019238
3.436182198672645,5,5.511290334148916,1,131.53273447313904,afternoon,91.89411928194869
405.1922876968648,3,9.735490370811613,3,51.72725863161818,afternoon,3.6003781634957575
1.0,1,3.703202847766779,9,66.25551018263317,morning,97.28827228768462
62.68675384526603,7,5.725728457668114,4,179.31892034711893,afternoon,50.16001848179406
39.63477317381697,9,9.475451895129385,10,27.61824350173525,night,59.01055258279901
50.147718415340286,1,4.881998390329201,2,125.64261701616358,evening,46.75967910514512
126.01748067817157,8,3.2205913015754812,5,115.83298837858788,afternoon,23.06545619459256
275.14466907745793,5,8.388119928078162,9,29.679207861875188,evening,1.8400114054171446
177.32289177120634,3,3.5646883717382414,1,164.31941142053037,night,13.117481262566763
50.12931595983663,2,8.778743890642911,2,44.15492774653882,afternoon,45.027716828928035
402.04432059469366,6,7.516050583106324,5,177.0862200354215,night,6.940459777757104
5.473525797946148,6,4.804449417427939,8,106.3659336599961,evening,93.57374190451694
50.166708150075614,3,6.794107089358082,4,94.82455051753482,afternoon,51.50357137081457
132.07317977183695,8,6.522542904010441,10,92.49940779049162,morning,22.320189804516314
235.88273710709913,2,7.291813673484691,9,24.244465333204474,evening,7.636871140467085
87.66836102581556,4,7.094516257851051,7,53.04381419217774,evening,31.931028044416152
326.93853769263785,4,6.18469815809416,6,157.29668075233707,night,0.0
95.0012000544997,1,4.824726104184155,10,155.54611573909224,afternoon,11.464797931099383
9.885334549274873,8,3.7132422778008696,7,27.198155334227547,morning,88.7427357712675
388.7795099547176,1,7.87728370454783,1,118.66431099629317,afternoon,6.305688796138635
194.48970261902792,1,9.066169820168525,10,17.566536676949127,evening,0.0
66.9378787230021,9,7.902435222065987,7,155.03988808382607,evening,58.805075236041866
330.1707564381889,8,5.530410048752684,10,101.06712497752507,night,1.3431872868263437
105.3626647797415,4,6.450878973206623,2,93.3531231996708,afternoon,32.28652248328982
106.37938586790514,5,7.009407568159763,6,144.9723644016504,morning,28.746474734557744
90.03267858579258,8,3.7477469507479344,10,141.43850759698302,evening,24.88260269470452
74.09193920253057,0,3.246114751898359,3,102.49846606970965,night,7.154470218536171
10.268350691113637,2,6.131119293768204,2,65.88922168425648,night,82.16314108620551
73.44660935003778,3,8.117072443976383,9,130.58034161393056,morning,34.89820098420849
32.54777774736486,3,8.431055456419507,1,132.87067492183525,morning,76.27011151225959
6.443427936697282,9,8.728103566075673,10,158.64766539041622,afternoon,89.67063103547437
206.39019052297513,7,4.322899619798226,10,55.4795951422182,afternoon,0.5245126737889159
26.175763705625375,5,8.14331502194565,4,102.6201948644834,afternoon,76.53711425629648
295.382046666857,8,7.612312646024001,8,55.05803885957816,afternoon,0.0
13.994003555800415,0,8.507061103134784,4,133.68119262912427,evening,78.20577419968019
19.68089163012774,4,4.404989900396545,2,43.14944537857336,night,80.01126848481177
121.73541882146596,9,6.72992992598282,8,176.78659616729664,night,26.221034530500482
250.43204586510487,4,8.295774170583684,2,14.669995627207424,afternoon,8.728537455697346
104.03478353286839,2,3.3522605305426474,8,41.848954525554106,evening,8.949985698402955
27.20897832221084,9,8.063312127957742,3,123.16058510641317,morning,77.04667429233304
34.35826411036531,4,4.782646361229733,8,79.25933983029653,evening,54.47085912677395
100.30864657317042,4,3.9952696347114616,1,88.19688384527714,morning,47.340725423548946
98.95332184776628,3,7.00175214844817,2,64.1989448884108,evening,37.635440018384635
85.05275195469326,6,3.7709959804327653,1,12.668303951367541,afternoon,31.834607394213396
18.88672077427878,4,3.706591378894792,6,143.06676462273575,evening,74.45210919677044
1.0,5,4.090960755860104,1,166.50678324083188,night,95.03560287548333
303.14753118030296,5,4.838688147313392,4,171.13561643312232,night,10.776345148621612
79.32594155869592,1,8.522615867544488,8,94.40762177920283,morning,22.856705134735762
321.98988651479686,0,8.622193581429118,8,72.31370185446846,evening,4.025446805272118
1.8514804686241075,4,8.589174535358334,8,42.364903670495906,afternoon,95.17509877154454
23.294231228329142,5,9.901539180374424,2,70.33830416456276,morning,80.48608746712392
103.69046292601016,4,6.878694962770783,10,175.2534870306747,evening,30.90805376784718
241.92778054252423,6,7.660815793563038,7,26.124362853036537,afternoon,11.800689569173095
156.7698202765542,8,8.298487915889098,2,38.76451878513281,morning,27.751223907247237
10.808791813761005,2,9.243111910058868,8,29.652953803957075,night,88.00302238389312
95.78810700871914,4,7.7117794368717005,1,160.07993765534394,evening,38.37446637636648
441.51941565912193,1,3.355973965450748,6,26.554043948360714,night,0.9412723166363104
275.72694905206646,1,9.498607863865542,2,86.96823741048581,afternoon,12.054819062892275
35.43188642363285,0,8.905763707654843,8,146.65618066229985,night,48.51915584133206
172.352733359661,3,4.452580467694153,8,34.074931647724924,morning,7.273663115616266
72.22471050281263,7,8.212178831741532,2,171.78940908639132,morning,54.124168259780625
589.1680495214945,1,9.168754771773228,7,129.36665008347364,afternoon,5.185649824540211
70.14846827473032,2,8.445365847239758,6,106.15259971716736,morning,37.87781486137227
56.629223474434994,7,5.540060718965725,1,161.06915935220795,afternoon,53.10673465754414
39.00833080469322,0,8.06474201331762,5,63.47590565765209,morning,49.99825201480727
3.5684693469538225,7,7.954272453237787,1,23.042977907523877,evening,96.00453144082428
75.43674924998285,8,4.662402296535399,9,131.9208459979488,afternoon,42.435727276604695
37.31550627265313,4,4.701871712958681,7,31.370004107059664,morning,56.04985726843938
40.47172286671602,7,3.736536886667188,4,120.66519668715257,evening,56.02492907429296
196.64171324966262,3,3.511595637183052,6,80.40235747844672,night,11.115516839499762
1.0,6,3.2627006027226217,7,141.89828922250155,afternoon,100.0
414.6244484757236,7,9.68516043728168,2,170.65290602224397,evening,5.51924011740465
283.7596080895724,1,6.288630250140771,2,108.96461647850614,evening,0.0
120.0006098601902,7,6.526036042129694,4,165.70894362689612,morning,34.725020956113774
291.93360179588876,8,3.2759230958425407,5,108.84717114786612,morning,2.868198992085109
412.5355191855328,5,7.203743377444904,9,119.75129836746747,evening,11.454040665920337
97.77049716969745,6,4.958368516209286,2,82.55436327296628,night,29.779867474875452
64.06378480430128,0,7.853805974003308,10,85.30167182714857,afternoon,3.876548034124072
69.70752780169668,9,6.082619561176475,2,158.47139003304446,morning,54.51261515876615
129.57574635739738,7,5.303516456225095,6,80.33459258865607,morning,28.103898914925303
60.5125535453598,8,5.177049025696212,9,134.9927067721549,evening,45.72571265605563
84.41171875364172,9,9.212091835267415,4,19.90043123944679,afternoon,40.48213602074753
157.17787358618054,7,8.4908396592588,10,40.74866915230718,evening,15.17280366087096
340.1947984985029,7,6.4356721088763,5,141.690945364813,evening,0.0
370.6016706878747,5,4.882030814853046,8,132.88266466303608,evening,8.24524591475213
26.508467132069097,4,6.774356558891201,6,92.31623368909908,evening,75.4283618091268
6.103859978469137,9,6.012402215823507,7,164.13106048183982,evening,86.01500507978929
7.742032018271415,2,4.612765500601951,4,69.03904063196862,night,91.19821437612808
355.24035633339463,2,8.680261574061772,2,154.8347731044931,evening,3.719531948013778
8.77948010097446,0,8.364458963901733,7,47.345962673890476,evening,80.57803833126067
150.19397322396878,1,8.276377414315366,1,29.90095020691665,afternoon,12.934174334749924
166.17032251925338,7,7.147454354234835,2,71.16420027492804,night,22.121948955437215
58.06486104256057,6,4.145729646108095,1,112.64476873864007,afternoon,54.49275268055487
146.89504769109448,6,4.523898592000627,4,85.42924599504353,night,15.099379298896912
30.089443868512674,0,9.740705962540407,7,23.610778429924153,afternoon,48.30814719644926
220.7431444314423,8,3.593363080984332,4,141.1504686261331,morning,5.494202667159964
307.937198731061,7,8.479940325906602,2,145.84396478123227,evening,0.1212671690305509
231.45395401982384,1,4.46592369575298,9,36.4677416185086,evening,0.0
385.61820506698683,6,3.4666188087631427,1,134.06098696752582,night,12.66172398535371
216.3948063102596,5,5.516252352977605,5,104.28548350589465,afternoon,6.107682280311496
29.88274893903979,8,4.752511106995988,6,94.94614914809371,evening,66.95351762967996
73.92943771169972,2,7.363882119353852,6,146.8443617598865,morning,39.815972123278456
465.1019744592271,0,6.913956595240778,3,50.91587025340051,afternoon,0.0
70.02179821723028,0,5.221022886431337,5,109.56123702289587,night,15.150025060931341
1.0,3,9.686226123346927,5,110.92025946825134,morning,90.19944775353767
24.373397783774493,6,7.735305004446877,4,70.5529703884345,night,78.5155841271904
50.07100376677238,9,6.934776178362607,4,86.90001654138176,night,56.55307968877316
255.69633329187465,4,9.823388903942892,8,56.01621273129429,night,3.9683191520478474
130.20483405923068,1,8.176942736778877,10,123.75620644092464,afternoon,13.136347260373592
49.80597873643688,0,5.008907596300803,9,87.17300161813617,night,12.485794134649161
79.1372986062678,2,4.90620778026758,1,85.88027850308741,morning,44.17073861553921
108.87781590983909,3,4.4859426069986,9,98.95866238104247,afternoon,19.16005208734157
275.83187948144,6,9.086788182014528,10,112.9255625019082,morning,2.0670771101126677
4.442102425814616,5,6.712969542290699,9,43.94385546690994,morning,87.50642939591258
43.782505372151455,5,5.84456483694223,6,142.51211287036983,morning,59.29446573218301
204.68785246713892,3,5.000890140643866,6,127.78933270843088,afternoon,3.6103183454228938
204.31041573128266,0,9.508542058413521,9,118.69371609227184,night,8.65247157028191
73.14795846522833,6,4.791107785685489,10,86.46667841975287,afternoon,37.40819530996726
143.4601857004753,7,4.873679060360082,4,133.14568051966756,afternoon,15.004914261419001
138.89375546829194,1,6.016589355628288,2,84.46370537955599,morning,10.930630515227755
64.94768673273775,9,4.0484399217663185,10,134.0006262835119,morning,41.80461130090304
101.91545057390076,0,8.658504757486517,5,136.8968619057094,evening,12.215907845080938
323.72392359994546,3,4.063861277318359,1,119.88206906102153,night,0.45024536772591284
33.93898608436875,7,8.814450352802623,7,155.98664465002864,night,75.9491565146354
5.328578275740596,5,7.5880518490846285,1,137.89876943043254,evening,95.39939012865987
44.41787669332479,4,6.707008764988724,6,73.35171208200504,night,49.86920997432949
192.50333922857382,9,4.52446561237298,10,146.54606095149583,night,11.27307888782368
79.00111157601643,9,7.633022185505038,8,113.70736872781775,afternoon,47.56242163229695
164.16632554286068,3,4.590453744824031,6,88.08882172937986,morning,0.8685742773613274
192.22652421555853,3,6.815583890019231,4,48.64475208190466,morning,8.154386331513782
148.09061396475371,9,8.999203198314046,9,36.173750573305654,night,16.833336918681212
69.10376090828211,6,6.280212670850569,1,160.76295348137322,evening,50.5062639256654
108.77983906099176,9,8.506084295820546,8,25.24915623252378,morning,37.87245211153217
234.03223848672303,3,3.0287434202821393,9,80.82812636033759,night,1.7227976895363915
345.40537631895734,1,9.219733019671395,8,169.5360988697693,morning,0.0
173.39881633833838,8,6.991310510598631,9,155.08914404443402,afternoon,7.167498984366862
97.94065127202872,8,7.111434538701196,8,10.242818323460043,morning,27.377913267048957
23.168988056254772,5,7.006206299410536,9,58.763929760024,morning,82.29563184932034
8.000993311693424,1,8.54988031691469,10,175.76481885030583,night,93.97703964072878
113.2183992583813,7,5.297785624941359,5,157.90423733842815,afternoon,30.817399606147045
197.26994754931206,5,8.15756198097138,2,109.98443014403169,evening,11.938026728141207
52.623435707370675,6,6.866250481619946,4,56.64999257006377,night,56.926138101576804
95.9664252205616,9,5.124527364035666,1,28.113712026739208,morning,41.04690575171251
75.59529925849439,0,4.782631805027128,7,63.183586760963586,evening,14.426743888430883
54.5387140212814,0,8.176322577188794,10,150.12555760688866,morning,32.77774034133871
45.65795437667849,4,3.698344903919897,1,123.30939140351524,night,51.56508612183674
32.2343403257181,5,9.550244830671852,3,130.66345853807533,evening,73.60279033430592
193.22417349723457,1,9.82671174698771,6,46.59573778359183,afternoon,5.496784562814734
15.94619785240859,0,5.835007690112839,2,25.131654932321503,morning,66.28238419827132
46.844516958312006,9,9.328795623356536,2,76.3489444727332,afternoon,62.1868047559697
413.1254991313865,4,7.139461928372466,2,30.596428414367523,afternoon,2.791342289365176
86.69736283839865,2,8.862156263843136,7,86.30473216084052,morning,37.500759700738406
67.8588527357943,6,9.358870750879987,3,13.298211755096624,evening,48.11097162242963
85.15436684256323,8,9.367106865376442,7,22.22414194379575,afternoon,41.796337042013754
31.976682978530885,3,5.123549975499193,9,40.54070705240812,night,53.75260355355333
19.826036911712745,2,5.992552903148547,5,67.17237605033746,afternoon,73.08953150621407
25.707945683823375,5,8.381349265048122,5,140.4296770070679,morning,83.25464686109738
9.371331136944171,3,6.258408807077895,10,10.83035922344283,afternoon,80.29442808311228
19.417509264505483,1,7.615501710951908,9,163.12922761662452,afternoon,65.4088971796697
216.14405588426578,1,6.38381565566103,10,29.618503083449383,afternoon,0.0
31.319564310130367,2,9.011891083899823,8,119.37285326185929,evening,55.686233922252256
173.91859132729917,5,4.616855173696445,1,146.19789141977697,morning,4.228133810757843
457.2101455093614,3,4.507514979982259,4,74.49215169471172,evening,0.0
90.90975284385381,5,5.883625840285846,5,154.58698083610133,night,31.89037215899193
61.908370657737144,8,7.886493824823811,10,64.49574814135718,morning,50.41252317505368
85.99215746519577,9,3.9012810615763884,3,85.76760434194689,morning,47.284085183145415
82.68633111826202,5,5.139539477853284,9,157.41586567019073,morning,30.748248788727118
1.0,0,8.343064383980971,2,51.30071148679747,evening,97.22625839140348
205.37530112812075,4,5.049690067160181,1,100.32779205022355,morning,10.921522609360046
416.72782853808116,1,5.087052493935889,7,153.2342652490808,morning,0.0
14.306204489360196,9,7.211806260343256,6,119.24674898585837,morning,92.8637827117652
94.92161900956806,8,5.475025865425925,8,16.59820112800636,afternoon,37.33923840141856
52.19180343166688,8,8.897741558462611,7,159.159248717175,morning,62.28821267912894
76.34533636468792,5,3.217476911711194,4,146.3745115020956,morning,39.32669899313912
316.57995047448276,1,5.8314374511633655,2,164.96807083471893,morning,0.7080017777412257
206.33728066037102,0,3.2715961831022122,1,72.67949708067343,evening,0.0
91.51367406063325,4,3.7089328668170447,4,52.28331694440619,morning,21.59880230425942
196.7294267875408,6,7.246630708431074,7,95.72478833481536,morning,15.52594896637337
44.48125924431479,2,8.548637337261319,8,78.30828796228818,evening,46.97792988985614
4.907275446716066,3,5.684367858025298,4,11.601375515315706,morning,96.43485522941435
106.04950528645746,1,9.977653988751978,5,156.70388790083084,morning,19.09029944854399
183.88158696668754,8,6.540409837084477,9,35.603862021648254,afternoon,11.166194809633028
184.4578857212983,0,3.9484616325019135,8,151.00290797377656,morning,0.0
318.88937923172284,6,4.9095572488989205,2,160.93244684078962,afternoon,5.955379479098815
290.05749655612135,9,4.986218569723192,8,86.50882819416167,evening,1.7849879896609564
4.187985452741752,1,4.696053304403266,10,41.0968974135544,morning,88.06962795931571
35.77814178382414,3,6.029369571957355,2,120.17736163438214,night,64.72664971765732
107.02906964852096,5,5.168929817272959,9,179.08101182772984,morning,26.87108956059986
16.312472591798848,9,7.147380957311175,2,121.21909625997864,evening,88.9921673386205
264.59947276542846,7,5.2507928267851,7,114.27831390876909,night,3.0310228018304466
130.91325365094093,9,9.170400737122375,7,133.07815792006755,morning,20.93517104722712
300.5421754085923,1,7.818809034965497,5,97.91004824567631,night,0.0
1.3028541808747514,6,9.352242234424978,8,100.78613924479163,night,92.53098541587919
105.22721350125765,9,6.37396442413007,6,57.28441887631484,afternoon,35.20353447978309
291.0940897559322,7,7.699130964949958,7,139.87374337535505,afternoon,1.540741445359234
160.97643565931335,8,4.3821417196379215,7,135.16317115327857,afternoon,11.85480075521786
325.43459643830005,2,7.382686713909327,6,95.9615807631373,morning,5.579887995541058
115.42149246081692,3,7.589405884800223,5,161.33751399427453,night,25.621867511053694
46.006625850364415,5,5.201038740679838,5,135.30079799950977,afternoon,71.7013433818277
63.505822601088624,6,6.06955611689279,5,156.1571269664614,afternoon,46.86911833105813
282.41726477953006,2,5.648433071778529,10,26.459184267827162,afternoon,4.840286850875364
392.0678819547155,7,6.192696686638142,4,95.24505052864482,morning,1.2096243707153895
78.01041834676961,2,7.147977279353787,9,34.638529608615094,afternoon,14.123862574122127
111.48599025635431,2,3.791370774841571,2,95.83857669519801,morning,21.9937679939019
36.625977068090144,4,8.363099711079446,8,55.06515868784614,evening,62.4034470892548
55.25730226964676,9,9.124913816368561,6,29.143568989367516,morning,58.31573167922349
69.28103827879674,2,5.682151279913881,10,170.4040347603996,afternoon,20.389515518237346
22.47067455587263,7,8.979806430877577,9,113.9814648598224,evening,78.5843506695328
435.1955374262243,9,9.265596209364201,8,155.9399429417047,afternoon,0.3689825740427819
13.986447340013777,7,5.963506191455502,1,85.20693592719292,night,89.89145001234434
55.03556040317721,8,7.292192525201819,7,37.978284601295485,morning,53.39579329197187
68.30970534887152,7,8.456870081566832,7,111.9805839689717,night,52.3930770679389
21.337789483311262,7,5.257148667974548,9,165.4378752533022,afternoon,79.26192289586382
318.0998770030917,9,5.764616302150235,1,18.586270041487964,evening,0.6508864570192774
203.79261218493144,5,3.002810808177379,8,136.62711093926754,morning,11.067639902686238
25.507410619146455,1,6.135675880268299,10,64.52106804732996,night,45.52777379348172
173.06915612159193,0,7.2420968235525685,6,18.577447005421035,morning,10.353616740187693
18.168396250743257,0,6.6924716119078305,9,95.69191355723214,morning,49.72225781939735
391.9943386134487,5,3.742910135163136,9,119.27201351017705,afternoon,3.686259142658374
459.46232894119413,0,7.572310324104688,2,118.69569164719665,night,0.0
56.12049917401495,0,3.2840999849428654,4,53.63570058054479,evening,17.3909364145899
42.3852656176662,3,5.816754953701011,5,174.36714354987691,evening,54.34162488762298
1.0,7,9.925446598294275,6,113.1605158100591,afternoon,100.0
70.16592647143351,7,9.073491303041564,1,113.30830359459337,night,52.06045866788314
25.849193449468455,9,7.631137461714858,9,42.02545158692841,evening,74.91714284623706
87.70013494883557,4,4.638404425122494,7,166.73787091407934,night,30.648446133431413
345.9769166648577,3,8.807869790919447,7,93.18486707077064,morning,12.118648409888188
16.461379207363258,2,6.184655437893998,6,124.84050266540964,night,76.34224985290545
5.1740136360493665,3,4.135195089960316,5,38.63489369242559,night,93.60718175719197
136.27855555797515,0,9.620423019059228,6,130.01836850353888,evening,5.6737158293484065
93.34295051219935,4,4.361835787899379,8,73.44525274787156,morning,33.95485072202756
232.2564577830847,1,6.634141277021783,8,26.914358450708484,afternoon,0.0
21.43900553288328,3,4.756910444212496,7,25.167768569730562,morning,65.39858631955593
83.6201346385367,5,9.909700601468817,7,108.56029776382643,afternoon,38.88240359780646
446.92021867465206,0,5.440217286099919,7,120.47686668943776,morning,0.0
24.27884466785404,4,3.4312558970472846,3,31.85852834698375,afternoon,65.24489172380227
8.142178266824594,6,6.283280326661741,5,109.46322878344674,evening,95.46653417777452
132.89823688070035,9,5.329139077886989,9,111.50982540263557,afternoon,11.355612271579291
87.11387197376688,2,6.396789229030688,2,156.8723197416168,evening,29.79853645758331
24.079058428405393,9,7.3137782839956875,5,41.96267192336912,night,72.80572280845158
55.008572381755165,0,8.139594608302584,10,122.83484131796953,night,5.4601276051315
145.679433897114,0,6.220718385903815,5,83.38223640444318,evening,0.0
39.35407852348758,9,8.427323509201411,1,32.81441247547954,evening,66.80892630509824
373.84859787545383,2,8.896599336728254,9,53.523599420457224,morning,0.0
267.7560693290001,9,4.875115079722086,8,94.53094413970939,morning,7.167068581270476
720.0,2,5.832941120304191,6,53.706335197169,morning,1.731883037199404
4.914217886225656,0,5.684741587037839,1,151.85295038397618,evening,96.6535138358631
114.28265295356124,0,5.03990597073234,5,16.521856430469192,night,0.9042136312359663
144.0111092369445,3,7.671908713736817,10,102.5111353260563,morning,11.631314875341593
71.03116406624575,1,3.379482209441951,1,84.70911364093516,evening,24.063843623323766
252.16610598386245,7,9.729923044926014,3,160.23954262786543,evening,15.655064497337278
13.897244835877236,5,7.853673304303988,7,106.8120059832206,afternoon,87.83178818639499
84.04960699134107,0,4.489950602268502,8,78.82618123508453,night,0.0
214.69494157193063,0,4.933672591362004,6,104.65912124731229,afternoon,0.0
258.2243223539655,0,9.513140203815219,4,48.14275986874262,morning,5.201534470942885
2.7392581713525055,9,7.266274343566354,4,103.37564386923525,morning,98.06717597023173
98.61279695076149,7,9.517632033556104,3,132.97709710533783,afternoon,31.160509412973493
95.18689497525571,1,4.816144197476534,5,30.276184246756383,evening,11.089591874832404
81.35736066182551,4,8.52328422941433,4,150.5462128578956,morning,38.9552461007739
60.042058804367464,8,9.124280642185484,3,110.45573578062856,afternoon,51.68163873278173
341.2984164547915,3,7.927556669241608,3,107.35607869563721,night,0.6180887161527804
130.15441861026218,7,6.71486632834465,5,86.43181402131535,morning,18.899541064819342
102.29312893818393,7,3.199996424068073,5,29.275806243937332,morning,27.9946619954283
41.55120059906437,7,8.82567374695909,9,149.5090652602614,afternoon,72.28874024398229
42.46534861806744,3,7.0655778089743295,4,134.82624519022164,evening,64.66254833512986
60.172607904094434,8,7.731947428294381,1,93.1690830347842,morning,68.00066860121942
88.54278034801148,0,6.110465372682465,9,152.7996979514703,evening,3.176858426811576
227.79203325105502,0,3.822900743846556,3,147.7742195546563,night,4.90857922875058
23.32957719375096,4,5.187805565657055,2,152.90754961925128,evening,70.84012063830063
24.976345543414613,5,8.640228245246842,5,40.40298164632589,morning,76.15181385095333
4.783530319029031,0,9.48395973293885,9,42.21332480293272,night,92.54973765194623
100.12743551165165,8,8.106618500011855,1,97.28386451138942,afternoon,37.42282569987131
62.52733549482181,6,7.038182924838621,1,99.64434553197614,afternoon,53.77576548625216
493.23711691566905,2,3.306927967476409,2,115.96345373903978,evening,4.7855532509420735
439.5828623331448,8,6.0680902562321615,5,38.002016980306756,night,1.2647556394883113
122.66278995623209,5,4.401079478745568,9,126.52488880311954,night,19.21605671440483
151.19127277368707,8,7.495947144549805,7,133.45221225655786,evening,25.08327616589466
180.5432607391567,0,5.216186422873983,6,57.16254491616645,night,3.915693025777169
64.37077272914277,7,6.694684758069345,8,97.14285901366996,afternoon,50.36640957477016
166.02714297192307,4,3.5149434795103596,7,168.0159699125853,evening,20.359662355080484
79.03177619642099,6,4.905999624956939,1,115.5391965960016,night,46.18026450380362
218.30163510866697,9,8.168458939848364,3,160.01993314033302,evening,16.08005260188864
64.22030722781238,9,9.282935354172121,1,57.13393077936164,morning,61.68032753719441
12.641294892897111,6,5.4870275025352315,4,145.28374430000534,evening,94.93707556252042
92.50170555454639,8,3.2339857316525515,7,50.301966499610266,afternoon,30.59448997183415
104.63418833497036,4,4.012057971677093,6,166.7923218322094,morning,23.684995349212883
62.78468888125451,0,3.0374429208595597,6,106.39557319520868,afternoon,10.808011376441717
18.059762447141747,6,5.972008250301689,7,88.6569313869306,night,73.68193816591607
1.0,9,5.3909874306099255,6,105.85739542160032,afternoon,99.38177647853917
28.082081855277426,7,3.550890036952566,5,32.68970947796184,evening,66.89245911856558
109.78417192378583,8,3.325035588379686,2,166.6412869289757,night,21.754158668549458
20.6773783178322,8,8.70748236698893,6,52.02503253560906,morning,83.0046063099081
110.75856132324434,1,4.375089206559501,8,108.11917652607936,evening,7.650365148096369
149.92736408855893,8,9.878052460945433,2,58.03194682261541,evening,29.39260114216871
49.6347781145341,5,7.961359426419582,1,60.75314741696787,morning,67.53390234434058
48.814678793196144,6,8.246614906097465,5,146.5617774980657,evening,65.11069830087587
120.11475881917478,3,9.154430363097678,8,59.917506599178616,evening,19.310910676672393
50.21409585290073,5,6.502085120757943,5,108.84223212774481,evening,59.47806248236155
27.290271658162915,5,8.990760349867326,9,49.70867381780106,afternoon,72.33681452976208
37.660080828963615,7,6.177080339971552,10,63.58684535413863,night,59.07827345527984
223.25780716996218,9,4.561630129117491,1,114.56551885289801,afternoon,4.035956687451689
67.77218985923474,7,5.537568119254866,2,169.8913411875011,morning,54.37823927425531
367.5200172214158,1,5.882965982011479,10,104.64449231906703,evening,0.0
233.162873243673,2,4.2895392950745155,9,76.70495715856262,night,0.0
27.71125920384534,5,6.697586254090099,1,45.26980447000912,afternoon,68.2753526394539
141.26564843733817,0,6.297586106387477,9,106.61425568324734,afternoon,0.0
136.82130481166192,2,9.064991820291294,2,30.138489866061914,night,19.171486734659805
15.116879580605831,9,7.885933300484547,8,97.09106135562931,morning,77.06082777786386
31.574145062541266,8,9.173322993344216,7,19.40650581776884,night,62.10860017934833
1.7545762950289125,7,7.390808804451848,6,73.69036723252088,night,95.28550912417522
53.15035073380407,6,7.197930893856702,7,169.83057190397105,evening,50.420214849626234
113.25795810695554,1,6.050140497903153,6,120.02778817763543,night,19.265032117559077
11.82232601149081,7,9.214723482350733,6,134.4184530206624,evening,86.63816574869254
60.12160035423692,4,5.801086910057792,1,95.60691264860434,evening,52.59732630735892
79.16824033978028,6,7.942406802466215,9,77.84858959770396,morning,38.22185629935202
259.4623643340294,9,5.271878768116483,3,55.75035794846176,morning,4.654337318069361
44.451023017125586,8,8.67761072340181,8,80.19490223016625,evening,62.38103273658222
67.92111131644063,6,3.016432317072172,9,125.69912579619044,evening,46.73085836266028
13.725123178044345,6,7.984503945735513,6,23.529985053247216,evening,82.92493065928251
45.24453002490168,2,8.973425483261067,5,141.32884059963257,morning,60.69588694986909
47.011462107025956,7,3.2614705550488843,1,30.721166053661022,evening,55.198153348491495
51.94879883455811,5,9.221897582169722,8,71.79745775277533,afternoon,49.54685471819488
18.813275439124467,7,3.9860802276560294,10,168.4251645415675,morning,81.49270926261849
50.90826649704456,2,3.442838702744724,8,143.40298058049092,afternoon,48.29161301733399
213.75100258782325,9,8.343153306485474,4,63.538648668018524,night,14.421667330710784
481.456491954433,4,3.183108396263939,10,169.0886560988948,morning,0.0
305.70580080342705,4,3.128601581766731,6,44.057769586395196,morning,1.1764388696865447
168.18387300277467,7,5.16810455225931,10,64.92208162897771,morning,17.82782921349579
218.88054922359083,8,7.808065456144369,5,56.58200266554308,afternoon,10.002657388243826
98.47823092008188,1,4.912117342589616,3,87.40588746746236,morning,25.91978142681953
43.40184906807769,0,9.458006834340601,9,78.78965483481689,night,35.16939163705532
169.5356163352935,1,7.854568859324242,2,152.69936639357624,night,8.42032867487055
88.60910545473462,6,5.103421310428472,6,115.01357709050504,afternoon,40.73171553544695
154.02402594820353,9,6.485084263600234,3,67.19839763812608,afternoon,15.694758435965884
62.521708737882776,4,3.074706014941839,8,149.6803867596123,evening,34.37238616347257
52.337668814611135,1,5.647447487111545,9,28.577505712587186,evening,25.067520193806498
37.60959241591265,5,5.42528500955067,7,176.55483691155615,night,64.28317134324801
342.00464269907127,9,7.935442989437654,1,27.12798347312797,evening,3.2220067519961946
148.9544240041213,5,3.891183151227075,9,130.00001559589265,evening,1.766960783110255
141.7751214817305,0,5.5085377496048,8,49.86228115313889,morning,5.0128831388444794
15.698911222943826,3,9.640578566320935,5,174.16103971029008,morning,83.20492412687513
1.1874750733989785,6,5.3335748668159395,1,45.5847087279929,evening,88.81081387733536
158.33655113098058,6,4.977491086346752,10,113.61984665819081,evening,2.9920133000924505
91.33937550178682,9,6.402402793318767,7,71.44910584474762,night,33.854189059568036
137.88876111469995,2,9.654244601059109,6,18.847792588542347,night,11.422332499318246
32.88649525939053,3,7.101041353695451,6,32.86331810423539,night,59.22584169935216
105.46691116538919,9,9.917834806002308,9,18.060658143814436,night,23.458523836205778
289.81390488698753,9,4.389800012077412,10,43.57050922656612,afternoon,1.7843617824148044
43.69825890145514,9,7.64353827669545,6,66.27276411413213,afternoon,72.38136887475025
157.61121709504167,2,4.201969922815817,9,144.96187149955225,evening,0.12793235982556705
127.68481981454906,8,5.366979919386659,10,152.61094285138165,night,20.718617686101126
31.92754048930761,8,6.969900952726611,6,175.0538009464778,morning,71.76250341325942
44.62803428016609,8,7.836659563875691,10,158.81311476562962,morning,64.32731905322794
145.89643770148933,2,3.253450830411695,1,130.47574254702386,afternoon,15.731160873903779
46.444688696047734,8,4.691217234280279,2,150.04629748649145,night,61.29443092691134
271.20391495274725,7,7.945848615979789,3,131.04135340368765,night,9.343614487225603
101.8511703826227,2,3.8865911099303574,1,91.7600733743316,evening,19.426005088515193
11.482449102200496,5,3.365880672931176,3,28.388795883629086,morning,88.71912711587517
194.67891930395635,7,4.682186172076721,7,118.4757633853969,afternoon,7.273261740787065
484.7183814910044,0,8.113602578184286,5,19.58823081933438,evening,0.0
33.089828570640506,9,5.312153812898149,6,77.14834599333552,morning,68.16274614448588
15.374234904331745,9,5.644577767365881,8,125.14167308068397,morning,88.04302410975373
138.08689234353403,2,9.516287010600006,5,74.13283757166822,morning,28.322260235724197
176.90410141455624,0,3.889235031812622,9,61.92029475226773,afternoon,0.0
13.462776344707471,2,5.193573861200948,5,134.67831438693398,afternoon,88.96917556470333
195.7435784907069,1,3.6833313237460428,3,68.11715229959955,afternoon,0.0
16.133852293169326,5,5.963707243472233,4,44.50890506250353,morning,86.79854015774787
89.7781337310494,4,7.919168095027108,5,27.298269845172676,afternoon,35.54516906853936
135.7394235846878,7,8.112896270172548,6,126.33587057739534,evening,21.45869092267838
29.222340435143515,4,3.2841718971166136,3,145.6264032754633,night,70.90135324360062
27.41470951972723,3,5.889875784312345,10,27.57426122433318,morning,65.57115104533736
475.78434770336366,8,5.293584745785309,5,24.551923979870615,evening,4.9823743940754355
4.242927532128068,2,3.0976431308433803,7,112.81629951347385,morning,92.35672644881993
113.45386321778076,6,3.439055199901212,10,28.353616178842042,evening,7.677488790517542
4.107468638159688,0,5.786610247653616,1,40.480359994208236,night,92.8610103260126
447.665003807892,2,5.305646469239524,2,145.46419005126094,morning,0.0
9.29189411957158,4,9.786075629731148,2,143.3712081764322,night,91.24021893430292
25.19187602562649,9,7.323862103320136,8,128.7063409001929,afternoon,79.65302005586882
35.976249930063624,5,4.503982244974987,1,44.19321224036414,afternoon,68.84590283591363
598.0927044570846,2,6.559772240483955,10,177.60685202490302,afternoon,0.4177709461548555
60.451044374555615,6,5.669907406483496,9,136.94636232568718,night,42.5721306494036
7.325936884470657,3,3.916518764887442,8,45.03254258931979,afternoon,82.54311926962832
133.96027633612104,7,9.321682549345168,4,163.6150378657808,evening,33.62259589615589
163.68206014902844,5,6.000653770726394,5,83.40686713360505,afternoon,6.81998374439382
22.358076575290283,0,6.238334903536106,9,107.88348585119996,night,38.93179096408754
97.02403171499398,6,3.086979156557526,1,138.00765281666148,evening,37.612124197920224
12.38458735649109,4,8.810228785396523,4,154.91461055911842,night,89.65792987341531
172.54645471481578,5,5.436188742321034,9,100.24603582904089,afternoon,7.122066976312622
1.2479380973801402,4,6.619846216793313,2,120.63645732437455,morning,100.0
187.20039530811047,6,3.791698175966757,1,90.92999081533947,evening,20.059854759510422
104.31086453323263,1,4.1953219841527,8,107.83517313974002,night,3.4803282351172227
49.98654049988158,7,7.64034376641196,1,53.8497161537731,night,67.59099929503672
41.34993963892817,2,9.69372169108767,6,174.8246687879415,evening,66.0492516043808
150.9112681121524,8,3.4517511869127335,4,110.25393613299919,evening,22.2731010376594
54.872906444774166,5,9.520745344086833,10,70.58232841835962,morning,49.738374532147134
28.1785406406857,6,5.967513745207664,2,96.65293917260608,afternoon,64.58640962065019
702.4924143108345,2,6.165280575520756,10,18.152814514287897,night,1.5872669510495465
45.96006665919372,8,4.049039592205862,5,90.4393507772626,night,55.52300665477141
14.915134059538017,4,3.0110559475453833,1,15.164528592258625,afternoon,77.32910659379438
106.32142432544484,7,4.863719895758024,8,81.3895765092005,morning,25.16941970967102
122.83512511456625,4,3.3713211683791986,9,54.21066716717241,night,8.382247092504107
140.19758071904477,7,5.168097286092723,1,143.56332233055755,evening,27.07251329780796
157.424427524389,8,9.383107393915052,9,43.63015290302489,night,20.49426227765596
377.0705326103106,7,8.200291698689025,8,55.965150002811576,evening,3.538522888511837
12.788495620220969,2,3.1068538775222083,1,13.833367660114693,night,79.47859381820788
70.352073854602,7,8.048805355536773,10,98.83737944450762,afternoon,46.28953258577095
1.0,8,5.936595965362619,4,132.49969129300837,night,99.59127217755382
17.644083982459197,7,6.597130843447635,10,40.807067414314936,night,78.15695932700277
339.90222335453285,0,9.845953966167642,4,82.51276876371291,morning,0.7375371185556712
22.38018829177671,8,9.083851299967243,3,62.5851181408979,afternoon,82.89038912746999
140.87280221336732,5,3.002872026074224,5,71.22756604634455,night,14.970986870177615
40.75017688538065,4,9.188527074171294,8,155.72280210975697,evening,57.025723052939014
374.6066268499789,1,4.844550074645998,5,37.67193717431269,night,0.0
66.27878700662637,4,7.62952275562914,7,101.3608795619672,night,43.96149330992294
59.645637717349764,4,7.446098922047545,7,26.134344660233257,evening,52.78066035762093
97.71515192974717,8,7.038771173278597,10,65.06224393866447,morning,36.20825676396131
203.7645523730781,5,8.629828080649151,8,77.66932291541941,afternoon,15.55611186024814
203.04398124802304,6,5.716850197379479,1,80.24306139647561,afternoon,13.103461602385961
52.92270545109558,3,8.404222501806483,9,38.9901661969418,evening,45.42118906041611
403.70530500560415,8,9.17298360574478,7,23.461689548466396,night,0.49746445026730624
38.49285466457304,8,5.714350299708248,4,43.77061095579365,afternoon,70.6421571439852
236.84810745805106,4,4.876080503637182,5,39.37940874759689,morning,0.0
20.727876595569438,2,9.19510727183081,1,146.78908854689513,evening,76.90328142557146
248.1730140631092,8,8.582797352906617,3,154.05035916459235,evening,14.630966383420557
127.86313117635133,4,3.4640313121258517,1,98.48849071905747,evening,28.369970251208844
1.0,4,7.999072024745217,7,149.95567102951128,night,87.70209956175887
139.56458269281117,8,6.416267569972249,10,159.17317109435297,evening,13.523458383600936
47.932950873649744,4,9.952146172534349,10,163.4890300007093,afternoon,57.57780882362085
226.3952089886093,3,8.838781082864276,9,156.59693579475436,evening,0.0
67.5582274964783,5,7.719537427131779,6,162.08163846966522,afternoon,40.722334788693544
198.64384362616332,2,9.629281947010515,10,150.61688523269598,morning,3.5695569290649685
64.98112771812154,3,4.855244426983832,9,94.38781668510431,night,25.899173329576406
152.15897130388007,4,4.3786754114610495,3,173.32377499880133,night,14.608996855770258
105.20752477927917,1,6.085360610055789,4,101.31878467268491,evening,20.146773463623354
79.66134511317802,2,5.884655267427775,5,94.65597143985684,night,27.773488524379687
389.36767097779494,2,7.94921818526019,7,52.8779328192052,afternoon,15.08894255055081
4.1834153714061335,6,5.278523366882948,10,110.96990556037889,morning,98.67238002000124
91.55766928109155,4,9.330810055618667,1,67.27672522304675,night,48.827277457572336
44.42898163464813,6,4.316409965353529,10,121.90824318244675,night,45.47373995230986
1.4363013506191975,9,3.0414684581780165,10,173.68798398030765,night,97.1990331864209
73.83033898155652,8,8.798647019211524,6,50.33324182171334,afternoon,51.818275428194184
165.49781133692932,5,3.4745747707967882,8,118.40948467712789,night,12.306879696854175
66.73891214484875,9,8.925928189728996,7,99.32343971263919,morning,47.619715370916474
35.88970596169743,8,8.765614756887818,8,138.12324344462883,evening,70.30857614830298
214.19157104785864,2,5.8266770367324945,4,46.33584455039073,afternoon,4.254289734522056
40.106469889997626,7,8.64481973472602,8,87.20846992851985,night,62.98356541307138
71.30387981320976,7,5.982806951815457,3,81.18902838205135,afternoon,39.267338371756026
31.871601810011285,2,3.2154262478141207,9,35.42338415468057,evening,46.19854655225711
147.67115786424353,4,4.378534412086092,1,39.50726450574476,evening,15.308856689217905
53.792135374685714,2,4.613463861460646,8,135.7333547300233,afternoon,36.92834523047164
133.53800668275704,8,4.742502914002156,6,21.92006777698824,morning,19.738541228790734
16.32327509630684,8,4.191068488011618,5,153.89397997224216,evening,73.00128058611114
354.16635988258065,4,5.374151727675237,5,49.208568836424874,night,7.306175145759672
177.19296574434497,9,8.683870434799971,4,62.50635287019875,morning,12.63597711136582
1.9487239414170083,9,8.125665398646014,5,29.30984395437473,afternoon,87.20501874140099
271.3871151203952,0,6.564557768289546,10,131.82742923934535,night,0.0
20.61290965866704,2,6.44872031217702,6,91.73364859055364,afternoon,73.98279302262954
96.39853197523547,7,8.88949739913639,6,47.19503976804283,morning,35.98713348793289
224.2976895630125,0,5.060056417921185,4,109.65100019501804,night,0.0
45.23301571850126,2,4.657690492176385,8,178.77667629162244,night,42.39280418779566
58.41815528495207,5,8.893514721354773,5,68.31748098481174,night,47.05829419970556
127.84998080610947,5,6.580753359643543,7,62.493561919939616,morning,25.032044427157267
6.048950620380152,3,5.092634096558462,4,51.12771378027022,morning,92.920209156132
10.354172805472265,3,8.127182403936107,3,97.04308153482974,afternoon,86.30804860654632
303.2582788550386,5,6.476516486726531,1,127.26958212588953,night,4.03810412619025
69.74231321883313,7,4.499902665171817,3,113.35280945621358,afternoon,48.411531241200116
203.8592862933672,7,8.487437094072778,5,81.05986687645976,evening,24.885704094981897
72.18718553937009,6,7.461747485545944,2,10.741128592618672,evening,39.60280476233375
189.25773650702615,0,9.532575429233898,9,15.80985013698486,afternoon,1.361042105784551
94.8703021424116,9,3.050909653858065,6,128.679877094199,evening,26.387917971979785
60.39846847803897,7,6.456929103190929,7,111.7559395269127,evening,48.521654082689935
46.647220890413784,0,3.525655520637198,7,65.25979937660861,afternoon,13.021641600689707
168.99401386117086,2,6.720401491131534,8,28.968993232651037,afternoon,5.042247848993663
515.846014638042,1,4.369954261471515,8,158.3186785642246,afternoon,7.465083086153925
14.04928393965002,8,3.2674194863017374,5,121.00876436209201,morning,88.87018839289088
20.56587207490927,0,3.041497507358147,6,154.05904293797022,afternoon,50.45289413605046
30.96263439626748,1,3.7511084725947077,6,113.6057005456374,afternoon,53.722672695207635
191.31503656245494,7,9.25474208448906,8,72.29767652804253,night,0.5824431781628281
239.03939389167874,5,8.670877994031999,7,46.57050149782695,morning,2.8721404249017617
320.5038353447282,9,7.0387140508468535,7,10.905112397080924,evening,4.386395631540202
3.2355378285540315,5,8.960391145197956,2,67.95011263370071,afternoon,98.55545152418675
36.88041394156868,8,7.5819633385651874,5,104.65806433392582,morning,71.40540182738468
24.810551506338918,5,3.4672517839552985,1,125.33127279133109,evening,82.44424948200856
38.5865908575968,3,4.1776159024257815,4,119.71777463312245,morning,53.50382945398862
168.7172296286724,8,8.415531765387339,10,104.08270913380157,night,20.141123722387803
56.116547109544534,2,9.59826797111059,2,97.13904656401321,evening,49.81956362855854
49.931844169614536,6,7.374595925751764,5,38.11297233724161,morning,54.97432156181535
56.1947628491109,3,9.523608977580604,5,17.008728379840267,night,45.00167256223806
119.32148766339049,0,6.724929177076467,9,108.29906364881732,evening,10.563884195181538
15.11577348181821,0,5.0066240690091615,1,24.262653306914583,morning,73.7828258632219
109.54673637650244,2,7.6125995575431995,3,145.11561831953202,night,31.911427852087584
79.62880764332489,3,3.7088562669118676,9,96.29824285157903,night,10.904544699932933
148.63178793850886,5,6.922463818139732,4,98.49699253085947,afternoon,15.650936804983786
13.641161777956698,0,7.916922697052552,10,177.38954279347226,afternoon,68.99520582308726
3.6576070748501848,9,6.622027918690742,4,178.58890837315562,night,88.2965822030886
205.18216630747858,6,3.78115747336667,6,63.55140678226159,evening,1.3614398348174648
340.92092720851923,6,4.540768810134145,7,108.77790351826556,evening,0.0
229.80650398124357,7,6.25032221356607,2,56.940167515387884,night,10.365207748209182
65.96219735036615,5,7.620832320973218,8,135.93257741731432,night,46.84081634866194
88.89370690214271,0,4.431530370849571,7,136.7969205221066,morning,13.65923867110429
47.94157711491515,4,7.3751875146723025,6,176.58545357300466,night,52.64810959601326
5.070560245366575,7,6.030811348877944,2,27.352737210236647,afternoon,95.40076121961533
246.7864777896607,8,3.6037441991277546,7,98.34354239920809,afternoon,14.214470552991681
103.07745249064598,2,3.8731527925517537,7,33.021204469030764,afternoon,9.904970996155173
37.04571814138278,1,6.6944054634821395,7,50.613798263488015,night,30.61292201684539
47.323462722482375,7,7.219652725867316,3,119.46197010144573,evening,73.86005480875714
270.5316704817678,0,9.25100953677548,10,109.44876471298971,afternoon,0.0
148.46414161515438,3,4.749991146566822,4,136.84226630056918,evening,8.065030485418427
106.03894109625688,9,6.325552860351706,2,169.589221617839,afternoon,43.500951597226205
26.533355107351674,4,3.219530981632119,5,134.7664629489091,evening,70.24056187725436
7.804978030151203,1,6.809260811593675,1,41.51017587271442,afternoon,75.75149457087909
17.37337862586546,0,7.4859789549092,10,45.778497106146084,morning,51.07012902706145
287.6022978660296,1,9.533172662438371,8,47.224921607986225,evening,9.07672424083314
206.08373287075207,0,6.74432860467851,8,56.06374533810732,morning,0.0
3.691385822997032,0,4.917404094409326,3,102.82848842007022,evening,83.26160184614012
191.90476557618743,7,3.0599844756751846,3,82.98487016971319,evening,8.339283293329576
133.74847266008834,8,8.046252533364683,3,48.57060551650062,morning,27.167523729857972
369.28724488043815,8,8.822306985615729,4,12.659360202263803,night,1.6896773500475162
27.684203609787772,7,8.171446202430184,4,36.01724151784962,afternoon,81.62408625940235
101.43318185673118,6,3.8823880195249236,8,90.97750989404226,evening,17.82169815445755
144.80436842893252,5,8.543345768955659,6,164.51601650064717,morning,22.109999356914628
190.86566552979292,2,7.419642054768005,6,101.26759705500237,evening,10.374976525234725
120.79014975421492,9,7.12487137129667,1,59.535345623524464,night,28.9735457721929
275.6557008059861,2,6.510131938891709,6,86.22237902336799,evening,0.5734195046981791
15.692771205957262,6,6.178676153642757,10,145.57795913830063,night,89.46942812643323
2.287367786651543,4,5.90136685478052,2,128.23303806020056,evening,91.80233303513903
32.45657435955241,4,4.395665733074389,9,151.54353221652553,night,59.36856741949731
120.46236736579525,2,8.301815388317191,6,38.73981735272998,morning,14.31185731228745
177.5456380346222,2,5.315564963467303,8,147.82251440067972,night,0.0
185.194099529239,4,9.70119529233961,10,59.16030315559533,afternoon,14.921620276687568
30.57251144018955,4,8.673615406104604,4,59.34822514350926,night,74.19338361302017
39.06549698979564,3,3.5585238654380027,4,170.2951609365986,night,58.84397216272544
112.77897548009803,7,5.828768934200699,4,145.18681971016505,morning,38.137344495601646
95.51245518071366,1,7.0155724209213,6,163.38175592635932,morning,24.204311788836932
11.117917000050602,0,4.855862830120176,5,153.91086383097888,night,71.34639316996832
7.9476213552178905,9,6.454715811628346,6,38.00478151091309,evening,87.2806081307356
149.69738815704662,0,5.574930267999607,4,112.36869079611016,evening,0.0
196.1815750885884,0,9.632736955134117,4,45.64235675898907,afternoon,4.083173036601163
74.4683287517961,5,9.596106565308446,6,153.4097807509018,afternoon,47.93538377781949
49.44635067234084,7,5.384667745752212,1,85.00418737619852,morning,60.69592071826789
153.65817034603253,4,7.131618381844511,6,88.36483067613173,night,8.962071258813527
142.05364162097584,8,6.304817209632686,3,19.910524656600696,evening,26.147348360163086
47.10490651080685,5,8.993995896327336,10,48.829523466464565,evening,55.285585232810426
27.025765051729387,4,8.516832579616533,6,155.23881707306163,morning,74.6873903498784
94.93870774788611,4,4.3579576935637805,3,146.45545766000623,afternoon,31.926498308641865
196.52865148822045,9,7.069565900432024,7,42.60148790992407,evening,25.402313530851075
127.3341770575202,1,3.397039674862165,1,40.30450285309149,morning,9.346152823229646
103.5513386918457,0,7.302487833381513,7,159.0216802019532,night,10.070036854009185
49.70392369673568,4,9.64378719821773,5,132.34807714834238,morning,66.54839478648258
155.78517062174268,5,5.004562475210109,6,88.29622128558347,night,0.007534076933536582
23.86621687636774,2,6.919251710751646,1,63.06180706927801,morning,78.44020540240005
62.74246864467819,0,6.743606838434177,5,111.42719050071399,night,23.53220768489493
168.260455181989,9,5.137281293232864,3,140.9223196279163,afternoon,15.368289911916886
89.99771609534919,6,9.470480423356603,7,114.73569459549888,night,41.32320218925312
180.17010358068535,4,8.909467100433623,10,20.117115235875644,morning,7.570721222201687
207.71680365063477,6,5.47972202232471,9,59.40930478211029,morning,8.935866066129652
143.06024677206284,5,4.040707945873274,6,27.76200720233189,afternoon,4.060004151329141
8.645115544961495,3,3.0999388718008265,9,105.64754129745602,afternoon,79.08246059703846
71.422871440598,7,4.981118761186387,8,156.10387908170364,night,34.8075299636102
134.21038905421563,4,5.13415550173845,1,68.09101948808703,afternoon,18.449297635280644
71.0013176347486,9,8.69227503099123,9,131.6456806464795,morning,60.145948931995584
287.97751052173874,6,5.21791460555231,5,127.28232056327133,afternoon,1.3887163770450113
108.13095007570425,4,9.851992106247643,3,23.232656028787385,afternoon,27.2006190916642
13.440022662558746,2,5.038563230047933,10,11.323274945724416,night,68.46120302298203
1.0,6,6.028209281698491,5,71.7651608467317,evening,100.0
42.12811317196905,4,4.185323001848591,5,109.26126997324823,afternoon,59.95090989263444
29.008103746298808,4,3.6653252106317993,6,104.66355023287564,night,63.52031125465787
94.61545082867259,5,4.2561166630659715,2,16.69962099936629,evening,29.709896912554346
91.19401906283198,1,7.88750817446131,1,47.18585492769582,night,20.229040071190727
76.05750512461599,1,6.7060501837889355,4,64.79753787376042,night,21.72756441233023
74.949271933719,1,9.922129984962803,9,134.00243597706154,afternoon,24.64110736762284
325.1100873827862,2,4.579862720733011,1,84.9453691594277,morning,6.424511282339038
8.879312988986616,2,4.472705881458868,7,69.1546732463868,night,91.74693547686954
20.835333162665336,4,4.01940116967816,6,86.65424749212222,night,79.48901875993266
210.34687627775858,9,4.925894301632645,10,128.50549350432897,morning,14.97747620450804
256.1666303196966,3,3.5059019630794603,5,122.40967515451717,evening,7.825144181490176
265.9637955836428,7,6.427113173701332,2,158.20562107419266,evening,0.5172570908110172
7.617424241232954,5,5.360664255850894,2,36.809615614113625,afternoon,93.36135288018062
18.730437736886834,4,4.073923055876212,10,146.71449424062277,night,63.496972843252806
85.78318356520303,3,5.489353994802959,8,122.16645923805382,afternoon,29.608244657713577
60.67827905049509,6,5.6284903541450415,10,20.94886972255734,afternoon,36.062664328241624
33.23371086008641,8,6.639986868258452,8,39.06063190648959,afternoon,56.07900781586283
211.11177933245955,3,6.4545642786242,10,35.93761813140439,night,0.8666436348688032
144.36202222902466,7,5.829540307252513,7,27.74314787408093,morning,19.45023639246261
41.179815244870355,9,8.056178178265954,7,81.92283887540209,afternoon,70.15287861065444
8.902578650132082,8,8.191221138160461,3,105.6489695321769,evening,97.18241652384101
5.850302046181403,7,4.107685192706839,5,127.02355949560683,afternoon,94.83954390481088
131.1661268117439,6,4.928896690848601,5,169.1799348302475,morning,30.836639650846674
188.25028840751386,7,6.507331644560928,10,25.889549273755403,evening,9.004062804682482
56.66713891299936,4,5.914446491575022,3,100.22760240598419,evening,53.29660117199215
85.92029185102953,9,7.893743437797885,8,105.657088484424,afternoon,31.87318588605472
278.8843089490171,6,7.4917299711304715,2,55.97585153014249,morning,2.5682721541475164
4.805307281024227,5,3.8263815508203636,10,18.078018725208764,evening,86.53773859611302
103.79090460910403,5,8.478560939760136,3,97.56434394920346,evening,29.99841582734846
60.929543114758474,7,3.985448380085624,7,91.00319755015046,evening,43.458970416557854
85.1892345845027,0,3.5226315125165684,4,13.509384722784858,evening,0.0
42.46589406814218,2,3.0704979438259823,8,174.42624515740562,afternoon,42.80068852593181
129.3939440277343,1,8.370255298825631,10,103.8430892902607,night,1.9673806744762627
61.4682411651098,0,4.397797983177254,4,131.65804359481962,evening,20.50589553001032
291.130713018835,5,9.760871425408311,1,157.06063009734126,night,0.802034932918164
235.64721121518696,5,5.952284861989373,10,91.72138960234051,morning,5.241906004572414
2.1101095363539786,2,4.90302508708141,4,116.94931538506023,night,95.67946485226031
150.24813475029487,4,4.82443418329901,5,174.25026422187125,night,21.81809910434838
97.08062610338662,9,4.303155250222492,4,33.524355632126124,evening,30.067834223061375
218.94208136055576,2,7.232288994536551,7,96.71023885250443,morning,8.926821369288183
44.83719665751806,7,5.976325685015608,9,151.4101001256172,evening,63.2911226379973
43.97141688893224,8,9.529453872814141,5,120.06597703771219,afternoon,70.82388433165643
81.23905462337122,2,4.551531202322915,3,51.26154775575914,morning,31.065697248791583
336.13879056995125,6,8.080397328704443,7,171.07112984725617,afternoon,0.11562836700467338
52.69604368979581,7,7.438385392076883,6,138.4232871057447,evening,60.8299425049048
49.644081892389686,8,4.296452581507254,8,144.9521050652648,evening,51.18347133451206
86.68536074505994,6,3.2441621407401935,4,72.09151427461322,night,31.013930557132475
6.4391837789131365,1,8.37879950264146,4,120.00891436559607,night,88.2463987564981
83.6903491316515,0,3.5517265406994882,4,97.95821927024424,afternoon,8.900212752599325
149.38760859104178,0,9.538255434613074,5,80.50508643009894,night,1.9894117390510164
32.448019552404176,8,4.400062447789233,4,89.28691495126469,morning,78.24653977632413
161.0985859094179,9,7.156255266850257,2,100.71025411876947,night,23.938039460596908
129.9459456618578,1,4.762973536419963,10,159.2268157635274,evening,0.0
54.384164012869405,3,7.540519613434441,10,156.68663811197803,afternoon,58.127268919920745
26.538978002436995,2,9.859902751009766,3,90.86969329213956,night,64.83074174324241
1.463862537287572,6,8.031657644644152,5,179.2377962603552,morning,92.38265393005696
6.158008022613539,0,8.52470652546491,9,134.04893666594256,night,90.76980057025038
136.95877921392798,0,8.70644464295955,9,72.50186783004841,evening,0.5411778621139929
1.0,6,9.327860063390887,10,19.47503950523836,evening,98.46107905836249
49.131409524609566,6,4.084592497365551,5,72.30390845739778,night,57.542929526809736
324.8636101296369,3,9.848278335115332,7,10.854335572103029,afternoon,0.20102455288956866
40.78237509458107,9,6.617857374141494,3,108.56257323680069,afternoon,68.25841030717206
109.68498910556981,6,3.407174311046473,10,142.35585408294912,night,6.900135388796725
100.09661711958697,5,9.55302434802479,8,131.40243891236597,morning,43.04288049234317
266.28048244374054,3,4.26271233177399,7,46.62980356736591,night,5.544960291040832
12.675448897582791,9,7.012936821272424,10,151.2568234397146,morning,92.11469810244512
162.9158396728946,8,5.611049699149925,3,79.91290774140774,afternoon,18.436616168515087
223.68120800046322,5,7.413647995737214,4,72.91517761189505,evening,12.231384841252892
286.5635581366081,5,8.27961926344684,9,35.47248281195458,afternoon,1.006740024884118
3.5984545952442564,1,5.132450826055037,5,13.48110417157364,morning,90.90583313647102
114.2583611552499,9,4.640135695360245,2,179.91588225044782,morning,32.012192557410046
100.65762233058325,6,4.592137778453598,7,171.9531227767223,evening,34.13188969967729
13.796438722158692,8,7.739892420017314,7,150.07666615670112,afternoon,82.20668686545089
48.216294642964826,5,9.395687182099035,2,84.82523602810252,evening,59.1226779207437
315.90764538678707,2,5.709913562798038,4,145.5163679886914,night,7.3934637285332485
169.61762528413843,4,8.5420131730899,3,109.97466179529862,morning,14.934397299293497
176.3263923613043,9,6.849852904687049,6,71.61333990192102,morning,14.235619453677392
166.17581869087522,4,5.357548277574748,10,175.9335466576495,afternoon,10.609696978729009
323.46070889363466,8,6.1027740903247345,4,89.91631293675773,afternoon,0.0
110.95672791933949,5,9.368765485824422,3,113.3962563045278,evening,41.23373152559674
47.12936752004765,6,6.1526824912730556,1,90.08876034961816,morning,66.14367732377144
68.61045907677803,7,7.808568489666921,4,40.5823741849226,night,43.8850203361433
112.1549336770317,2,9.059906946268026,9,169.68695267630775,evening,24.771203050122764
260.664705041148,3,7.185376945843327,2,95.54560084776232,evening,9.037051445584462
64.71413447973032,7,4.680886343160639,5,174.22954257008382,afternoon,46.37838502516805
291.9637458806527,6,7.0556580914356415,6,55.9423087604914,morning,6.29475481464341
502.94151204264875,1,9.265743580110644,1,173.09457524578107,evening,0.0
99.2594661313169,7,6.634587209326694,1,33.93097782110627,evening,39.72891582304711
42.731183111557726,7,6.28502937656238,8,72.52380453169582,evening,58.29084303427226
280.91827933307275,4,6.584221330840428,4,91.11206045726615,morning,11.13878624666851
24.950413498771564,5,6.687382350886444,1,101.2769544414199,afternoon,78.61250868806873
31.357758662529395,5,9.14162164378974,4,95.60807237756055,evening,70.54767822870677
204.71560699844673,4,4.345209132501143,6,61.63256211050207,afternoon,5.437094904543161
120.2966634430082,6,3.397883994986719,1,164.50008526469546,night,21.20081396681511
97.68928434680156,7,6.479165534440447,6,114.09291910286746,afternoon,32.165808084187155
13.695296825440208,7,5.1874182829999835,9,176.35832712609357,night,84.7241440573251
57.91216577969321,9,4.858494520527975,1,51.00515168676391,morning,69.30863416682416
80.51448676405836,6,5.364291909925604,6,92.02595053495926,evening,41.058715773925655
36.32739149810984,8,7.726325908581368,2,38.49566585289936,morning,62.96534020968172
2.9446667885110194,8,3.6597014648316795,7,123.72213071160667,night,98.5606246346637
113.79347569233136,4,8.279976331246512,2,52.39388395930166,evening,25.23958790375962
26.892290664980784,7,7.367619023329718,4,30.96198690464221,night,83.80849302420218
1.7491634849162014,7,7.543642183769837,8,21.08396034004558,evening,97.65824486042052
310.23008084091543,3,8.458730729362005,2,98.27761400719614,morning,1.7036117491262077
223.78283950598546,4,9.220852503493589,5,57.636789188397074,night,22.75351482910577
35.753269133524604,5,4.622531943316058,1,32.29060561780497,evening,61.206103118366464
96.7662063828762,6,8.796416799130135,3,76.58331228939751,evening,39.49181997597502
62.22380533349576,1,6.487055041758039,6,88.51185387530342,night,29.625107050635567
18.087441797466475,8,6.329344300157812,3,21.02181719365251,afternoon,81.02802634031084
69.50447082386412,1,7.755216657194874,7,101.55917559521458,morning,42.91096763769067
56.584879836690256,7,5.33159883665711,3,154.3524821580468,night,55.0925152734965
24.933117047487183,4,5.108580236435956,4,125.59635327062945,night,71.47731612706683
30.881743809750375,3,8.022041156147775,5,123.42235858923534,evening,69.88886498325678
22.663527222815254,3,8.957775780932883,5,173.5362013048014,night,69.30868107331852
186.45305117038714,6,8.098469862335932,5,95.88850122628457,morning,12.00102743056527
101.38454794659256,6,7.901502611917339,5,38.272989035544,morning,32.47011886918833
11.48154881477291,6,4.980632976261319,5,174.0553758946862,morning,90.13882757462514
76.86223711336454,0,8.532852331180916,1,54.49798773629402,night,29.080196691939133
57.90635237723058,7,9.023580406112115,3,145.9283694973405,morning,59.962946340953216
65.17596873325033,8,4.922006208857151,10,46.381209239558615,night,34.52935253585757
49.21099376147278,2,4.8669240144604995,9,37.2125979327442,morning,35.627828022328906
312.6743426732833,9,9.457049277026389,9,12.000066042389607,night,4.933701258230253
269.9117526487244,6,3.5880120016443797,4,61.721872952719394,night,4.936392495267396
207.85202194607137,2,9.68058553559765,5,77.6520195542267,afternoon,8.751690141913851
53.61468074448196,9,8.453657603672394,10,25.06760570742873,evening,53.076047463177126
5.974277425027912,4,5.523241204044789,10,179.4937067754885,evening,88.9693106985409
311.68197722666145,3,7.670493042193352,1,28.380969921106328,morning,0.8696374180177622
128.60196889404304,5,6.388272581594939,3,143.02704139499102,morning,28.45216891255084
53.3803497458734,5,4.756905398662269,8,57.47509726696826,afternoon,48.226691766022064
32.25336449236022,9,5.9217098939038255,2,57.81420346468068,morning,75.2601799617801
25.702472656177775,4,7.964904081688691,8,91.2391031108642,night,77.69495025200894
35.13101507213365,0,8.505842554555073,7,20.136339145835706,morning,39.05385492543396
31.79002007206128,3,9.107258662809773,10,70.14648120947584,afternoon,59.56346895840672
185.21969953276854,1,9.987942002112725,4,58.75814621149276,afternoon,10.778165219154902
16.23576574966493,8,3.9944312661014356,10,151.01881059902368,morning,79.06287116724855
314.77259504849275,1,6.719525821866868,1,127.16905518170182,evening,0.0
173.8586070731895,8,6.048535192172815,3,115.8464246515263,afternoon,14.732829218483118
120.54220927796148,7,3.4030030571195797,3,157.50992816033695,morning,27.216698068256072
48.12555443866381,9,8.72979805933852,4,112.26324608455005,night,57.777617059210684
16.879218121827584,2,4.248787763500067,4,148.3828450383881,night,77.72302656804685
6.107789248717043,2,7.956166487985382,6,156.55429459283934,morning,90.53805349597359
101.02745207850066,6,9.204634692370767,9,147.5882808855794,morning,31.33218845470771
94.59067864825147,3,8.932504342634392,3,95.90644566709965,night,43.875341298710325
40.55848857274978,5,4.950996005988043,8,77.8982819859927,morning,52.23982082848005
433.3297201792523,1,4.884892970136454,6,17.13498557903139,night,2.0138954455702125
184.567352158323,0,5.020664118728224,8,42.90237345072734,morning,0.0
143.59876936767168,9,4.100914738534753,4,105.08131825306059,evening,20.559692833857298
164.32695438833616,4,8.46661373265341,6,68.83886780599957,evening,5.275620790010217
218.90684434970115,1,5.634719475091276,4,35.96757338349482,morning,0.0
68.08064886708989,3,5.410996323520318,10,139.12551176536442,night,37.35925277424925
50.52683939393709,7,4.866593344927532,7,77.02390003427669,night,54.68997394741553
47.565833646912054,9,6.21411391263138,6,72.95442982658878,morning,59.668746992114
22.10155256368872,4,6.676753253813418,9,12.857237569594224,night,65.58383568904028
66.18858526311031,0,3.722811666052578,3,99.08640387748977,afternoon,12.627943390638702
117.1081275292496,7,7.778514176051919,3,88.50096228736743,afternoon,32.12576809254019
80.15592295028947,3,8.142956039015884,1,128.0941940314828,morning,45.088850513739274
64.27530333196536,4,3.346132056755431,8,11.693156004731565,afternoon,29.01384048066627
18.261559474683327,2,3.063039649851327,4,112.02388214628256,evening,80.20950612114564
113.66141220908102,9,6.700408862756335,6,60.66708871897547,evening,26.429695509924077
8.184324967188095,8,5.226067933700087,9,83.39458005328436,morning,93.87376263455408
256.1566352055356,4,7.991220194625727,8,53.03586133323496,morning,0.0
70.11326338856841,6,5.310782584986688,5,115.44739890714328,night,46.36116538879942
237.04121020059551,9,9.588807372296818,6,178.66150012988695,night,1.9561088896837333
173.39577387042232,2,6.118210818596538,5,157.48473886574155,afternoon,1.842433467391018
165.58803261450268,5,8.974364665685428,2,19.20284942839453,night,13.703407323033808
1.0,1,6.938578837699165,5,149.3180461807121,night,100.0
113.76148225154527,3,4.1960213957052535,9,163.91344200461265,evening,20.44174050941583
81.88618304257017,2,4.114981261446209,4,89.55751223767012,evening,34.0971146507749
105.071484360035,6,3.5113624376746237,7,27.81984895993014,afternoon,20.728203707036908
48.86977896146554,7,9.707758205627522,10,169.96085285601126,afternoon,58.94358747827445
5.723963776147361,8,6.673717252553188,6,110.35084219845193,afternoon,91.63352906016834
25.581990951001448,3,9.341663434362511,8,120.97827235842132,night,61.49520229092842
16.3495166505031,3,4.286098382390062,7,162.0451229832155,afternoon,85.45675563843015
46.58642456095593,0,5.247150683921267,3,146.45488812946877,evening,48.75381385849387
78.9042760863349,3,7.38092666235427,3,118.73491118240054,morning,44.63468984688271
95.21974117355202,3,7.760999900381739,10,90.56635935490263,morning,29.81515458476541
28.382676223070003,8,7.629127736008067,2,78.63862378131891,afternoon,79.75565116225202
2.936069870821382,6,6.755882697075595,3,33.8109750910192,morning,96.52766857622522
108.20416112552039,3,5.780451130148281,4,164.91002062610784,afternoon,24.619525821331333
41.2246267924797,7,7.011195721622053,4,173.58956208433975,afternoon,62.248419859964756
43.38009330300249,5,6.67641540161558,2,108.4494258788529,evening,59.73914372420344
55.1228539639754,3,9.716077170188154,9,168.45740212772768,evening,54.39456879249308
166.74541977106165,0,5.936777511686982,1,90.78361230768141,night,0.0
139.57890081626843,2,6.2116486798832495,5,76.71562425223698,evening,13.320961515398825
210.50028902315236,8,6.983990993179878,5,112.00246117170803,night,18.028527216688275
70.89563328897722,9,8.827698441546675,10,18.1544849585109,morning,33.10377130906177
86.20957210857792,8,7.560424074707291,10,51.699315919419305,morning,31.56600748409781
35.55139794936262,7,4.432155300042431,4,47.86721514446206,night,52.40787770829491
177.30681664491712,2,7.936985368275187,7,171.6211674995516,afternoon,12.549427720971062
34.09881471930934,5,9.472435743183922,6,75.91013273228486,night,68.38611093407737
8.86428973433724,1,5.159965483122418,6,16.56482295408265,afternoon,81.90854566271595
412.5181867864909,6,8.091781056921661,9,32.60975980268866,night,1.3648147058357696
70.2391647820276,0,4.845728210168424,5,151.57175530864936,afternoon,27.773207764575794
14.820328065187745,6,5.010487997891531,6,33.162842389584924,morning,85.31746041730493
431.2915244418445,8,4.367958106468443,2,125.39191719847291,morning,5.030273982918897
21.716570690807046,7,6.671145761305764,1,117.78013046071797,morning,80.17572456165695
3.040001820710302,1,8.295868620404715,2,71.91437785041774,evening,100.0
18.81400003396276,0,4.3662223052800435,4,17.561122096537197,night,43.7709458461135
89.74846349414645,7,7.057276294597988,7,39.69893713804282,morning,36.121554640662744
111.82748425255292,9,8.072264355118222,1,137.92042545907918,afternoon,38.617744257150456
24.202783171797325,2,5.37361329283876,1,41.62579043311737,morning,80.77927578777552
30.877048373118527,2,4.823622118051783,1,109.88550126546572,morning,64.36565000128648
355.4974744306618,1,7.181445106844972,9,94.27474520141827,morning,0.0
28.885709316145714,5,7.675557211836457,4,145.00766050239363,afternoon,73.1946510934516
81.70733211414868,1,6.516819554360887,3,63.98276180140747,evening,24.503924517813136
29.813998030804495,3,9.282380193567972,10,68.5545090328467,evening,66.3486567502834
68.14059600506448,4,7.950875430665074,1,39.47343664877639,morning,44.19236120326969
2.2479243747874516,4,3.6786597483870027,10,79.83757460363805,night,99.7362165426255
8.295912826503507,9,7.166401266338064,7,25.056589550263617,night,88.06068179595164
93.0216468436059,3,7.510559903447971,10,70.58501318139156,evening,18.42641762720038
214.92197841233593,5,9.642046921263576,3,36.50321140179096,morning,10.887801416440078
81.7563996657212,1,5.855940384287108,4,31.85813433546934,night,12.035662626449898
127.76519426504427,8,3.1794257491909583,9,28.09609010162834,evening,11.093223815756806
54.192234066794605,4,6.842662189504789,9,107.74209384903904,afternoon,46.44828609437694
60.94160065380168,3,3.26897951947341,8,90.13257872940957,afternoon,46.9559946613066
12.265813710274783,6,7.7389972375605005,2,169.43062518870514,afternoon,95.63632046165957
149.35578915410554,8,9.001294764734869,8,86.38028955236327,morning,31.788189755256823
17.324193664899116,2,7.242767198970812,2,88.25732937246498,night,82.29150766715581
13.734332672851107,0,6.027131517236496,9,43.36882402432294,afternoon,57.30309953222178
55.18180949396661,9,8.0886770811317,1,178.3451587539178,afternoon,72.32211705044101
289.24943960295917,4,4.73333221039234,3,27.039419289968635,night,0.9491204677760482
97.38858229139288,5,7.201417829648065,8,110.80804309302668,evening,26.047822384506862
6.849910880262746,3,4.641141941656277,10,155.4326122983128,afternoon,93.42003922461203
78.82696015494132,0,5.119232993298628,10,46.70949468342297,evening,3.090127906174466
374.36738848892605,2,6.600682725577141,9,101.4930431863485,night,5.720015582621558
63.678923786586076,6,5.901645805731268,5,36.1151540957397,evening,53.693341133403116
1.0,7,5.057459102800532,2,115.39426954868176,night,98.89288485235662
112.75408214456947,1,7.164412146432101,2,11.712522538849347,night,8.597960030350766
166.42748004745792,0,3.746997019956381,7,81.44934420922338,afternoon,0.0
3.90502104034506,2,4.462222249003902,7,19.53362877482405,afternoon,87.89846153824764
26.493191707444936,9,6.365186386868058,10,51.27625497046678,morning,67.38621057024316
49.76987309223701,2,8.780309203318778,3,163.9989917563541,evening,51.05723496011459
720.0,8,4.31006534819251,9,158.7386651396103,night,5.906976778295465
129.81072636954212,2,8.209196980279733,2,70.16399046366598,afternoon,19.819794163886158
57.141846665945565,9,9.389872007357827,6,121.77401909744015,afternoon,58.286448021231124
63.63276999219186,0,7.678524914821758,10,86.18187890907713,afternoon,8.806102359513055
258.3233783880449,3,6.205472059026285,10,52.97751492071364,afternoon,5.981797462300624
52.972489944498854,7,9.342682147506482,10,157.9093828285781,morning,59.64921840215798
193.9587370090132,2,7.302499732544202,9,39.740822327475065,morning,2.0465917992314475
313.59564645154813,4,4.80023995217099,6,109.97788370113965,morning,6.290143824253722
17.805916682829828,9,6.541758941140021,10,119.05336274092893,evening,80.26461200871472
251.62334655170304,8,4.775686213851875,10,156.31082085589486,afternoon,2.8029409994961827
133.1907063874466,9,3.2174315949612344,7,129.47308911821574,evening,17.043537594593086
146.98802594837412,4,6.9652662418574405,1,89.2104716580974,morning,24.01146835760521
213.43315310038074,2,6.425031102526337,1,10.417279695453518,morning,1.593164713375442
11.86839544698758,5,7.41320808069697,4,21.7278424039757,afternoon,86.29753893812224
102.51867210524763,3,4.814578410016107,8,170.20848700868834,evening,13.56831374296874
21.903295115450575,1,8.246127515537058,1,157.1931890874289,night,67.15487528533737
532.7942142164043,9,6.1454013675127515,1,169.31464435857072,morning,0.0
34.777956959944625,5,8.044675072220976,5,120.70269238564632,afternoon,68.27697292503434
6.044958888303913,4,5.105643127598039,2,100.4991137522869,night,94.45508569992188
397.4163395926859,1,5.101589780789705,4,12.255651946348756,evening,0.0
38.39860462067276,2,5.306794934667174,8,115.0663791950827,evening,44.353703123890455
176.0675600774882,2,6.152730534841517,8,127.06664139014968,evening,0.0
189.90765018017134,2,6.756402330112628,8,129.0318853411776,night,3.5926645141554197
418.08637782392,2,3.728531694927729,3,117.79310040545614,night,0.0
41.48653413103794,0,6.6361011228810245,10,156.32353257512716,evening,35.29847482744155
251.08403314845728,8,6.701636527097365,5,29.520935392632815,morning,0.0
27.499624958598048,2,7.5237676236003335,3,13.0868541532034,afternoon,74.36570889178793
278.95043623623934,5,5.873616482537853,2,58.98541313567375,evening,11.069921950730418
357.05431230123787,5,6.942386647137129,4,85.98766932404104,afternoon,3.564784510196561
512.023821465949,9,3.850855325116374,1,44.757414841297475,afternoon,3.6889635144382456
2.4509629546350387,0,6.28497594684169,3,156.60873988982516,evening,93.13891330556703
161.42954637106823,1,4.677164180757739,5,170.3182978083954,morning,9.053503999443675
5.854338375186663,3,7.704735469096353,7,65.20760352442434,night,91.86351259504028
51.69523565687712,0,4.461221176790405,10,153.36650033162937,night,4.9808599504208795
28.368603702908885,9,6.931769725552272,10,104.26713446746406,evening,67.11365880397356
23.040904381571007,2,4.3960823590925395,4,145.24864246503552,afternoon,66.77806475926587
57.866407779364245,7,9.931342524761703,10,58.177608077000954,morning,57.35483269727912
51.996171417683726,3,7.351407046302494,1,42.074289508765546,evening,57.12349443470842
216.39588979351652,4,6.4164210938876405,2,48.61534510228087,morning,11.933667153228889
530.4952987021643,4,9.408310913014606,8,48.816242220862776,evening,3.5152802689056792
290.99111299178946,5,3.990841956914763,4,16.53367677623181,evening,0.0
132.29048855768474,7,9.522780061431337,3,21.156759207075865,afternoon,20.36603825459619
12.901380001708738,6,9.406234360306184,8,56.09556140012733,afternoon,88.23643432609491
37.28312624017243,9,5.088663594930283,1,28.799678473872305,evening,68.93969721203108
98.07995179944184,2,6.57151153854883,6,88.62402658211448,evening,22.378802922406187
106.49750662146982,2,7.678556586133031,6,90.64334879568523,morning,22.23131789283134
51.33823843788582,5,7.169764450761807,9,162.49654776261636,night,42.12244756690674
212.06802595774545,7,4.9224581587188805,3,149.58227791969318,evening,16.200468534345273
113.70695503475524,6,4.756246634476959,4,162.13480923599317,evening,33.87189664081619
255.9860997226459,6,4.049260067297107,10,139.72030263971712,evening,0.0
14.49243159264936,6,9.067520187051693,7,17.515826469069097,night,86.53609668120562
36.536173516772095,2,7.8595877122919315,6,117.73444085979826,night,62.69063018955876
26.736510934053157,6,7.305886077852182,2,84.85980156185289,afternoon,78.43356682913424
77.34402520499802,4,8.114948190540204,7,53.186017736076415,evening,36.20906891310732
73.51353467930866,0,5.161544208604171,6,46.38891755866381,night,9.574097530101689
39.81548200026145,8,9.679809090607169,8,177.90409162969365,afternoon,75.57486095146768
8.441194489522955,7,6.562133759865343,8,171.76865260477783,night,93.19868562198474
130.99694121786425,4,7.479514812153673,8,112.49449794219655,afternoon,23.025053260177504
1.5983510917534995,4,3.133683589222431,2,63.33499400359116,evening,100.0
8.495461771373426,5,8.837935334693675,4,134.06134834714675,morning,89.48205613839778
83.87425832839902,9,5.188594200486536,2,156.06097389988844,evening,54.58875407772438
193.6035205323311,2,9.661224937498517,3,84.44822985405304,morning,12.46743713476834
23.421281240287733,5,8.071208639065373,10,10.743576988111588,night,77.5561265624189
2.2863129975798655,6,3.7737895509171473,7,137.69522252983904,afternoon,91.77297309174797
4.546747663759849,9,6.001980529146469,6,137.92024255913554,evening,92.59735660650948
478.0036206067743,4,3.9734138805575068,8,168.60363325640353,afternoon,8.120978735194711
8.08231342234048,4,6.031521536011956,4,86.5211263479906,afternoon,92.5884421406888
243.41566765262664,1,5.978018359794419,1,74.6998231326204,afternoon,6.155136368279825
140.0125299329576,4,5.4484071982655475,4,111.6839811129906,afternoon,18.62072226929008
1.322903628460163,9,7.567688144252932,6,117.8018978473565,evening,99.21681991485906
173.08380109307498,2,4.884470405129354,8,35.03654744471554,night,7.896393376580522
6.57897362045114,4,7.406572255068548,7,108.78806159864239,evening,90.77409356986797
223.98097935069026,9,3.837413076612492,4,26.913458722603345,afternoon,6.328077547511813
43.72709748407532,6,7.063634936734591,3,138.83588075225703,morning,61.88271517000568
37.19086369315825,4,4.820811881107794,4,128.1141297617934,morning,60.70562307955481
134.39685268507714,3,5.58949666713961,4,147.38860202209187,morning,18.790771802797984
74.92477097631874,8,7.443853091854522,2,66.48744196663944,afternoon,46.641240628289445
94.4971627558577,1,9.71842487236423,1,92.3162211791644,night,35.65038380553729
146.6386287137273,6,5.902340436775345,3,76.8492186553892,afternoon,23.111352547626005
3.0345555265296937,4,6.015328108532145,4,71.92942829450843,night,90.5183033583677
44.03300178550605,1,6.926695496480024,1,50.4087892520589,night,45.9776967066834
39.30689665999586,0,7.783353968961497,7,119.65532687383153,afternoon,33.10133074950662
233.8834484564226,9,8.809702564093275,9,83.62293743975475,morning,7.341595578225725
530.6717804222537,5,7.025604529695807,1,112.58098834028816,night,0.0
36.62847433573675,4,7.03732593205147,4,78.46450287738425,night,66.3314295397989
344.2587258642085,9,9.58221307267485,7,174.58688825867776,morning,0.0
185.5512439347928,9,5.433445608833409,3,77.76194266213749,afternoon,25.286688590087508
720.0,3,7.733636145283342,4,159.54571979046494,afternoon,0.0
220.31236016668853,5,4.122757125043016,9,95.47323083123518,evening,3.8378664291982822
231.57375505629102,2,5.778523036690441,3,73.86028503381013,night,0.6548505197332193
193.12755312942954,4,8.981956182588682,4,130.48265563725934,night,20.458388935190744
14.062176010465453,7,7.035610533420464,1,44.01134539498622,afternoon,89.47364327209444
10.486885060012344,7,8.48169073375105,3,154.74457837628944,night,94.0915541499684
163.31702862830952,6,8.829310679169,4,27.334622723696995,afternoon,28.756596774448873
78.76603431992288,0,5.1111762521214645,9,96.56596949182725,evening,12.269706209918958
221.39805571742565,3,7.753901819344033,7,99.17954844249914,morning,9.02941883803993
236.7337614647178,4,6.432453087389626,5,80.39166530487522,evening,10.35665557268649
25.01230800385502,4,8.658677018676146,7,133.11567123827118,evening,66.3544543481875
40.535527237849486,2,9.330329932727778,10,120.01712539158275,afternoon,46.71621766842199
82.10834972844759,9,4.755122782014381,7,70.42817482030357,morning,42.866240941620866
122.44951724931765,3,5.345769020258608,4,99.34344392553903,night,22.80097673728785
49.165634128270504,0,8.681995184045839,4,55.18590172787434,afternoon,37.9341129082738
16.81283427129034,5,7.593595932861646,8,64.11358402291202,evening,78.33903943443424
186.52945575588765,4,9.564271108580385,3,24.914767634658816,evening,19.032616814217075
280.65924067606386,9,4.445592154508488,9,71.57882186957224,afternoon,0.0
4.5850440666318475,1,7.896912716161432,7,103.80247823336822,evening,97.83282397685831
8.71295078873653,7,3.3494573996436534,7,107.40891949931078,afternoon,88.9335482005066
50.38884353544965,1,4.9710200009887116,7,34.665205928653506,afternoon,38.086726408130886
46.21740098822748,8,7.365381631080849,10,78.11183423445206,night,56.298795790499106
260.0866411658499,7,3.1692463062791916,7,69.91327434396591,night,8.889904700319684
136.11871805318387,1,8.703544011451273,10,74.81517224513803,morning,9.90157832661238
360.171537028922,9,6.191470970235919,9,60.796520894156686,night,5.504629343425382
92.79191612901002,9,8.565985057580656,10,61.91979026515754,night,36.55056748484773
2.566917398369594,0,9.189030490900052,1,178.6822584564478,night,100.0
4.5109274667814425,5,5.16698546566762,1,108.38206180034045,night,92.37070663819976
32.42791003639765,8,8.240090429024729,5,171.09242527331278,morning,72.70458581378752
15.121590938073648,8,3.686832117303587,10,57.53104298894944,night,82.29972669477365
259.66335148565486,6,5.343998656992868,3,167.6197224151181,evening,4.594068711691152
421.540204111441,4,3.923508780276676,1,177.35945342574473,afternoon,0.0
121.28547398860762,3,9.97713639206067,7,53.500090627611776,afternoon,20.637595596204044
232.77628967641598,0,6.758308893642953,2,79.50342249326161,morning,5.674543783798565
17.355817989522347,4,4.769198681239171,4,37.930657271920296,afternoon,72.53827110907572
239.99503210924559,2,3.419486537613184,4,106.80355612612529,evening,4.349635495326119
99.02345423303493,0,3.7271165319516735,2,94.43513650821367,evening,5.603549375980043
43.967689610460496,4,9.329179846834087,3,130.45845126104985,afternoon,64.97224445358859
175.6200212423422,0,5.152235211234682,3,179.05327043226978,night,5.683415812053967
21.58921111434083,5,9.247796537723264,7,51.490786677297294,night,84.9807980190071
104.989149219265,8,6.555259466718944,2,66.55009800680482,evening,33.88917736040757
288.57847545602056,8,6.621007374375486,7,29.00606310976932,morning,5.517907137621361
71.19816878501811,2,4.798901564976468,1,97.43455850645493,night,41.315418441516805
14.031940296760084,1,4.548550599276094,8,157.72384138420998,afternoon,75.2385263389576
234.1954387653901,6,5.072574623948152,9,175.7999887431079,night,0.0
156.2804939534872,8,3.66279762309546,1,135.68853660240183,night,29.474370953027915
204.58969362680986,0,7.691411405384384,3,41.09194129596387,evening,0.0
71.65027741384712,9,7.712125129461849,4,142.63262800956537,night,44.39877466901095
598.3855463342212,3,7.0456481859349,3,37.26530275342412,night,0.0
3.678861724325217,3,9.768659746336933,7,169.94680314209856,evening,100.0
203.4347009980164,7,5.400081176691904,4,106.97784559893636,morning,2.627123930824011
306.32778382505825,5,7.1064331908111145,7,42.04296848956857,morning,0.0
329.78060616283443,6,9.14235437136183,7,87.18940484362336,afternoon,0.0
74.34446175212524,1,9.436714402389828,7,135.74953285612906,evening,40.0440738380296
11.756959040920304,8,3.6839224777075246,10,110.92093850595776,afternoon,87.37498961465819
66.70729364712432,8,9.874280613136875,8,116.43012034528095,evening,49.232873378123955
435.7935605287501,9,9.316422394993106,2,30.40046743487097,night,6.654354612496722
99.70696479369315,5,4.911083968780222,9,164.8041262533429,morning,26.53935625743317
105.42401902227493,7,3.911361219092567,4,143.55501818316944,morning,41.957461754835364
118.90400750706546,9,9.908395999527485,3,90.6072296680813,afternoon,42.770343460876305
331.3246645997993,0,9.2051150797808,1,33.53524785914186,night,2.3685150228014225
80.94488828192412,3,4.188064078235111,7,30.20808795169336,morning,23.525176698474702
42.43748694597276,5,7.511603771043575,5,69.50661323561201,evening,59.45551586135425
15.87837330174896,6,8.56989322870041,5,60.28827166773115,evening,98.2728067839091
204.36852092587952,7,7.641441343904344,5,125.79933357471583,night,7.803874789796845
61.70144301265074,2,8.294322505361114,4,91.2391419610198,morning,46.858754900023584
233.03057173120473,4,9.437223935950056,10,32.155821980247694,evening,0.0
248.63068639488534,6,8.89574709639464,6,49.25986106752474,morning,5.955537191140536
46.904046166248705,7,7.155292515985688,2,127.27301818411392,morning,74.15591686150053
202.8667849973799,7,4.13839807421002,5,144.67779903146786,afternoon,13.424527946274386
297.0764831451911,0,4.829011522357865,4,72.90986612784724,morning,1.71541425760168
48.78978686788666,7,8.052972123731786,2,126.26027548586593,evening,64.89518085044747
214.216338350026,3,5.3047043513450385,10,172.1826867002618,night,1.2323109522620121
53.57914631364397,4,8.930102199021754,7,110.14977845070257,evening,43.88140563364443
252.21064701010678,7,4.80418042918063,10,51.836850837973714,afternoon,12.75234897002935
46.41447016758383,8,7.35815657593883,1,156.3027633594506,afternoon,70.21882966985682
19.694559833249034,3,7.010011261329776,6,76.5937198173003,night,80.89855835723408
412.29557871449515,2,4.226570046562807,7,13.246877573091531,evening,0.0
334.8196796857155,8,6.786807541401268,4,23.605536860209227,morning,6.85639297842226
152.75126591460767,9,6.700800975751738,9,31.649291983900493,afternoon,14.98541847528157
465.0151297949689,0,5.303956938892562,10,154.09393361666037,morning,5.3545869843432055
36.69219916074516,8,3.508776209128704,10,165.6506375375278,afternoon,68.76275157044074
231.65388010843202,5,3.4231284608968915,2,106.07945355806936,evening,0.0
142.8432480618326,1,6.51678969490475,8,138.69201751705126,evening,11.404033934342403
167.53324884477826,6,4.447887267004929,2,119.23858568677193,evening,12.886061272257258
223.26032839240958,2,7.272883025323997,4,178.87563904487374,evening,3.9661141689918815
39.048407063901266,1,6.662281472627512,10,133.52336360081677,afternoon,46.987004041536075
85.5711471548846,0,4.584130003058641,6,107.73479999520805,afternoon,9.653991339613123
124.88842035410326,2,3.2225240468859635,3,176.13106605007633,afternoon,23.032675915923214
121.58828361227467,5,6.246464181526459,6,35.34626537414377,evening,24.144899824516813
154.47568859034328,1,6.0887211350182415,8,15.503814136649375,morning,2.48940393988999
117.8883255403972,6,5.42648302374235,8,22.636248300108626,morning,11.889942152855108
164.19209761729832,5,4.711552481410976,5,65.19542257742619,evening,9.668494037026944
115.00342028895085,2,5.416921460930002,10,162.99173866409245,afternoon,7.672395060116203
36.45340130353161,0,3.790085923527755,2,61.302467933167,night,42.07163264155842
40.977617943550726,0,6.06330940116845,10,41.61208571647453,night,10.644957985724364
32.37692772410613,9,6.311245875585902,10,144.1216524120097,evening,70.30589876287559
252.09342452089018,5,8.764155657327015,1,175.56989920745372,night,2.1833739635169245
103.89105870092743,2,7.691845807793142,8,145.25902863052764,afternoon,23.12123148368356
38.18209498750116,9,4.625293484292044,1,29.38855060991779,evening,69.47686253756859
12.760923284745129,9,9.72598903749346,2,141.67355567052758,morning,96.69665570539158
77.04507507654934,4,4.093708799763418,1,142.3854866772779,morning,41.100168772210125
80.20061111435166,6,3.5104190834890376,6,111.34347048841092,morning,29.41643955895171
46.9924269938681,1,3.543535407473035,2,152.55093430113521,afternoon,53.94265213355431
95.08648971043041,3,7.298218389140555,6,138.04628458560913,morning,25.22830995871103
38.87506237860391,1,5.555358942792639,8,69.08491564297233,night,37.48349177499903
111.62524188385991,6,8.66711089566687,4,153.93133529539,afternoon,35.70283807019281
95.81783448348,9,6.061682697450928,3,131.40065965839196,morning,47.547566423637235
7.297881892967729,4,7.152897650915946,10,53.60847264538735,afternoon,92.07384610911726
106.63947124882777,3,6.1477589561961015,5,37.47473032415056,night,12.981646537600604
128.9719682575155,4,3.4784620039539638,7,156.50857994480427,morning,16.901960014980588
104.483312868371,2,4.628162458746953,7,96.5303712012455,evening,20.811842962280533
81.20498294302236,1,3.0348073972564444,10,27.267672520014834,morning,5.240353514408165
48.22989252020457,8,6.2670072568273145,1,92.49305328084857,evening,60.51533629949052
75.422708626602,7,6.852068662281907,9,114.53881024591506,morning,31.593659037705734
23.202486200290057,4,4.484877791053579,4,141.20766196589926,afternoon,83.19117797892062
4.792504326912402,6,3.370810342322706,9,32.67742011993758,morning,93.62639771862744
14.44707502748589,5,3.576054787125832,7,45.60136885604775,night,81.96989270169111
28.686039926520674,4,6.745516248454503,1,111.28728050629483,afternoon,80.53843426962067
101.72064793029219,3,6.734560102941594,9,176.89362695488202,morning,23.823953645353818
161.85815361240566,0,3.2757311402278066,2,144.52061678327073,morning,0.0
15.23779825748033,5,4.1733537952878095,9,168.10114237163825,night,79.92588396179111
115.45957231955703,7,5.72415231559436,3,46.717496874015566,evening,28.76229368672989
28.884043467847192,5,9.900212914070206,4,111.64043918164182,afternoon,73.79928696195762
1.3798238564945016,9,5.872363160350396,5,161.17048337956035,afternoon,97.50743450898601
35.5532072413224,9,7.913674737792281,2,83.2564959396696,night,75.09040327280066
106.84709595786755,5,9.372877627046812,2,161.09375034175696,night,36.37323630553028
382.3999808496462,3,7.68636522470152,10,114.461771394507,afternoon,0.0
1.4958836229860544,6,4.317222522370426,5,164.18562982164138,afternoon,87.22146800347939
67.81332864454738,4,3.9822646383747826,8,119.04834489647735,night,36.212943789252584
14.336099547969393,1,7.5824241814196665,7,27.612657826823845,evening,77.98309179484409
256.85241332151793,0,5.398191398526836,1,42.01896845920652,evening,0.0
434.68183262793497,7,5.265043228276583,3,170.7122833469958,evening,4.385304585808619
75.50793189132162,7,7.552150101150793,5,20.91999216976155,morning,45.883659231120625
372.2065244246367,3,5.755044741020305,6,141.51822965097932,morning,0.0
77.84457624117184,9,8.42379436658235,9,52.840964105935086,night,41.698911622605586
19.87739560755555,7,8.680829044343131,9,57.864156663793274,night,76.10079422217119
370.70083279088794,4,5.776261595340413,5,106.54920956802414,night,1.777043088973573
7.926925960221581,2,7.852920991861029,5,163.14754204826846,evening,92.02136226817714
165.4248929238544,8,6.505286923186902,6,103.75335020972727,night,19.474954414669746
72.03229276359417,3,7.773110604477368,1,126.06645273659699,evening,43.17458974637343
15.334033059067037,9,9.098910353321763,7,74.91361581698067,night,80.03218833645624
92.02193326889348,1,6.767402739868743,1,99.76993172166118,morning,31.904546703357827
43.46343221485172,1,9.990889372889008,3,17.4053156973114,morning,51.83410134089424
15.721050092108635,2,9.160746670444833,4,76.70784738098945,night,83.50494644620306
18.487961025595407,2,3.009202434014385,2,107.431746956336,morning,79.00139546431069
144.86522652430793,4,4.053139855412514,6,151.47838268574438,morning,24.802787318419306
97.54501816553369,6,4.871412985111974,8,177.61523047155842,afternoon,29.613476906675665
1.888050133728376,3,9.684227970064805,8,176.48950413506176,afternoon,94.43279470781188
33.63746921854278,1,3.9056665174727887,4,165.25175531301372,morning,52.10552566245243
103.15333194758881,4,7.8647568817304725,2,88.37832442720203,night,34.55612119224226
182.63844213895686,5,6.9727505051942416,2,61.089548730544315,night,9.92641556241434
157.08250626116958,2,9.790451759141149,5,145.56104450165228,evening,14.675132089612164
180.4967412712685,5,6.024585989964475,10,47.003198931209496,evening,11.778955800707763
72.60158417765138,1,7.744323460538698,6,69.40609893321681,morning,27.880242562598514
67.62647595209965,5,4.9045891030458435,2,75.9577016162048,afternoon,42.64513144656612
59.99330291281122,2,8.880059492467993,5,64.98265040477659,night,47.14787423035985
27.84468361682256,1,3.6577465678726795,8,22.609347148436804,afternoon,46.004915159433004
206.6654008441556,6,5.1424091704760135,5,121.33390136003128,afternoon,2.3537088434761495
331.77294299447504,5,4.410125371520557,3,78.54918975107292,evening,9.066879097948842
68.01187539514638,4,3.4998084076083487,5,82.30238555119607,night,35.77433410305045
265.5224824012726,2,9.273589401156759,4,12.748821792268359,afternoon,0.0
48.212673667836945,4,7.572900960829206,10,106.08600939273047,afternoon,48.22949817173069
19.422096278795735,4,4.353650269153386,8,132.59309511183739,evening,80.16945260647059
117.98793123038114,5,4.797191209390846,5,145.87930100371648,morning,33.80054565186863
136.68445117964262,7,3.1374258997135733,7,92.6923919544322,morning,12.505505613113638
575.1858656439451,9,6.717021908200738,5,118.35644456346088,evening,0.6780980810086099
41.74909525275499,2,8.450209510903896,7,125.29103938014156,evening,59.58234970047083
276.165722866536,5,3.4166833781027575,6,32.13218936413641,morning,7.366296436742549
95.19075478382943,7,3.768066608729841,3,95.63456670239981,morning,34.75216057766718
93.61244004665693,2,3.6703752033973887,3,146.32646668351705,morning,26.735314963904845
57.6182368637872,3,9.348274741436795,3,54.80740165616217,night,53.13203504291253
131.9480794779121,7,6.427509482733113,10,116.34459475282313,afternoon,29.56989136523014
3.8355120184304923,5,6.0690022440782645,7,146.28181967737086,morning,94.71147705736443
76.35764191794782,3,3.8858944009596676,9,86.6978806268913,morning,17.765237799327792
109.60560105218381,3,9.063635360012457,4,35.83873544559515,evening,28.959562923229328
125.7193009550169,5,8.784904501942172,5,36.464941342135816,morning,24.935494799804655
153.19426916298076,5,9.017507373957773,4,132.9049891553057,night,15.854388018399998
53.32247059120913,0,7.195041075540989,5,135.49262254516486,night,25.725280719134222
46.63865923304905,3,6.765461218875201,5,46.60618967988435,evening,49.919606108659224
150.50220574473013,8,5.828209652299219,2,56.37985370963438,night,24.677048018638192
578.3019407557539,0,4.6867176359689635,5,38.155410099729124,afternoon,2.9671447804039266
104.94674787457922,8,3.333782009748343,5,87.35878981738357,evening,26.06797106830457
227.55158509161595,2,9.469517335704822,10,52.04859409436848,afternoon,6.073753307201064
132.64021841065136,5,5.426045915130454,1,37.082271982829106,night,13.334989983986588
13.046497876630347,4,7.2206334148342295,6,74.60125192092782,night,90.32690878252949
41.835998020041345,7,8.218269267449386,10,47.87344391569323,evening,55.575371916370955
165.29282735870348,6,9.213964622266168,6,98.61603717161775,night,19.37608505011635
167.1337113679676,2,4.593274050492408,10,97.54104975745562,morning,9.146674349728261
142.74499558992392,3,7.305513380129574,4,76.32902159619293,night,15.681408499463268
35.95254230016097,7,3.3199337724701126,2,144.6340486339825,evening,62.25325814262786
23.956596810497764,7,3.3498790055428627,6,63.80978553365486,evening,75.68342548760846
15.624717750556611,0,8.449451696173654,1,99.26085793241825,night,86.45531147044619
7.224916385983496,8,7.291097727363803,5,163.6367810035201,night,93.11960419215899
159.079681438243,9,8.799770031489345,10,62.0300636967499,evening,14.514382031739903
59.578777455486616,6,7.399468010623434,2,173.84178097522883,afternoon,50.18864550938925
106.59545477279197,2,3.5843036117898337,8,15.065959834029155,afternoon,5.965603726547963
80.31947032625636,9,5.569524655215242,10,97.78227415325127,night,31.856725325355026
55.805942447869995,8,3.9594755977831366,4,146.33087440766184,morning,59.13912677221161
128.28302461745412,0,7.696876388886629,10,123.45150557360736,afternoon,0.0
116.28680123661245,4,7.292983427893291,4,102.76951272560125,night,23.351537655055875
35.930345780306084,6,5.093450167261902,2,149.9067063034294,morning,64.42971748012518
56.62092146607117,1,4.388837547957328,10,167.15311560332458,evening,26.06216174172353
27.731844967378414,7,7.760427198147856,5,33.149604201467106,night,72.84973364600035
141.06562684902337,2,7.8375152462319875,2,59.76315443276122,morning,17.883445255122325
21.274381265377862,5,9.687899153222675,1,43.05927859180805,afternoon,81.65265086676558
134.51258458894387,2,4.709431312315642,1,19.867877293145646,morning,20.95723914655586
163.61329428360557,9,8.719594628437546,7,110.77129088568044,morning,20.878977729916937
108.9579128937482,7,7.280439340676403,7,60.62380244898081,morning,20.53464042866414
84.92784246929529,2,3.7080574054290003,5,177.0120404172191,night,26.423458715337514
19.058130111961887,6,4.494481757376971,4,155.27290529499928,evening,67.07888142284347
26.133735475698185,9,4.041997627649582,4,73.83453102467557,evening,75.85074020532794
66.18464321741497,3,7.596353646311904,3,126.97876787261077,evening,43.95319827401344
25.634161113448492,9,4.678681693982169,3,87.35187549218274,evening,77.85210569579246
377.02095356266807,6,9.18849076591012,2,101.39297014349022,afternoon,10.781372117870315
30.596104439744842,6,9.137935987760194,3,68.89672224832026,afternoon,77.96865028347733
117.54537431173642,0,4.5223904770408465,6,168.37337622920708,morning,2.35360992620538
88.09878751779708,2,3.977916998043315,8,142.42804600293348,morning,22.997503248289586
211.65492708491342,8,6.897765976177296,1,22.810332358911605,night,20.262622895478962
89.82981703237658,4,7.3628025677119195,1,102.9073304792046,afternoon,40.642477112152115
241.73578002346918,8,3.797567281895897,10,55.61543172393757,morning,0.0
44.674889552538644,7,3.9858358240526854,1,122.1871301940402,afternoon,71.82113348334461
80.10113250910179,1,5.978503141228797,1,158.57966197422414,evening,29.860785582453456
48.66729652096237,4,9.204070213259797,7,156.3171045975782,afternoon,66.2999516757701
201.27480457776278,7,9.230738314098929,9,107.6188644357026,morning,22.266293679114266
667.0631202088562,9,8.352637886604713,10,94.96978381726014,night,2.979029185195269
341.59575017573377,5,7.981254093235203,5,169.71175091152884,evening,0.0
113.99448612788018,2,3.0829870524717076,4,146.1177761558443,morning,19.239179257779078
96.7132120633241,5,5.566960535245707,5,19.62454543290298,afternoon,29.197113198210705
90.65213846214026,5,4.978379241660452,9,125.88486022104249,night,21.474210903546016
90.07023229814264,7,3.597581455285957,4,15.324703487767163,night,22.854573805172876
114.80475408703073,0,5.945321454435225,10,30.389831255781086,morning,0.0
720.0,4,3.1934082906589056,5,43.90865676161884,afternoon,3.7829869955336446
17.592697227946005,6,5.982701077866022,3,175.07088121873912,evening,83.78900711132647
312.79052348463546,4,9.875851929489874,6,37.3450946853786,morning,0.0
4.295248053704874,2,5.052862600199811,2,39.194297693317765,evening,97.1318845934952
347.77963079023806,8,3.8270888496111803,4,14.19152947017179,afternoon,0.0
94.02404080020466,5,3.5246080888894777,3,166.49420913455288,morning,35.84866163758286
242.64841674096823,9,3.3024958968499885,7,114.70380472331797,evening,6.914741044609332
353.9801903573257,9,4.357476570238417,10,159.06161492088324,evening,2.4784179066624983
121.70310476701077,3,5.903128454590981,5,64.641617227984,afternoon,12.354849433049896
225.31488766847363,5,5.899937933129178,5,108.96063303937213,afternoon,9.388156699196399
119.76182888263516,5,6.028019855023454,2,44.144706728689776,afternoon,34.4149284253794
14.32898115222347,6,5.134542463883626,1,90.84815965213929,evening,88.28373195610172
70.4695649857533,0,6.830722294702011,4,175.8948534884101,afternoon,36.12049309078082
219.62847750643255,4,9.382543582566214,1,40.10205672570976,afternoon,13.549990362214343
19.578645946887395,7,9.991913790292418,6,33.85487174381113,evening,77.13240232103198
106.0456979504468,6,4.722658952668109,5,56.874038286728506,night,23.43884024303658
147.49928073519115,8,5.531517294285137,2,141.4352621413533,afternoon,23.66330166887224
98.64686727906457,7,7.721087499568079,1,100.02833080742258,morning,43.48994341397918
360.81608910654865,1,4.892928872815705,3,152.69304680144137,night,0.0
52.87492866814848,9,4.187627568797032,3,26.833301892176912,night,49.459027688563104
25.668775983173415,3,4.188876033108736,3,164.14620333733416,night,78.83579115686909
168.87140944981442,7,9.841722602457686,3,69.8635422052414,afternoon,17.45847363740499
178.60486830510916,9,8.849166145254113,6,164.5369600234201,evening,16.43406821482857
352.26042014639364,0,4.561088489883146,10,25.5125967779817,night,8.78479086708942
100.41418374010341,3,7.583679100212504,7,45.022958729533926,evening,22.615270166389124
19.05091871245041,2,3.4649148313700446,9,95.26590606450782,afternoon,75.24398963236703
27.149587903773625,9,7.017400162623837,2,80.0331455822858,evening,80.68916688190188
148.65787872250212,3,9.564718756627933,3,160.52458994159198,morning,14.871480450921446
50.0104486708132,3,8.087183956605237,10,113.82724414223262,evening,35.764226686600374
134.052254535325,7,4.839699921870592,4,61.0662666731951,morning,16.870052105931542
7.721293610612858,9,6.7115358477197,6,165.52932470495296,night,88.84331990319367
145.83668783746234,5,7.151741685785152,7,44.95283623665267,morning,15.417565087329402
60.43616765801276,1,6.931427732990659,2,100.4603762348001,evening,41.368329581876175
215.06407183117844,7,8.531979147609892,8,75.87455435672398,evening,0.8847287865674858
76.30805597798367,5,5.458948607157992,9,28.972543906821603,afternoon,27.19925582814248
317.99955457564454,4,8.943956453127855,6,81.67534864677147,night,0.17732142999665035
9.055294914870416,5,3.567104249818849,4,174.27414362420694,morning,95.36660364798763
50.81179075716672,4,5.4947545083880325,1,26.92316654650995,evening,53.75038618792169
297.9035593269698,3,4.538315198439014,7,163.74023784255343,night,7.478379503776268
134.9247388439463,8,8.91096119082231,10,15.47661127656339,afternoon,16.53220757368732
338.906964042725,0,7.873614154669006,5,176.9260233652404,afternoon,0.0
245.59754474909903,8,6.071335544561408,3,57.194125503426704,night,4.362438853943006
37.84242742030275,5,7.222321763831631,10,150.66577511653426,morning,64.88988933872835
27.901355252796424,1,9.527471121596177,1,56.22802136777283,night,67.56957732511349
19.260050927844937,0,5.790440343918741,5,124.62021547679383,afternoon,62.472193098788324
120.17813448379988,0,4.908413562072539,7,133.90180501079158,night,1.3734126705972194
244.641245808116,5,4.86022463330663,7,68.96569185791122,night,3.6677904609795204
16.538133592493615,8,8.227393112336003,3,43.08778556883553,afternoon,88.59758663384976
382.42057104256423,2,4.30744114645249,10,172.99372946986935,afternoon,8.278684256971976
67.95688360137278,1,5.287742143762125,9,33.398629667031926,evening,9.347285612957211
93.05480389701115,3,4.003944217781564,6,141.1634889989289,morning,32.773013578629204
56.498006896491766,3,4.6472788567182475,8,159.44054077388253,night,47.32811686441811
70.57345799729,2,3.7997391728063943,7,10.226718713434643,afternoon,21.150493287954315
126.78579105991102,7,9.798531529725475,7,152.48252935291137,afternoon,30.503836637372853
28.81155505057979,5,9.177845201250438,6,117.74403132265037,night,68.7046930916597
23.404152139048215,3,3.9868553589307987,5,41.714845073254665,night,65.02311061618875
68.17492323116784,8,6.3574236933966874,2,106.28642250728656,morning,52.96933234811159
39.497260398363494,8,9.493984916297038,10,122.05208514593731,evening,58.336687598399514
126.52122642860672,7,9.72642202090643,7,120.8205220601092,afternoon,31.796784570612346
238.5565289189308,9,9.572245031555136,9,76.7675312015807,morning,6.567658423767366
6.8318784262997045,8,7.755859903165909,10,150.08497971422366,morning,86.07870296830944
93.16994955761864,0,6.015016351256072,2,123.38482002319508,afternoon,19.91460008567445
124.02034444157111,8,7.733674297100776,5,179.55479155834823,night,28.13232529568835
107.38993921890933,1,4.801878611376938,5,79.03296970239568,afternoon,5.529928663203684
116.46853593917751,5,3.018252243748436,7,154.9640940973531,night,12.42858444473416
184.93887509986456,8,7.334455475208761,8,49.54735268963852,morning,19.554949074060936
10.503576291093989,1,7.608303160462033,10,83.33212758596034,night,82.06844356277901
53.664185582875085,3,9.136756630958283,10,116.57576748336226,morning,46.37573427689637
62.2063453235046,0,9.566196891551272,3,103.66817156435796,morning,45.34208674795345
78.71770395972652,6,8.113266908010594,4,126.76918514053136,morning,43.58749652828028
125.6514901098748,6,9.269000353581534,3,152.8614559155042,morning,27.451023174591548
121.69482824908496,3,3.260227016347522,1,44.94719330922913,morning,15.642361922629776
385.44839858143996,9,6.337899627408218,5,168.69037463108484,night,1.7165066192280563
157.35673436978783,3,8.002738096477946,2,145.47496617624705,morning,18.753033371062656
138.96969866942104,9,3.755340020560833,9,163.48059199355967,night,14.40812555204946
88.23201829159926,5,4.416015593107765,8,142.35278964185713,afternoon,27.609901148211634
156.90241797638728,4,9.390271862143639,6,11.369909112240979,night,19.574617175362036
263.04095215767904,4,8.724763274443193,10,145.95590943118265,night,5.400826482884817
268.5749360428862,1,8.829901650067862,7,102.40113660003418,night,7.858956470880338
559.6021980179137,7,7.1637616964340385,3,41.03036367147456,evening,0.0
51.13532769598316,1,6.709294230635053,4,49.941255681676765,night,45.24169332549761
89.87062990670606,8,5.336894450403701,8,95.60890216045826,morning,37.213849084727016
67.23761970405657,2,8.554091139604926,3,114.84109623041292,afternoon,42.93083110085219
103.99709960978542,0,9.940553817949514,3,50.34340735210776,evening,15.517226090019243
130.01063433022196,8,6.118035727002211,9,15.749618887158274,morning,22.018836643557663
315.28532634510634,1,8.704069104758123,3,48.417750162453714,evening,0.0
124.93010915145786,1,6.862256180576859,6,64.4764881637094,afternoon,10.881261452652748
81.97224833471714,2,4.3603250029163245,4,134.19224735441844,afternoon,24.565203653945723
333.9037530679083,8,4.801393917326726,4,79.92886230985506,evening,2.687720165414633
714.9604445521678,9,7.6965723403389426,7,156.43166222261635,afternoon,0.0
417.99825178567534,4,6.2246462129749265,5,157.01664748582903,evening,0.0
193.10078284805752,5,4.838883423278311,10,89.73245319397394,afternoon,9.236208752590134
151.60032626607892,6,9.584070757147085,3,69.17293324317606,morning,27.12120863187558
92.72851291297327,1,8.098529119157057,6,146.49807303362695,evening,25.687255125427278
115.83614896221579,7,5.778524357431609,9,70.5910353768239,afternoon,17.478369729355897
45.60212342985056,6,6.0033359578048096,2,49.153494816273735,night,60.26248427611077
92.62073008240934,7,6.373352981852015,6,124.26527677850922,night,39.00577938303537
260.3362331901606,1,8.417475397638839,2,71.01890924301821,night,0.26837466348745087
303.67361391792986,6,4.093241313086911,4,79.85298384860711,evening,0.0
111.7715925476661,9,9.574568953198447,6,106.92048246955963,night,29.931937417096446
2.2327484581344232,4,7.786114854573773,2,62.57224799627404,evening,81.45606176635242
97.79576875002795,2,5.282493516289863,5,179.96884229165522,morning,24.30801534955949
66.34019284844533,3,3.2349142715307577,9,33.95293847243144,afternoon,25.275274302500545
223.80271841130224,5,9.115964227747401,7,79.34901307923037,afternoon,5.9632129053402165
246.9452758005989,7,4.270409874010891,3,13.732095319093522,evening,5.172437787501664
129.8201991105348,7,6.802946209426739,10,54.998132394145514,morning,20.64637167556063
77.47173074087367,3,7.507596137351372,2,67.3847331052765,evening,50.667789569189225
88.01193988183856,7,6.146373756297996,5,10.241097422765629,morning,41.45683848057658
97.68828950521865,9,4.412597069395332,7,52.44578093768526,morning,43.02853087773596
1.8876617999182908,9,6.298656811041534,2,53.251483503240834,morning,96.97298714199815
430.1847260523157,9,5.612832124204882,9,160.50084891610268,afternoon,0.0
340.07347209202914,1,8.905678627936087,2,61.214777635071634,afternoon,2.5850556129313857
495.0699367097531,7,8.560466304733726,9,86.24935334002201,morning,0.0
172.77323862242065,9,6.3082924604389765,6,147.56082057649687,morning,16.563041834535838
350.2574220759054,4,9.05618410700281,6,90.70372349598219,evening,0.2051776768608249
37.118039026550974,6,9.854574805796275,8,169.27935205555445,evening,70.77827737215591
15.62039104269225,0,4.596622053389575,8,46.29237922876797,night,36.79129802944408
45.28041162233596,1,3.7154792044443576,1,137.17874099718904,night,40.83414356066721
85.76603391622055,4,8.65361721102346,9,67.83829105880663,morning,32.7621966450946
98.10110801525336,2,4.444042705506544,10,41.61374808988241,night,5.8138544302372015
19.328810367829416,1,8.496694151804508,5,125.60966872533254,evening,70.2512494113031
11.969425266280908,9,5.549107387287179,8,32.22245422151639,evening,84.92650945482718
34.345719644394926,0,5.2274475719726095,10,107.70846741141874,afternoon,22.18508985245795
9.536132984654472,2,4.287631924931688,7,149.27607478441172,morning,82.42181267576264
456.5068200950996,7,4.9749949010519705,5,93.02028544780406,afternoon,0.45070339681910937
170.63742457385564,6,5.720886684786218,1,148.41585272508755,afternoon,15.237507565303243
36.65143447355971,0,3.7514778225226975,4,144.41211942775385,afternoon,34.71417036352787
312.6794022741459,5,3.0957435577325088,6,60.49343889783878,afternoon,0.0
148.18292066435527,4,9.506432959372265,5,127.88239314276649,afternoon,18.356509872786397
217.88786091159295,8,7.402024097411515,2,31.29549100251907,evening,15.919894427560866
198.35241417941242,2,8.95409128875573,6,16.227378774435273,night,5.041439081012727
192.04726573568388,9,9.228304704812077,5,83.44867467568807,afternoon,18.756709781746
1.1142347722691288,2,4.220873802514905,6,148.96910856686335,night,96.72568994575373
80.41095715420754,1,3.849132931956145,4,52.01970658106799,morning,21.46008717274492
18.46165012294629,2,3.2431950214562884,7,11.258587969631527,evening,58.5235845695751
17.66423017560726,8,9.950324436294851,1,83.34564869236176,evening,94.88113854552873
16.454487568588625,2,9.862740635524855,2,37.397826942347386,evening,81.1035595469634
155.91040792895706,4,7.892895757221399,5,33.02796453457017,evening,15.564907542725107
12.144378103478111,8,9.086213815765213,1,58.09063225165435,afternoon,90.35798312996246
89.15260928589011,2,5.167763950460191,8,151.5932928801814,evening,26.169844606656827
192.38437606589662,9,9.32731404398605,6,106.75971450338913,morning,24.28539109177629
123.66239397295845,5,6.692641227059463,5,44.18329192495822,evening,28.526876192365552
361.9928568438145,2,6.263331611088737,7,143.62008365315236,afternoon,0.0
301.5661099370703,0,3.0941083078839138,10,13.025659442561377,afternoon,3.0511750284699812
41.46731265182933,3,6.870628255045247,1,18.20150093321209,evening,61.87879689463999
15.714231317885178,1,3.8601290592590685,2,115.16148345518724,morning,75.8760322161222
88.64740442480887,8,3.2537662226035637,8,18.14727991252409,morning,37.12520894767174
226.64769493697764,5,4.38676100270102,4,28.44972439484103,morning,9.308751697550132
160.04159195253553,4,9.539024905322787,6,18.127880829421564,morning,18.69664951774535
164.4137331346298,9,5.910568075586984,5,16.6187302391931,morning,16.744383888125384
28.360044666174016,1,9.862254509094782,7,158.41107235244604,night,65.15537163451242
136.38353287616653,8,5.001492917577918,9,156.47754306174306,evening,25.845344202297817
162.97299263231974,6,5.991905841313966,7,42.26241188330812,night,4.451442605718667
720.0,2,3.607202908363468,1,143.80719253109854,morning,0.0
54.10674240738557,7,4.91368742679645,1,143.18965374451366,afternoon,65.5449301223203
4.273007267817884,0,4.559418981877521,3,126.54806650861751,morning,84.05363254474332
94.55712678309735,1,8.209160337371262,2,144.25104156579334,afternoon,31.055727204545544
60.276746685954315,0,3.281390838805136,10,77.44765738593229,morning,0.0
386.0749650891647,8,7.778075188898291,7,58.25384521884321,afternoon,0.0
129.36124725922704,2,3.216279857999208,6,42.18911301707597,night,4.297414090688794
3.309521596084863,1,6.4855663737692435,10,58.79052793656376,night,88.44483052996017
9.118874258118788,2,7.563815997460725,7,44.284143927474254,morning,86.23921714189139
108.88270004244079,8,8.599637038046676,2,151.28434925062118,evening,43.25305646278663
160.2325509663946,5,5.357949978547636,9,107.53283322248791,evening,11.830106221417182
38.74283057003873,2,4.517303979253895,10,69.1762430763386,evening,39.33735623248433
21.49347340703154,2,7.239572902751178,10,81.22892650273928,morning,66.1390921770641
108.14976625000567,4,5.863054157153913,10,12.564965135818138,morning,6.773239506673612
3.159095589423966,9,7.3879753487747335,9,42.24838202452181,evening,100.0
136.6861804835767,8,5.690862516406295,1,110.07759246177878,evening,33.17096246545496
2.4623473706475223,4,8.757752132394302,1,34.939097891722184,evening,82.73287504113058
169.00212827940487,1,9.749020571058907,9,85.77777553930711,morning,15.104984589457704
28.384785578144626,7,4.926805051110215,2,113.24518068381342,night,75.86807927175698
107.85956979849371,2,5.681439684941271,2,105.70685576759517,night,17.531908908695776
118.8685613171185,7,9.80509556674325,10,41.7750340143979,night,26.597495574609905
13.874758942442334,0,3.289156993450254,8,103.78980794118995,evening,58.36358284539276
416.47232087895054,2,6.676829427025572,8,127.10730235234453,night,0.0
210.48287383450196,9,8.480892547032205,6,12.668139008215903,afternoon,4.668408328486288
34.41826316033148,2,3.7735094585938302,5,41.77462092060314,afternoon,52.272577119772315
75.57467836875682,5,3.2207423969185687,3,119.82174946093882,evening,39.67648859537982
17.179185167284935,3,8.104648566278525,10,88.00302773247314,evening,70.92794261121828
3.5069123868174246,0,4.999542095026387,1,89.4196026699159,afternoon,97.62210799196663
15.099995993857908,5,5.206963591727458,6,126.7596067186903,night,83.87754907561968
98.77081837049231,4,6.284714621093777,6,118.17918129539962,evening,31.555312857959457
7.435920073440236,9,6.258072794202262,8,118.69645060351027,morning,90.40587618956316
176.1610280206743,9,8.82742632093614,3,151.5055121716957,afternoon,21.65745536056481
236.55965279386092,2,7.901117844511945,4,25.737931398856787,afternoon,6.938516455875997
48.519119395068195,0,5.174924664907687,10,69.34403150509033,night,6.052786436663718
52.1494813474592,6,8.708006458080977,7,142.21890321960754,morning,63.784039875242534
9.653288694713227,8,9.968959626999174,4,63.581839326173856,afternoon,83.12380218365355
54.51106135526111,9,6.933286721009985,7,144.75907659542418,night,50.48188394975498
7.571458711191744,9,6.226688598792279,3,25.250933929015787,night,100.0
20.016055093415655,0,8.067967689013166,8,89.5984886957475,morning,64.68756143919767
32.44918774458741,1,6.206102370211621,3,167.42126099255262,morning,64.39296342047083
4.749297813578745,1,9.71120307835906,6,159.81304093057514,evening,89.05413533374637
10.063615724484873,2,7.400425119319948,8,129.2546430961832,night,83.83703987144153
218.63496649263533,6,6.627294596401769,7,101.70384043294914,evening,13.197846735245175
146.40697256495986,7,3.7108962240042516,9,111.00304927554522,morning,20.30019264942438
270.12909805326,8,9.83125336527129,4,56.221014726149185,night,7.33463885346227
28.12083498502372,5,6.033568640877844,3,26.250935171458558,night,75.22008638934503
4.92923957106364,2,4.227720096539608,10,179.24337500572676,afternoon,90.06959527794467
91.57079018081203,2,5.097842361121952,4,145.93116359014726,afternoon,32.53710606502222
19.737838183592558,8,6.021308621606444,7,163.2249736076712,afternoon,83.85595340871033
28.199883997954867,6,3.425468180405824,3,87.35554525073906,afternoon,75.60504214610688
83.21320689055828,5,8.393064656874849,7,128.7883141100321,night,35.63444291474677
80.57036421321813,7,4.73111259179406,1,161.84512005364311,evening,42.89985986511809
3.3696574634105074,8,7.673250608089022,2,135.43192257871925,evening,93.46182978684203
175.3389367352912,5,4.651440773313686,7,21.07333057405231,afternoon,10.856741546917853
9.083167186812828,9,6.735449418659298,3,95.20956353532937,afternoon,91.48552395637459
15.641963756478305,1,4.2692809927301925,8,146.8662354460952,afternoon,68.5011411200047
27.44604156830813,0,7.7492803155323635,9,77.17534844459824,night,48.59251215648845
2.3862874757152546,3,9.541627528830553,4,159.25006587993303,night,98.44405945157308
56.95576150368681,3,3.1549329289068266,2,72.92777045818414,evening,35.26246697562836
42.262551811848084,9,3.9665855962140633,5,135.87899066060413,evening,56.870055263815345
33.01329753286063,2,9.731052797272412,7,87.9019631288296,night,59.63842066300608
47.09022890433102,3,9.878147304074115,3,130.671064687951,night,50.02210677539071
5.513900992551706,3,8.044692262743924,4,41.676690978549246,night,98.178922816089
188.70759900970742,2,3.660188560239233,1,54.095283576501856,afternoon,9.798172707861895
47.848483267379564,4,3.1542744256734396,3,171.8499311105258,evening,57.19342854696291
346.6452768968282,8,4.805795877611589,3,141.789988752848,morning,15.52671161130487
181.49605136129563,4,7.945707426122337,8,39.29574339792326,afternoon,11.01627628757418
43.588706797058876,8,4.304585721713199,3,109.64045929693448,evening,67.62567180896053
27.78236469505383,9,8.806662158505283,9,167.22828342367973,morning,70.33261627970585
43.50079291519347,2,8.661761699879563,7,11.786359676929926,night,53.963898206957346
84.15965594094247,2,3.8180997035428126,8,15.374551916111159,night,13.145578927799896
43.42897283912231,0,7.1546182447970486,10,54.56227857572281,evening,11.276555909125577
4.961241479112669,8,3.5511335778443716,9,113.78604958710926,evening,90.13338278043439
94.44272905541305,9,8.794038234537057,3,43.53901248190164,morning,43.147958507617766
17.190887941649027,9,3.696231182165329,5,41.14922218616645,night,76.13375977331168
658.343681465659,5,6.185627662744855,7,155.97042841344725,afternoon,0.5298657101744954
5.261313216333683,2,6.094726223454453,2,76.5774325121489,night,89.08349282726087
18.878169099438356,9,5.440885267531456,5,177.52753207079533,afternoon,74.07377386959223
82.3701004610928,6,4.177335490997782,1,38.80934051103472,afternoon,40.64487592218518
91.1178940850372,3,4.365211622524081,9,117.94213120528916,afternoon,20.334058742991086
176.37701417394032,5,5.547437037631329,9,51.36992398571178,morning,10.146091158017601
306.62751214040696,5,8.367067040679407,3,178.87134535930636,afternoon,10.72321271146715
94.22454363662432,9,7.840739575538837,2,146.89739350583005,morning,41.92547356082777
10.073189202725064,1,5.65713639628314,4,124.28649792429269,morning,82.25638109352117
62.34880950725925,4,8.021072543013997,9,45.6556289695562,night,37.189579084792
32.226694630132734,1,3.5032959306024725,9,64.1794515134352,morning,36.10505428665518
174.33313183813792,3,5.422016890805935,7,66.21947402788287,morning,7.873652969795724
4.006393310271254,7,9.346781970538048,7,71.47034529145265,evening,92.72456529861677
553.671963730982,8,8.900693597645807,6,27.58397833028959,afternoon,5.318738578067098
29.942340407315072,2,9.368630302651333,4,12.133193862114517,afternoon,65.15510118194267
341.49253517501,5,6.2837208246604295,6,97.5455434469579,evening,6.97300953496185
72.20805293491212,3,6.082514381983366,1,20.196476272557796,evening,36.91659609035917
177.91375022284183,0,7.280721162303418,5,66.92555647795604,morning,7.048164631644564
24.3366498737299,5,5.348247658278533,3,99.22912706094901,afternoon,67.89340721913007
168.54934143739155,7,7.579178183943526,4,165.07398308435424,afternoon,23.645712044397648
35.64811466600315,1,6.098235208466534,7,122.11332908490081,morning,56.24673898477406
73.58842646971509,7,3.433797048855872,10,150.704093046763,afternoon,33.18731035792139
136.65866307618063,8,8.399195432575098,6,75.75093992988594,night,18.71841803701218
340.4653691754,3,7.895596697676838,6,34.36952618913264,evening,0.0
29.765324010961212,5,3.297296373418879,7,81.2199431536217,afternoon,64.93380793833526
253.6211123761703,2,9.877841330777196,10,156.0827984695713,afternoon,4.314808349204456
630.0275924680184,9,9.132273799850976,3,121.82985217835824,night,0.0
329.8160821425721,4,5.907754009781589,8,178.45597071506708,evening,5.1279265160274665
2.07562636649408,0,8.375562861326078,7,117.28118228850836,evening,93.30715078717252
103.7785117858373,7,3.061758122512388,2,152.4040070073813,night,36.317106687007886
34.844639836025415,7,9.287547867366985,3,68.8878843596849,evening,72.9079909997201
18.214500360014192,2,6.250592241274287,1,19.622419152929105,morning,83.02630683314315
15.318278576397885,5,8.454421957355756,7,107.671411469455,morning,78.55037003751382
110.74737527772268,6,9.045875213018846,1,100.47992410503865,afternoon,34.23476429757241
256.69071791927183,5,5.339843623454464,5,93.73040277164216,morning,0.0
207.36192351344414,4,4.529067714920762,9,73.08898284201999,evening,4.559716201562651
3.5439956915352933,3,6.615587238372022,8,85.3085615715741,morning,97.77961991026925
186.71043544209334,3,6.7494215699306235,6,78.83182645992127,night,7.678785421031896
125.54124060480513,1,6.489814148319052,4,116.5128746971085,evening,7.981151889936055
22.468690710851657,9,6.884600224757957,4,78.8714324672662,evening,77.70652141817683
137.7687955708396,7,6.91576671246929,7,61.9958783591232,afternoon,20.317295949204112
171.891367349146,7,5.600037654527126,3,36.82614909436319,afternoon,18.024578202434952
25.693659153851744,7,4.885579816418858,4,75.10439188093326,afternoon,80.59697120251103
305.9006679163511,7,9.961535729543911,10,109.33974088695919,morning,8.527139479299585
84.6276673171057,3,6.301569609298721,10,147.30255320314282,afternoon,28.26950939775615
63.04322536067186,7,5.151055502696051,2,177.97473164521517,morning,52.741799719782165
114.07256514987128,9,5.604841372056201,9,165.63784388183842,morning,23.837726825629154
143.9066867045829,8,6.642424358101019,2,100.92926128590645,afternoon,28.84685023418092
93.5582507206372,4,3.4338252519266357,7,41.98521925291445,afternoon,16.290878012879322
53.043838094187855,0,5.36190296080504,5,167.2919877816981,night,24.185181924372444
73.34378708329464,6,9.664541309618048,8,110.89262091743393,morning,43.0898140555957
26.56028290805382,0,9.108285224143096,4,141.22166487529327,afternoon,66.79202916564282
82.61387001585572,0,9.189361298598584,6,106.59872866333244,afternoon,23.65627611760807
312.81222846915557,6,6.552921743773682,2,21.09338215125101,evening,6.490504757031307
63.297826314079884,8,8.169916486810566,2,12.871870362158138,evening,53.7775361814056
330.7741916544847,1,9.78277691225397,5,159.5257503941728,night,0.0
343.67073845881754,9,6.66561763444015,5,62.51645943114482,morning,0.0
54.18117014284071,3,7.716865728168838,7,152.27960361769254,evening,49.808888386852736
288.50759789662413,8,4.324463037140435,3,169.8592242039326,night,6.421471471986509
100.37687595672232,7,6.903933333346698,10,115.10909960247088,night,27.29089485728998
83.47574616946,1,9.972553902347787,7,163.98517851488788,night,20.822029100485523
54.068674004619645,2,4.5334663141866525,4,66.99213206905628,night,42.18144288357257
208.29160854472286,3,6.375513907922706,8,127.71485992808209,night,7.0083449561431586
42.26934348259879,0,6.164058015909568,2,123.86379054016119,evening,52.327589533911
68.42712278239937,9,8.159874761282342,2,67.55961523006751,night,50.26868896038515
131.43443879681462,3,4.7245993320333906,5,145.68903644503368,afternoon,15.407705011239624
29.122845516855186,8,8.109118088498485,2,70.34422526764637,night,79.49387478540875
75.80658910069741,5,7.520354654850558,5,126.18696638157856,morning,44.17126526403811
59.428604161391924,4,7.831475436896275,2,49.57128820778684,night,53.21625974670463
135.1640156684844,6,5.21271107247977,7,81.3842831087395,night,8.088307559431687
14.568228799542903,6,8.419508907164511,3,149.806485800868,night,87.83297541681172
320.8766053932432,7,7.174518307535576,9,44.04524630205934,night,0.0
243.61392443748804,2,4.425219010142584,9,105.97714796320892,night,0.4546139792796134
11.694948570380301,0,9.270204115870188,10,77.34073405878097,morning,75.00168597057024
17.711080367786575,5,3.5383744711473426,7,131.6323105616462,afternoon,77.81487648448729
41.42547351192492,0,6.545876711169924,5,21.783764433123864,night,24.104793373733955
307.67529100262266,6,5.744894984907518,1,142.7314499308222,night,5.793645452324673
46.937098679288184,8,6.590851893400393,8,110.1100258845033,night,58.171738716103896
85.97195172175982,4,3.1282204505100752,10,87.84625842393555,afternoon,24.698257409380993
34.49882852812195,5,7.073722478134347,10,105.41683752555608,afternoon,64.62962092706726
292.5541516561734,3,8.872167563535847,3,70.5380029182231,night,6.328146595187391
79.71752506465779,0,9.710016901905508,6,160.24531729300114,morning,26.26706960269567
72.19808014736869,3,3.269002430512302,4,143.26510469982972,evening,32.20708030627212
65.7780667558618,5,8.009474652468715,5,32.55594791534441,afternoon,39.26924234159545
83.94925784627705,7,5.812966370156547,3,27.642927790034218,morning,48.37525670816471
20.69252125003852,5,6.021562338157727,5,124.15443390551847,afternoon,71.75673556391561
21.329750659118332,9,9.213606446323697,10,102.57725555310182,morning,80.66300856649997
53.73673869410734,8,8.187749291407766,7,87.39493905378103,afternoon,56.47510027023956
189.20444518080328,4,9.22025943304816,8,155.31231887024848,morning,20.721193849495684
78.02490186555221,0,5.790402731508525,6,179.51943174488986,afternoon,10.423510863958452
83.09854624810514,3,3.5831180817825747,7,47.28579128525625,evening,25.236767080248566
35.5868493136904,5,6.527760458777754,5,140.83828435454012,evening,72.63151207309917
226.66049889102095,0,7.946813959223805,7,163.85452156534373,afternoon,0.37108478263169575
38.15791663044854,0,9.472532349914093,2,26.98927411666532,night,41.89430978993039
124.55903455514661,9,5.564122016836373,9,79.0274645468511,evening,17.19223830916649
5.057462821644194,3,7.780591862377312,1,147.24343113073888,night,100.0
1.074328875032619,2,8.01883830744714,5,21.20081368358958,afternoon,92.93239819194983
70.74215209491626,3,8.361707199138621,6,157.95593587419603,evening,40.020758489590435
162.95034131611837,7,8.207035014201988,3,157.15838983785676,afternoon,23.666463152074364
69.23176941439091,0,3.76985465035792,7,25.65368383101536,morning,6.56248972044558
167.9484700371065,0,7.324183504374986,1,72.08688237277751,evening,1.8439705071972599
324.53612669956624,6,3.5412028081785816,7,48.20899224957706,evening,0.20712326206780607
9.595555344364934,4,9.180482832264039,9,89.88128436704473,night,86.50693930266867
77.10913908829787,3,4.480435205258451,4,147.27478438163232,afternoon,46.9542105769336
111.66964800423628,6,7.476279076444726,6,121.40543213505094,morning,23.948858842418694
107.82942423496988,4,7.686490035854862,6,89.19819391430481,evening,21.484174873555386
200.62254841705382,9,9.179639754319394,2,31.76273108458418,evening,14.857755196238964
104.96215248932306,5,6.121467719659399,6,136.5199939343306,evening,20.355832067265325
305.51421067533215,5,7.694060355788547,10,28.642851037685123,morning,0.4403597536460704
109.04751671244841,9,3.2497209145237265,4,84.97591699375549,afternoon,26.71445334492647
122.71398769526517,2,4.449794314847108,1,68.20490022156201,evening,13.215791078648106
82.72743128087006,1,3.202949214992859,10,120.67566066054188,afternoon,12.91066724779514
148.82134261181687,0,9.457799381969785,8,179.90804142168835,morning,3.5882583851916703
4.298311332866399,1,5.614654725756934,5,129.81332988611356,evening,86.4603676180842
162.9845871645806,8,7.763883933511373,1,79.18797509432126,evening,30.68294749279368
35.74062219709916,5,7.769849420269064,8,134.7561779349461,night,55.11134809733985
20.774653745597686,2,4.371851057441674,2,75.78195969491917,evening,73.20464580234736
22.250817566134064,3,6.377304160930458,7,61.87691619133925,evening,76.01250656850702
99.22926992662688,7,4.163507113091685,3,98.62679457184485,afternoon,30.24064591260929
1.2748021539366228,1,3.6142923903899726,2,46.399761380199045,evening,88.1608508145182
207.962007154144,8,5.650944502957641,8,165.18597729394585,night,11.919985283418928
111.78823040185154,7,7.458292805158362,4,12.905898420460412,evening,28.371361489140487
61.54228669442703,8,9.965665298292269,3,32.77977580496402,morning,51.38309292552238
15.302853150900276,3,9.004606560978136,10,99.50765480867715,night,76.55698781963416
25.653806053269605,9,5.845768197209091,9,178.76318533091674,evening,70.31461087249119
75.02756853372917,3,4.033247734103121,6,12.349774696574096,night,25.400341573533893
74.77449005406822,3,9.835550332104381,3,73.88513338896973,morning,47.81402713716553
189.01156619368788,4,9.246521576925993,3,102.40184041419705,evening,16.098459839234586
65.9443029059703,4,8.656103243439485,10,171.96628843149995,evening,46.262485770675845
38.01763390108789,2,6.619103067207012,7,63.87793055798015,morning,59.08247841584575
183.33651284731988,1,8.601107656653575,3,31.82330775053633,morning,8.614431763876283
214.24287871133276,3,8.867780560717168,9,60.65276292292104,afternoon,5.892344181522918
190.26210749127034,5,3.0038792920967774,3,172.22029538128743,evening,8.729749246403083
167.46974803571854,8,8.465653534248652,1,79.20444537861543,evening,17.831321611561336
41.973459879542155,1,8.93619531860097,1,101.19316745421366,morning,58.92574556183588
161.0950207038902,4,9.234750169238296,7,175.63095390528738,night,21.26026489818633
143.53437554130136,2,8.927293868965275,4,127.59677114385309,night,14.595985956180643
29.592257033543156,8,5.229019562541169,4,48.81442954548026,morning,62.89482823148753
68.37120694583001,1,3.4737147566058835,1,128.78357702965945,evening,35.73731142183598
92.50591679815116,9,4.19897845404506,1,135.58716493605587,morning,46.7423620297011
105.85876028752132,6,7.683077173106771,10,18.602235810706805,evening,18.200636830545484
259.40616325355444,0,6.873747081608347,7,102.89936467011864,night,0.0
7.124492674395315,0,4.335012071608564,7,128.86284365683397,afternoon,81.6716898681092
47.2677025307181,8,3.231934235352476,9,83.41498717546627,morning,54.389362013698126
60.03840297027569,6,4.064814821061878,10,132.37115299749212,night,37.383884995837185
2.6898129434612374,6,6.949525839233559,3,116.80362094770074,evening,97.29196476941492
124.00822931444027,7,5.66935071985599,6,100.43535196488197,night,21.43437318988575
314.09541384987443,9,6.590507814538981,7,18.37154823940915,morning,4.1325485750035735
209.74984213569402,0,9.031600088479337,6,46.431059395404866,evening,0.9855626013943208
61.62856222197176,2,7.370803412305142,5,16.888319324743897,morning,33.095566201236586
312.4290943000139,3,4.403566664856212,9,130.24001497606105,night,0.0
1.6194563800272441,8,9.592748882753087,1,49.34422717878219,night,98.10984584233589
119.9247098335291,0,8.781815687084409,5,34.55206563666201,afternoon,5.559488592975902
303.49492479536264,9,8.615549232799111,3,126.3563382387435,evening,7.217032883495852
189.79911923474143,6,9.525975008495465,1,84.24011956721368,evening,13.51756987753625
40.19890623061888,5,5.1700129694761365,7,31.110558321018292,afternoon,54.35789909894414
141.3157460720099,2,5.4329499681321884,4,78.07568849682042,afternoon,16.025876929352563
52.74855014844037,1,8.538117809630478,1,46.69728760211306,morning,52.35918280950548
21.453530469946188,7,7.647972122217254,2,58.52612382397714,morning,78.1799516605585
5.023192785920988,5,7.168518204009654,9,157.47725125926982,night,94.00292303177642
109.10312922101997,8,5.280318977495282,3,84.48079900374674,afternoon,26.871010429298188
26.993440314799376,7,4.6654691357148845,1,107.38722067436494,morning,76.59071152207686
241.56219230862885,8,4.596856823242297,4,129.48394022006437,night,0.06693502240292926
204.105121751181,6,9.36423910451393,9,150.78128261567318,night,9.97410221043981
113.29298299588041,6,8.536222602301667,5,141.92832300779466,afternoon,34.77466704836434
126.91605747745373,9,6.560045453081006,2,159.98303096824156,afternoon,35.95236204147892
24.273826959493626,1,3.6249675339540457,2,114.39104740365772,morning,68.14271356383051
25.39774611844067,7,8.70551793477827,9,66.17605017972136,afternoon,81.77532896540632
82.83884939886377,8,5.503739639140419,4,79.26406097024444,evening,35.93845820888442
73.89657063139175,4,5.98239427055201,1,49.9228461610495,afternoon,46.36849773217216
130.4505847019134,7,8.360966128259065,1,104.94022668435701,evening,30.810481464253225
24.714873355636733,7,3.735833908966777,7,161.9763266201284,morning,65.7440526800201
202.26400338132262,1,9.939905323426624,9,178.25289137927209,evening,5.764760201604172
7.5972005479993685,2,8.530387140162857,5,145.58614393086873,evening,89.87208898123693
27.595144769480004,5,4.061779938566739,5,121.17042427058747,afternoon,78.14151034828535
576.4062950558887,9,5.910522311040772,4,136.5277596800079,evening,3.031896616040003
146.67632002491266,1,4.696954665042517,10,93.49355106829057,morning,2.0861285897357886
174.63746040872684,0,5.991308781818055,1,162.447731984221,evening,1.3847471683971593
43.69048211973931,1,8.586326079857743,9,55.425237048616744,afternoon,46.88412807213388
15.504200142018846,2,5.252792557183559,6,158.56423059347838,evening,78.06961460569617
129.35743233558884,7,7.029039879888941,8,91.98699811271838,night,25.79120181041663
189.95117081113472,1,9.595828215609927,6,77.74372402642477,afternoon,1.3700867763365858
40.904817667904396,4,6.190303920030191,4,28.906817750376614,evening,58.91062892210962
112.62500277099798,1,7.271742848028634,9,10.613094138098454,morning,5.760972809578655
16.64617065184342,0,6.987624892803471,2,88.59709954278595,evening,69.28838314896537
407.9578019949499,9,3.5918200582868547,2,45.70899643048189,night,2.6907734149981595
77.76887357539945,4,8.02231526486488,9,55.9004217906032,morning,31.79763219598824
712.7184724215028,1,5.162056407085104,3,87.38116904682448,evening,5.844138359411819
196.48069346954958,4,8.894054682870264,4,132.10934656474132,afternoon,12.428922778913478
250.71313052879765,5,3.759488415493069,4,89.00273255378741,morning,0.0
236.84133169316212,3,7.434012380782751,3,151.85649274911972,evening,6.773770139937759
275.5413145498751,3,9.28137275898138,2,80.6773389304682,morning,3.919033815431262
18.559536112998046,2,3.261230645025451,1,141.61238359143522,evening,79.51896680666209
26.662795258012167,8,5.767047485654702,4,147.22171657992894,morning,70.13300821405154
13.933504959664834,7,8.021158886334558,9,128.1308045872376,night,80.55569579142062
87.3350606075553,1,7.356039630863491,7,19.416424103559663,evening,8.008175627026334
126.2441105454574,8,9.37759592101834,8,178.2616506656152,night,20.318894518728953
106.01324192814131,1,9.050993399654724,8,149.40472978512224,evening,13.011809832509465
510.5747520814177,6,8.522840314966057,3,30.044073009448315,morning,2.2085645626860773
114.42453946274443,5,4.240653384406475,3,55.76964035763375,night,21.142295626840102
88.16939121797641,7,3.8528737794814214,6,115.72013744733862,morning,33.70416580914874
83.46859438664306,2,3.8347143792348284,1,169.5808387908946,night,29.603142887854045
65.07902522177739,2,3.764379695977427,8,23.27773168355518,morning,16.71325602820876
4.248526164044655,3,3.0021681234050415,8,15.838375340047124,morning,88.05255461276545
160.82863190509468,9,7.949237216236855,3,140.47613821721188,morning,32.25824595882984
92.5934045101765,8,4.896632323825932,4,132.91585324463526,evening,37.319199611359345
24.387744710865526,7,5.683461439856558,10,96.06279486454557,evening,69.48977027569114
101.54955231984907,1,8.254824529421054,2,82.78540513869984,afternoon,26.91546912757472
146.45817692383073,4,8.857774260820989,3,26.26280969120308,night,11.63221124571672
10.825911925476726,3,7.325811327931151,8,75.30723112572188,afternoon,82.75020193685233
262.9190486928716,6,3.749074708230946,10,103.80431080851426,night,11.599449537293493
144.01257767629133,5,4.267564916155587,5,103.63017348326599,night,14.994628934644325
5.879682721525146,8,9.283936585308062,8,68.98472972290314,evening,93.4296926299114
298.41455070641723,6,3.232375402738289,2,29.165338993438365,afternoon,0.0
124.59269573852087,8,4.753822412517898,8,67.98226712691172,evening,12.954346148683907
384.2537632123344,7,6.839313948227773,9,43.9695564580319,evening,0.0
114.43001121490694,1,9.16243737096393,3,51.609055629222176,night,22.1055439922198
81.74030168274693,9,8.74590564505082,6,86.77823639614799,afternoon,50.08099311614165
158.1892125192572,3,9.29495154775433,1,125.54489747340872,afternoon,13.00287360755047
57.746321323348695,0,3.4541154648457506,3,44.89766062534912,morning,20.720443130875285
102.57891332710403,4,8.696615240821142,4,60.61237416994788,night,32.73086850677816
171.57837057296143,5,3.5107190473906837,4,60.84363598141992,morning,15.402711481174224
266.9362629157914,0,6.468300941457334,3,107.99817559806976,morning,0.0
74.51775561806727,7,5.374159137296271,9,110.16415414985502,afternoon,51.9560571755558
81.75275338797502,1,4.105624606952377,8,78.11805337077297,afternoon,20.15304069312036
41.336074178110294,4,5.09960279769654,3,169.1975863603679,evening,62.24024280558501
35.57164612823975,3,4.276193265155476,2,167.30576915690784,afternoon,66.15259778717596
5.824795821679509,5,3.2456132785141,6,88.08888312564802,night,100.0
52.32298405856328,3,3.2329988448441984,1,74.87388255741728,morning,47.2903561109162
23.884817580250104,0,6.454618907073407,2,69.37503399409862,afternoon,59.59333225297141
99.0819271778188,7,8.980960722293329,5,135.59189980527748,morning,36.0141913617233
60.836195767588165,1,3.8710856753266096,8,74.84974087895155,evening,13.994968316209352
36.934890220751605,1,6.430902029356176,1,116.38080056393302,evening,56.16198245309629
27.43961718786376,0,9.698833327972174,7,138.4714027121844,night,61.19557512782419
47.80100015229909,5,4.839761183486721,7,28.004077149712234,night,37.76808620250226
180.96238053976455,7,3.264313977188805,3,50.48075214271742,afternoon,2.529588824971553
40.718569108004786,8,9.03032368639886,7,178.13772039549582,morning,71.38819198355732
4.7902201456760745,3,9.21854577960885,3,32.923881628183054,morning,94.42213574913863
22.741937378688498,8,7.930039816671524,3,56.54565853832507,morning,79.5850661571803
14.217249867187649,5,4.815741251945991,6,33.16714182778385,afternoon,81.48807234229044
177.40340564366812,6,4.211592009742812,5,57.80789885165795,night,19.279536377897823
19.669388229373507,1,3.589193055921427,8,92.35233004184784,afternoon,58.103928827503765
25.312917108201674,4,6.10128005989208,7,55.004014319823014,afternoon,78.74128515447093
57.59193142599821,5,9.187132783901173,4,75.81225185628837,afternoon,65.79533363679393
232.2405831441821,5,5.259826726055283,6,40.19536930738438,night,4.05652779819946
227.04981518843334,0,9.09100103886216,1,172.62401520785596,morning,0.0
469.44525427327454,5,8.01020827300327,3,22.530669174281446,morning,2.243966179703137
401.6839663107888,9,3.746776782372146,7,107.35399914249057,evening,2.255889450499877
403.19007888358175,2,3.002311114816335,2,14.97992985091301,night,2.326625273125709
28.987761266704943,1,3.5675903888640055,6,65.16581270540162,afternoon,50.465282050625326
59.59838743821068,5,4.455201103435629,9,177.84364336376686,morning,43.954129347734195
116.77016024290351,5,6.42677679465908,10,107.11367327716424,afternoon,20.625620925423448
145.5612354914187,5,4.14427556674394,5,52.053889320565844,afternoon,21.082698678226187
28.3148003228722,6,6.001330553924528,4,137.55311452455237,morning,67.32440242006622
3.7367190558359207,2,9.268117196366955,4,156.74184922256956,morning,91.41043326507976
4.553212599450422,2,4.061946308527289,4,133.88927891815888,afternoon,94.20414190394179
117.61616648068562,0,3.358258149677466,1,139.50822646889682,morning,17.031804450563516
23.019989308542304,9,5.526194387460149,1,73.93474118205233,night,77.98044993526115
6.582332830739642,8,7.400476429744974,2,44.55922442411255,evening,90.66960275367019
113.37806426406547,2,4.874261658776792,3,24.436457633946407,night,10.873471466415204
9.536275858797536,4,3.4887141103989334,9,31.251839415273423,evening,78.92125530490493
33.477705984643066,0,9.916056299935718,5,34.412463361300944,afternoon,53.14094572432089
350.63918073427834,9,8.724445187801397,8,102.08341700434194,afternoon,7.571074422176214
254.13996148217322,2,6.073371279659765,4,99.73861534122561,evening,0.680567002349981
93.75085766463415,0,4.178898747635987,5,65.81308650221884,night,3.48834001038437
226.68916082032564,9,3.325141721000331,8,129.12530688683137,afternoon,2.7071817255821102
720.0,8,6.286882997954731,4,167.9420555230908,morning,0.0
42.30094364562695,8,7.756863035996295,6,164.03829197651856,night,81.82407418881084
263.4930222213738,5,8.025449263749035,10,85.03248525436423,afternoon,7.377467590871973
126.63620407893816,0,9.353029927742865,10,44.96973014601687,evening,0.0
19.30301507821329,0,3.786832978945642,2,42.70987644081368,night,59.10700532175931
70.54833640448128,7,3.9317107701902985,10,143.50009334285446,morning,40.28219966651922
406.95000421673865,1,6.904976943911368,2,167.5587801678277,night,0.0
105.39446301933677,2,3.393889609502974,7,142.2432540627963,morning,27.88281908626067
112.55435810183272,9,5.948608135798472,9,118.23127508878393,morning,33.86317221261081
528.496298691091,9,8.6101028810968,5,121.06778715119785,morning,3.912430432415815
104.63277755779586,6,9.020843089781895,10,52.41220971023293,night,23.512122984725533
232.67774613723319,3,3.2454989563497274,6,57.67307646750807,morning,0.0
15.771069800936775,9,7.69708732391409,10,105.09835970270095,morning,89.12387402251477
38.470983827602126,8,7.736681289661183,2,101.3505888113908,morning,65.85093926959662
51.44396035724332,6,4.880725321054298,8,175.8177411928884,morning,55.03325756117113
23.30318566857284,7,9.555124959682301,3,49.263710731106194,afternoon,81.68900491624622
12.84394403143276,7,9.237816721173633,8,65.42398688725743,evening,86.70803994227401
110.7695275580149,3,6.534235699952728,9,146.77498145966712,morning,27.787774782537838
23.746705075448904,7,3.3200863033359087,1,172.02263477775065,afternoon,88.27402614804325
279.98144807134184,2,8.75837449374992,2,173.9675906783519,night,0.0
150.41997295386795,3,4.153409613383202,10,118.62246280084109,night,9.89509456139279
159.1130257181434,9,9.000383110571878,9,61.471510700637715,morning,14.438171774198194
230.02409207106155,9,5.371211459705705,6,78.3954636489724,morning,6.763475200752273
32.28692911231652,0,7.851525790793409,7,135.21472450487357,night,50.66449838844984
45.322812443124995,6,8.507576963452031,4,121.93234251350958,night,59.43031638661487
24.858904781952166,5,5.613134843786673,5,20.829527422335474,morning,67.24112245763946
159.20670245936225,8,9.525593887291244,6,136.2173955081251,afternoon,15.855638692475171
28.58463294666783,7,6.861964989043514,8,164.2986798626225,evening,72.01218617802118
23.932800840580725,4,8.625937968116322,10,115.84045265022897,night,79.08651037278783
147.5299848397345,5,5.242533793446143,10,135.11904245777953,night,8.250442570015835
47.27979236865687,9,4.775284389843626,9,121.54329749394338,evening,59.52674869881663
145.08619239904712,3,3.0012286110054633,9,117.86161243949164,evening,4.217810851725819
137.56019178369442,9,5.9063834739933645,7,156.445638876184,night,20.935776602699523
4.4226841720488,0,6.538821565777149,5,64.73712483830107,afternoon,85.13431383314418
108.31564502694931,3,8.576785522511186,4,58.88719731162782,night,30.234485601279605
283.71982178011905,6,8.486056502037247,4,156.89630709710374,morning,14.178715958640286
315.0894740387294,8,7.208137763977469,4,68.59443397213312,night,7.5160993428985625
173.86701223772724,7,4.169722147360296,1,115.59285661423128,night,11.968451997985554
88.6500387164644,1,8.248874985517968,4,105.61632001614119,evening,34.102626168660755
64.86403206231121,0,8.28849348087751,3,173.03143541348345,night,34.31245487528232
62.66730119807589,9,5.445289251831378,6,144.86266144668954,night,49.352038424516415
36.211704067893706,0,5.6225716415728275,2,74.22910825363385,evening,42.48700374862145
7.006435400541675,4,5.311267162070159,3,80.26313543818874,afternoon,84.04030631418794
27.691236092241816,4,4.413586051583878,1,139.80175496553568,morning,77.54432965591624
9.12617754385667,8,6.197848012190235,5,97.75962664909096,afternoon,91.25055463931105
159.19202479468177,3,3.2854129203896,4,70.14531752971388,afternoon,13.60226415571325
22.733982685837187,4,3.859785798023105,8,88.07035653189546,morning,63.35060513344531
287.09275786739096,6,9.656777305166795,6,129.15792484040344,afternoon,0.0
253.76000633255205,2,4.6708221700190835,2,55.23348275095208,morning,0.0
276.64310502887025,9,7.9570618141842075,1,95.9831610204084,afternoon,10.19905091880128
156.48400303634645,8,8.237927620780798,6,94.89469276120121,night,21.93243601715862
150.51502115538497,3,7.782936272956729,3,20.872842459253725,morning,26.923053522452342
41.24761640575002,1,8.641505563116258,8,100.76509075161981,afternoon,44.51533097771428
142.72367394328415,6,9.477399675390792,5,77.12512464862532,night,28.45052115892993
47.493862197787934,5,4.148152212401343,3,79.46284502295082,afternoon,56.55427627305025
58.150228616163965,6,3.1514925622576495,4,132.15065980490618,evening,45.183677893611886
134.45340968990305,4,8.864780039465206,5,74.72890942209116,night,25.081555508651256
30.506658384423464,7,6.37045574984576,3,148.79616715301717,afternoon,78.71682375243576
40.25140442970932,7,4.1809072025817064,3,40.465674425374374,evening,52.503510171008394
103.602201020562,2,5.9706373690971475,10,167.5017871209385,night,4.390800325918249
125.15128205758258,1,4.0501692561255975,4,61.38239713524357,morning,3.990881010109664
115.30813154330716,9,5.765874193421971,9,26.499202267174205,morning,30.730186281178195
23.657411818314472,9,9.205052387487733,2,90.0626649064751,afternoon,87.93252338345083
113.62455432542248,4,4.673179457625684,4,102.61870086683501,evening,17.327856314011886
14.85861900005424,0,7.030172527448764,4,116.2854146962981,evening,70.28179652021495
73.81829239292362,6,6.828543967137476,6,167.18216837169115,afternoon,40.738236163965624
4.561681354422784,3,6.816335803632075,6,84.64968162804871,afternoon,93.39165784371119
340.8548612113431,9,8.251083766564452,5,117.83055978845617,evening,2.6626203290280506
130.01495041006964,6,5.6784880854590005,3,76.91130219651168,night,17.101332276361298
3.196367058297934,6,4.69526502720927,8,102.84455997877413,afternoon,98.1743171297429
226.29751138710532,6,6.4373137524066415,9,99.03766607615012,evening,0.0
57.95380959335981,8,7.858752725614682,7,170.95426204327705,evening,55.31880646040188
1.0,5,4.35243139417296,10,96.65285994630177,afternoon,94.86595632534421
20.271788262654315,1,6.66738173693078,8,17.129462431436416,afternoon,56.86941457848908
24.220737777826542,9,8.211418729644864,7,36.31791090146041,evening,71.17287612374193
157.54818728009982,8,4.154626625307317,6,150.9632824532756,evening,21.62726032953561
56.27321905512457,3,6.0534510753765876,7,17.368755387645383,morning,43.86053704936371
122.49887816335875,3,7.571914692027592,9,98.74024652584922,evening,24.04787268693152
178.53795507344114,6,3.3130535040637747,6,126.2766565352322,evening,16.236321471292367
64.34654426602673,9,6.861756946268477,1,45.913304237798904,night,54.512238669448806
50.991757536316996,0,5.896941212005169,4,53.72632538777684,afternoon,20.68392919268595
49.110449969658504,8,7.8817129309845075,4,53.319029054009505,morning,61.266890598325475
280.3552283000514,7,7.184208624196181,9,93.60497661065166,morning,10.665291548373391
238.59249592574793,3,4.901192465062784,9,48.81277235628028,afternoon,0.0
60.42575360877565,3,8.522090768726562,1,22.9371794916716,evening,49.975268365335396
236.0598757805676,8,9.322458274883838,5,91.0019108940654,morning,14.379835838801702
352.75967510792657,4,4.773650164005661,1,15.182154252935966,evening,0.9819263858974715
101.17322609352647,7,9.58713875888064,2,114.77230047393799,evening,41.25774199113127
29.1252216177922,2,3.2122162303460886,3,34.75978532450462,afternoon,60.071444124664055
115.92755486231965,7,4.605930735609993,2,116.69619915691904,afternoon,29.953239984985256
136.811979711017,0,7.916201628700248,1,137.3026620385147,evening,18.20244327190383
201.23992729759024,6,7.327066031816901,2,137.95419726451502,night,17.33100052024811
118.11658464572983,3,8.031733305714692,4,55.708724388057526,evening,22.559579737747857
87.39707757850627,3,8.105418740308409,1,131.9812667971466,night,37.737720962386035
50.066083826154134,5,4.050936920810178,8,91.86407751163419,afternoon,46.00709329603512
40.92039257086155,8,3.388830634413522,9,97.42113454680332,morning,57.32608641381158
304.24017752236927,9,7.241651211053977,8,43.24322772053737,evening,3.892206572028116
47.76346250370253,1,9.413057187700808,3,167.5547240495812,evening,51.055752259705244
42.40128928058231,5,5.4960284949801075,7,115.50828186052912,morning,55.996745559472636
304.9240711434167,4,8.621135676095566,9,145.9171256735556,night,14.311075061227042
6.482402313271315,5,9.014273230774734,5,41.17960881494963,morning,98.62858329734941
94.62008079915573,1,6.004519362881851,7,163.86428641936212,evening,16.775844161679316
1.0,8,9.138447048372132,6,52.21414211422322,evening,100.0
25.766890088014264,9,6.425471877853097,7,51.27570496970431,afternoon,75.38716867498252
84.59414056892365,5,9.45484272858346,5,99.81859788421421,evening,47.001049846588174
168.46622328128018,1,6.691613029795888,2,125.57332127651684,morning,16.354181939157797
269.9513121075685,2,3.639444590194066,2,176.38714548463287,evening,3.2812619521110307
125.33510017126407,9,5.889017089581211,4,78.0528528692892,evening,24.00884178297845
82.80428485055117,5,5.5397402132993205,9,103.27921345306017,morning,32.996684039223396
373.39372838624547,3,3.2981366777921917,8,129.99655035236356,night,0.0
40.637611509411606,6,3.319007651296742,9,96.13512010820655,morning,59.63038717556104
144.4605027027667,0,7.5602143000124915,9,174.4332858292418,night,0.0
96.3046105642972,5,7.772481848486418,10,163.99629584472962,morning,29.967628267300444
87.65972167594904,8,3.0853128570821977,1,100.20687714652294,night,45.25220570650665
27.747542398085486,4,8.520966659695361,8,30.517039533860874,night,67.86422347601035
67.18429533084065,7,3.851332904542701,10,28.14154521762384,night,29.457844807119656
274.9725432824155,5,8.056213241057677,9,111.2678942883066,night,5.471133450255607
133.8614141230703,8,8.987433680785358,10,14.201444496042162,night,20.61636231400321
120.42855855860815,6,8.382774901723616,8,160.4086747446178,morning,32.765028291362526
56.585109153078356,2,5.032526389657367,10,128.79949881152794,morning,34.490426513889275
267.55644933562485,2,3.2405412045180277,10,27.227032302541485,morning,6.103132070587329
44.89200584112589,1,5.7495989997033785,1,96.6412507611193,afternoon,47.67381590389102
131.91580038674186,6,4.880325699656595,2,98.57036940122067,night,19.545105428463916
199.49793357638114,8,6.02830453010432,1,53.21825511402654,night,21.009424948853585
38.298486365955696,1,7.580445423136262,10,53.17428771307776,night,41.34544336633848
50.10475364198151,9,7.362212701219749,1,129.7008002195139,evening,74.0447033339488
115.87669356125524,4,9.038124689389546,8,109.62029364962095,morning,34.19547006453581
52.77518404752903,8,4.842051817216304,3,20.578109350881142,morning,57.57973807892091
3.878245119365043,9,6.417469847935443,2,160.82473342384162,morning,100.0
379.43276972382904,5,7.343275812499777,10,161.230409032367,afternoon,0.0
310.4900033704532,9,4.87136293688165,4,38.648616934021284,afternoon,11.495464177005802
116.66696893800439,0,4.98913963993412,6,16.825120904885864,afternoon,0.0
25.959514781361086,1,9.129034566674001,5,133.9728354318305,night,61.63556565223079
70.28339659041076,6,6.354185431768093,9,140.42671203935564,evening,40.61228164980794
381.2291472889873,6,9.143072407733571,2,175.27763306439095,evening,0.4387232240815848
38.22926664515135,1,4.139243754476665,7,115.52039847696004,evening,43.51681147897984
174.38259501553546,6,6.139883992319935,10,150.63708232822964,night,13.406495512971944
144.72674002724972,5,7.352086307162173,3,174.97097149576683,evening,26.787407894236175
332.403002559158,8,4.709676276617232,7,68.92943692888988,evening,6.420950606478099
128.11009198063007,9,4.377130064997262,10,46.24034996795814,night,9.688046927183876
264.83438579380953,0,4.72224658349961,1,90.12012085066384,afternoon,0.0
3.9484777373409976,0,5.642483963962658,8,172.81658762993257,night,84.19142504328423
201.16404389786686,1,7.137167917367252,1,86.3871301040238,evening,8.31243452994595
4.27919749870168,3,6.068865326514887,5,149.5719141407165,afternoon,96.61972288824438
191.33100789182254,0,9.84538093813486,7,59.55171433844674,afternoon,2.677601661077872
133.32975164492976,5,3.6527840884975955,8,157.9452991096729,evening,9.801872577138294
75.9350092996392,3,5.328172590771772,1,63.90509383660135,morning,35.805303889844
193.69649003179026,4,7.629814231831482,10,102.88264347444336,evening,0.0
226.17261606126968,0,8.829061684580026,2,102.30020898561338,afternoon,0.0
454.35423037994354,9,7.48729622787526,5,98.93653073449899,evening,0.0
142.66272544098146,0,3.6373769521662513,9,58.438066939269426,afternoon,3.290900288607289
102.04723025386987,8,6.436522115715258,9,24.3705445999073,morning,25.665431793451532
106.98521977099742,8,3.168263876664862,10,148.116692392501,evening,22.670534951755563
103.49351135305778,8,9.704692279273505,6,154.52020756953902,afternoon,41.56834169690907
155.66225928934597,4,8.748781149221895,3,135.67923688689427,night,21.692832519501362
68.99608424662709,8,9.614360807249396,10,163.7588389538959,afternoon,56.01526151027563
2.08940316791551,0,6.704221172272947,9,25.237872619540724,night,95.69397287754157
66.23098609941958,2,5.104039756378155,2,146.20641193331616,night,36.02507666310812
48.776002531384854,1,3.9662164063764562,9,154.43390170688357,evening,33.656070596537894
40.3974785024004,3,7.306227447624528,3,16.598036774563994,night,61.02153926704296
164.4290829904598,2,6.457910858010983,2,163.35994246918722,morning,17.77445181329908
153.1100724767094,9,4.099585533402368,10,102.433544921128,evening,14.603021797976481
30.247963851534077,3,8.602870443275723,8,144.0911916461339,evening,65.5201517007855
19.133417963265313,3,6.944861066769732,5,47.90617071390584,afternoon,71.3059863785668
336.03370907089175,3,6.942853043644344,9,59.808051334643096,morning,0.0
153.1845401106377,5,9.709878055646696,8,84.84930782147835,night,19.06181584593216
158.43051605075985,0,3.2104081854139896,6,171.9747806040952,evening,5.020258642994567
72.99660671339953,2,7.278460569708797,7,72.30792460428546,morning,36.587116500555126
143.2796598644445,6,3.487537889484083,5,117.78628548031347,evening,22.129356905369715
402.2822091736721,8,4.068877673125925,2,106.87084164638371,evening,0.0
66.91562187246241,0,9.740861736456901,7,41.968288034974464,morning,28.40557230837941
131.51197727590326,1,5.978740084048397,3,139.49255148618195,night,5.173156572273244
136.82458361303617,6,5.136850111252051,6,168.7395603671477,evening,19.934549482730034
63.151169270758565,5,4.8770271167604315,3,43.52500252927013,night,38.99301817935619
15.019464137269908,5,4.988200677419476,4,26.64952211508551,evening,76.6337488177181
260.6068403337895,1,5.9296147065687865,3,172.78223476600238,morning,0.0
161.88832180436154,9,3.8564202581012825,1,115.75011657795837,evening,27.13415144651078
167.10311552110926,6,5.672873675927887,10,158.31350078097466,afternoon,3.7927138827983473
3.745099004444582,0,4.361893128324904,2,38.95637784287782,morning,97.3848485617927
17.60457289944269,6,9.646649633250203,2,25.48128051787034,night,85.75944023206853
145.66229015773752,0,8.39540881747425,3,38.65514424955771,afternoon,7.325197834371631
62.14923043940652,1,9.673988883805691,1,52.98744105578389,afternoon,41.24019997283633
84.580392416073,1,4.78161631575529,7,142.63511727420246,evening,14.167549114998643
259.9996778988727,6,4.264506132572865,6,26.43301041816408,night,5.822377272490507
183.00228845227483,2,4.526644898845261,10,147.67986956997083,afternoon,0.0
78.95558338443269,3,6.493583107451676,10,75.7509354625028,evening,29.002801316808412
8.040645042336763,5,5.234477251210908,8,43.40674909734619,night,93.92903762708922
232.84785673677695,0,5.537218940301924,7,23.638855662009973,night,8.390687306240066
15.483104803511855,9,8.245682080519035,6,71.26772887031748,night,85.8825819884546
37.226743955313964,3,5.269080820735212,6,88.36656373787072,night,59.970061091317994
95.05307071613586,1,7.306884122405113,2,51.39419406148094,night,17.69787900960957
26.78461135691161,3,7.264224155657607,4,16.25411584220123,afternoon,76.87058254918209
68.15515306842627,0,6.0273600029534915,10,25.27584606000796,afternoon,5.272092406053082
42.01009381369475,2,8.373165827772233,10,10.194811606803569,morning,54.19402629009485
336.74183534341546,6,5.894422393782534,1,133.30279784191907,morning,0.6155408061172212
105.48518473566686,6,9.284418477785357,3,34.65735618376182,morning,36.80257133076693
195.70009594679823,5,7.651338740344741,1,143.6486316463931,afternoon,13.843683338976945
81.01921322008221,3,5.4389585345236515,5,163.87275872351157,night,37.45201523906065
23.49783748687335,2,4.3990220809193925,9,115.04360614629375,afternoon,59.32777258554676
188.62871436631107,0,7.811634735095099,5,122.04929867566307,night,11.174468914502091
81.57848708434544,9,8.467301847538776,4,101.92069233575347,night,37.95190837633167
20.223532129586815,0,6.285674354078167,6,57.58803568159538,night,59.020310046060644
5.249481226596443,9,4.581668975972777,5,42.501116646543764,evening,98.30675369784987
9.382474349711709,1,4.1325732242316855,4,120.67868988625094,afternoon,81.08809776279381
207.6004222278935,3,7.771889290579842,2,148.58114948976797,morning,5.499123140858919
15.041360108637376,5,5.348600422555244,7,138.3700241819209,afternoon,77.57866415022765
169.63114198479624,2,7.357383233203262,2,42.279937658397515,morning,13.654793804780315
32.1699390388887,8,7.081839964223058,2,159.3656714572873,night,74.14795230063471
18.28854295334334,0,7.470377793716979,8,47.39175801483028,night,46.54109584064462
146.08179174252578,6,6.144293378743804,2,139.7810284175142,night,18.648937046794682
18.699887492838034,8,3.7730405991610154,10,114.43652101941446,night,76.16825375037988
51.52735543943863,9,5.714715798276518,7,23.016669109419762,afternoon,48.78102072646303
504.9786713850518,3,3.9619084987852773,2,158.16214238020916,night,0.0
55.67170612566676,6,6.532046020280603,2,14.477579297253843,night,43.51394905176416
238.16067179373604,3,8.643723047101528,3,137.0223205879638,evening,9.655290986782314
326.31187179329265,7,7.719176283896583,8,162.4024963492244,morning,0.0
182.1465640598774,3,6.157979296507349,7,81.93938271954833,morning,7.072311726706906
1.0,3,6.785684495586529,8,145.32624918329992,night,100.0
59.5574194919511,9,4.020188231117844,9,71.1279882123724,morning,47.613876321919385
8.376538317016132,3,7.980540791647368,7,81.71592670247448,afternoon,88.81291113152322
44.97538621976238,8,3.9495507415604565,3,62.91431256542575,afternoon,60.38846142974965
140.69431455933147,4,8.22937857462529,3,161.67924619130815,night,12.569067178256969
671.0120947513851,1,6.178533010186392,6,147.55162831087503,morning,0.061661352321594795
321.8990446247927,3,3.5999706540679877,8,166.72104254952774,afternoon,2.352058747568691
120.91469491332666,2,9.540629757482947,1,56.58419798654259,afternoon,32.97323639070163
200.64195043158367,8,7.266925753333669,10,95.94209298305572,night,4.072640448805626
12.932040258510677,7,5.805687110210248,5,102.68588339895803,afternoon,86.82186050182216
113.05298796169178,1,8.175353371272006,3,168.54489291895675,afternoon,31.291777237000016
5.906029463199282,3,8.86937883396077,10,42.337519696203266,evening,87.11265459337493
281.179069043307,4,9.347685050675139,9,119.33744669776809,evening,6.592667039809156
123.69447378457993,3,9.267898406469138,7,127.98484298970014,evening,16.223507204658116
355.6237159468208,8,4.724542063702076,6,178.8921986900624,morning,14.366536657633539
8.722630977100186,0,8.99888663997963,5,72.66177818164702,night,81.898966544085
13.690978906007487,5,5.6747592921372885,10,12.206034010540668,evening,73.67089208643173
140.82211458275907,2,6.694734338571619,9,156.1251205510891,afternoon,8.81583873541627
11.113815536550574,3,4.054607623922427,8,122.45105070556879,morning,87.03483999814829
282.1218239919356,7,9.929544660240996,1,113.60588921986425,evening,14.613203602891376
73.74913850981005,1,3.1940772733329443,10,133.7434051291408,morning,14.459495523256916
55.23452302005378,8,8.971723624510183,5,55.10509191099342,night,66.10465600188083
21.393570514858364,6,5.536874492693111,6,158.23870357951267,morning,76.09361261037778
20.756477711531367,6,8.884204357529015,10,71.70024066985977,morning,82.3340870353991
218.71505908300824,5,8.94081548818053,3,121.89355939627234,morning,15.337073739172745
33.744532437429626,8,3.5238997502998357,7,177.6647889739713,evening,64.30069505342955
70.52156622834993,8,5.531314388972827,1,94.13055898782196,afternoon,47.19772098728745
66.03936902241126,9,7.262203281834893,2,15.595340672399526,afternoon,59.68652512908539
323.0541085048716,4,9.928061927883004,7,54.84335004965867,morning,6.6739516675229105
120.64350829228582,4,4.183009424985522,6,113.15052463499426,morning,30.368198171834457
122.46547258199344,6,3.9114988983009416,3,12.77200330370582,afternoon,22.055969723046008
19.35874682714566,4,9.708089381499104,1,23.34371215937409,night,74.70591062613593
1.4284081310837506,6,8.635505125796717,7,50.58553571164199,night,96.21574712999879
102.05376268011834,8,3.4298460819878516,6,78.09428165691148,afternoon,25.719988674818012
294.73224372319515,2,9.352297187869532,6,175.462203515064,morning,4.720759769900711
92.66855139421591,0,6.7041417066896365,9,106.81361254840165,morning,6.435171008902264
93.95113656982676,0,7.9867601136709165,1,159.09797718331743,night,30.17655937156518
10.711913328181895,5,6.40018949631798,3,96.19050838434923,evening,92.38804674221917
34.97541602707286,1,3.832321123745954,2,172.33011659048356,night,56.0290455929423
145.5003218837312,9,3.4183662534894235,10,164.023307482003,evening,13.837857621997873
198.71206419368553,5,7.20417692505615,7,172.018852274279,morning,16.12080365395676
184.3632671354935,8,4.104205710198691,6,141.67524248547983,evening,13.618045075838115
50.222210047890194,2,8.150183149254143,5,159.5975675653422,afternoon,57.2197480182997
76.25873409163047,3,5.459208816772229,3,141.55038547169625,evening,36.52961230206723
33.39272505379729,9,3.665676685443798,9,144.7766009102615,afternoon,68.6565803707869
320.55476372940376,5,4.009759198816141,1,80.09681665766483,morning,6.53740190478373
23.869701453290777,8,7.606647926577675,7,96.54841650654409,night,67.21865353404532
43.420598221333115,5,8.515791871857846,2,123.64927353583933,afternoon,63.79639056297894
6.452968709212212,8,3.3222319529920297,7,133.5784904273503,morning,91.10888513104562
160.98469774661686,4,7.022922427436415,6,61.17779716864136,morning,9.61633862287241
48.10872422767169,8,5.598071323961222,9,11.953719837701385,night,54.18929292280977
51.59697299637738,9,6.964797863323279,8,62.93397727390506,afternoon,59.13636744066469
363.2168225069315,6,5.807068738410767,5,27.462973526764845,morning,0.0
428.66255432284987,6,8.655253498541533,6,12.232673530688734,afternoon,0.0
49.73693580584344,8,3.5458798309298833,1,69.5718372087357,evening,55.929681446426656
119.80976813918582,3,4.557875968093697,7,43.59311883644599,night,9.139328368867687
154.4264723892633,5,4.225545616263556,3,86.2006039144174,morning,16.11939524549349
96.63349607801587,9,7.41795827345459,2,172.7733902736076,night,44.18510108509631
103.85115980915221,9,4.129613600603806,10,55.431985762078895,night,21.136749969481514
48.26628164532183,0,6.149270991916654,4,148.61946902482086,morning,40.96854653271278
204.0196075968409,3,6.014715000377185,3,145.36801451016058,evening,5.711245567488943
53.240412704934,4,5.633272533401662,7,41.222461592920574,night,40.62133070669683
3.483286964703282,5,4.424465703782179,9,82.97349868129227,evening,95.87017880038918
59.52077507838979,1,9.977778057678682,3,178.36762533563402,night,40.67395838670676
6.225410753959471,3,7.383792567926086,1,153.1879567871967,morning,93.09052528484419
198.64865010961327,3,4.658405832766964,8,103.76021099848809,afternoon,0.0
82.4597412394844,5,6.834009957254651,7,38.291304448372465,evening,36.86988816825311
102.94512033679237,4,6.599317266447079,5,124.70934173180737,evening,31.077185642776552
378.96631013366334,8,3.7203821983597742,6,19.375691103620966,afternoon,0.0
81.07298874819988,4,8.47011222719107,8,144.25414958483498,evening,33.61427127377064
127.65246720309656,9,6.734553637615408,6,165.57400382675465,evening,31.812288651281527
52.47569285095867,7,6.718067961779871,2,35.229720975048316,afternoon,62.360905306401804
308.98150080039875,1,7.433459361021395,10,109.95784297355353,night,4.103369300354915
2.544752178154206,1,5.3580156752326085,6,164.6506431161602,afternoon,94.4877733852887
103.68935896855679,9,3.8337537585214654,6,13.154441641876268,morning,31.876580024038454
66.62266631228042,3,9.421069176304197,8,19.34283869051129,morning,35.323840243342865
229.2090243995221,8,7.611443749413931,3,65.11980148359409,morning,17.48181748703796
168.74381844584119,9,5.664641030169757,2,32.08178047078842,night,15.204585797192664
7.2036757681252785,8,8.367393815989324,4,173.95807560751712,morning,95.57622959771349
24.070129363234827,5,8.300125813183888,3,62.13457518697293,morning,75.62835584338464
196.5241004021185,0,4.845021417409686,4,112.20362693331742,night,0.0
259.4485065188362,0,5.24181065159088,4,169.49113584756654,afternoon,0.0
45.932561598122824,9,4.719935647392729,7,47.09622311403874,morning,61.537653057696126
191.21172144100913,8,4.832953719858899,5,61.85317030610959,evening,0.2691374560443993
123.00383141696054,5,7.895779752260527,3,101.64532465378207,evening,30.9213605955383
167.08792212849409,7,8.596922213695603,8,23.759992832533143,evening,9.309177743783508
154.40806653575228,8,6.457431839181849,6,38.92516819489076,night,18.230054460015623
4.0157448696723295,8,9.09644462594929,10,136.04680056669088,morning,99.9032730151337
116.69765155069315,8,4.661059938966057,2,111.12909160381118,night,26.1828078299429
151.36036254614524,6,5.34204382379004,10,68.15305531508203,afternoon,0.0
18.078446511074045,7,7.645865972386679,3,101.24216665905708,night,85.40596659798456
89.53230944516596,0,5.068974169409236,9,90.91591467215684,afternoon,1.514667977326963
34.14123678856473,9,9.699745869992228,7,160.7787680505646,evening,74.68515809028106
135.01493071669236,3,7.381062767307577,9,79.3812728153493,evening,18.927989286424506
199.02230865489582,5,6.379844309811854,7,129.18142112867915,morning,3.1726624363179656
189.78566629065912,2,3.427720695406225,10,124.57681629381362,afternoon,2.7785263571415593
48.62878400651407,3,3.215270583568014,6,164.90121018226304,morning,51.94152766855431
148.01033616881762,3,7.671790371925653,6,45.60048023119851,night,14.221428922482172
64.03336182239293,9,3.9636918498270455,4,161.6443467350955,evening,56.24060172146042
189.5827617217381,3,9.308461150891286,6,169.53929864501973,night,15.472738941973526
151.20584340601602,8,3.446063286821028,2,55.10009484940264,evening,15.524202783778989
135.8629349353115,1,4.979472639221205,9,165.0016729941043,night,3.1677100246652397
65.33222586735761,7,5.714482102124652,4,140.5738391974013,morning,47.29245629464158
52.21310379629367,8,6.730199456486087,5,92.5793904933555,night,58.37924236787946
38.652232772947656,8,6.447294358425647,8,108.63313355215608,evening,69.17330730358321
199.65616272220748,4,3.7828786338912868,8,137.5875376985916,evening,4.970578894927693
20.845302346091472,1,3.3256294744154804,2,88.31907448331673,evening,72.195311420041
154.56623123486176,8,3.549628727908417,8,175.34671603739122,morning,15.612321135871897
1.0,6,5.5579811621157305,4,126.73217857716003,afternoon,100.0
105.79551653598257,0,6.023533963544336,1,84.0881829885562,night,12.926959455506484
165.76795765062755,1,3.4414826868489166,8,48.708781282390404,afternoon,0.0
14.581589932406434,4,5.132874380604026,9,115.61449850734338,morning,77.93982629892403
153.38564516138254,1,3.9624534817102264,8,162.51217927285919,evening,0.0
312.51216056053073,0,7.997240285296792,1,159.50023974242444,morning,0.0
181.60949372229223,5,8.266407811061887,7,143.15007220925358,afternoon,15.692462864207442
407.98518709503855,3,7.1288933832175285,4,127.9056175149799,morning,1.5221302601405893
68.04093818993381,5,3.5764254702205043,6,83.04167677162033,afternoon,35.106536137189515
129.5235297736125,5,8.575287395269505,6,20.1051550094558,evening,13.503562569965553
28.056956769886675,4,3.459833005384527,3,106.1326681668089,night,67.02240300080454
133.26001184137476,0,8.114645352082396,8,89.82809823236835,morning,8.18051814274471
175.69992981731858,2,7.694814352645627,3,32.02837289429355,night,11.609669821340702
153.38734155836977,3,5.555594142548091,9,98.3061154280979,night,0.0
6.650957004545005,7,7.820196644728466,9,48.77492061903125,evening,93.6827338424253
55.07714207800238,8,3.6550973874953168,5,39.26849972895666,evening,46.82239751742425
136.79863917173952,6,4.029210064506023,5,48.14431676813153,night,22.72566315514544
46.12774349362832,3,4.847704835364405,4,38.28166313299271,morning,55.2015274132464
52.361619687999536,8,4.313184262399621,6,167.50367678244078,afternoon,52.70784604898227
98.69694196129356,8,9.693399090100828,7,124.12606895572034,evening,40.500625432912315
38.97031630539187,1,9.037067003645975,10,62.09781432957661,morning,52.00998933910041
598.3907053849186,7,3.56157004260721,5,103.2516286521021,evening,8.630553895066047
98.86010551242175,7,6.599779953433826,10,119.26470269595174,morning,31.682990211875545
177.87394487083478,2,7.795316229960337,3,35.33717555978527,evening,2.3792206308876773
33.62369685541294,1,8.036338252235252,10,33.302655256530386,afternoon,47.06467417650995
233.13630534682068,2,5.828046361561418,3,175.62628088975083,afternoon,0.869553011651675
30.213690744908508,0,6.873787367007271,9,73.22265839774,evening,39.7116547515492
10.243854327221603,0,9.703230597813196,8,136.74655179500968,night,79.74378729761996
200.47249201192017,3,4.195124532791347,6,51.26764812579852,evening,3.7078186935093305
155.94951087520064,5,8.173720002261247,2,71.77517306940439,morning,33.37964215570633
47.094589689246575,1,4.494145325712265,8,77.14574992256793,afternoon,30.231302127429903
141.4923492810388,0,8.159868509693776,6,49.21024061149917,afternoon,0.4569824481266118
13.210359621243722,8,7.604930672449511,3,71.8515607456255,night,86.64394258314744
166.75468719095895,7,6.27728727220137,1,140.4930233078994,evening,20.304219199996464
15.26931109571758,8,8.581271243801753,6,55.29938000556445,evening,83.03246236265595
139.3953901577044,2,9.631414320523145,9,31.773346527429474,morning,2.4100747792879513
133.29279800281995,3,9.389307623627172,9,38.72049554676944,afternoon,19.636785390459146
19.99698426807159,6,7.5342903290020296,4,118.07560144454469,evening,86.52505390476033
350.68952911340716,8,5.14082070382889,10,47.26396657619878,morning,7.106021273608946
7.22048554938256,8,3.6963050494365106,3,100.84195290609448,morning,99.4613928246363
1.2578366107153764,3,3.0921394000232834,5,94.87817819771904,afternoon,96.90811078825517
14.624319553638507,2,4.814597365469917,4,126.90569200058331,afternoon,73.4241482289829
1.1529263436136545,5,7.578822389246076,1,110.20534750272233,evening,100.0
44.048989090396404,3,3.57657213007083,4,110.71470651341892,evening,56.710526934387445
359.39407160169696,3,6.108807586618822,1,164.6237704317672,afternoon,5.414925966842955
147.18472866451546,7,9.194012275383372,3,111.7455803887856,afternoon,23.62234526785483
11.89708003168594,0,3.9316064742095818,2,145.13801796424423,evening,82.61534299075241
72.34208804784768,5,8.354033910312062,9,175.99065612655085,night,33.96763325822707
296.57357343884655,3,4.002094181648504,3,95.92155750948706,morning,1.022849057437993
20.51777840634099,3,7.645992767641358,8,158.09246058396857,night,68.59795933379877
360.0922567547511,7,7.629448880581441,2,94.89725185908117,night,1.454176458745391
401.8095461489361,2,5.617995569179172,5,106.62035781772552,night,5.16063992467782
40.2895857149266,1,4.698860789190142,2,168.0430952710762,morning,46.83995013227923
282.9094721609131,8,6.9633376117818475,4,107.90477946095739,evening,0.0
145.57953725227532,9,8.24710403053771,3,14.69472973458592,morning,22.623980364580845
178.44562111694876,4,9.98331785228385,2,96.4190063223182,evening,13.47821533730896
27.274149275170423,9,9.22458824109491,2,77.88624159762182,night,73.576231724131
158.60229866169246,6,9.017927217433208,7,140.8758609654119,evening,26.91588057542249
479.1517757304913,8,5.875472200366044,5,88.5367403632897,afternoon,7.660441928871573
66.68514142755483,9,8.02109406181274,6,35.394511368430486,morning,51.22098172380346
50.39077057723206,0,8.9355643043104,6,88.32617693439917,night,33.979775823331096
128.6565088008699,4,4.336782284314745,8,10.790188717297708,evening,10.647044693657351
5.441396282148017,5,4.014944294018937,3,168.74791675169456,night,87.49928103507136
269.84594660967895,7,4.971772835537179,2,142.58568244791968,afternoon,7.185025039158473
32.00115900179407,7,7.310848608251025,2,56.22032169469057,morning,62.11515012863175
232.11013016092076,9,9.17373699482308,9,134.2151529050042,afternoon,3.290945325431359
80.8490862879574,2,9.379683263296013,3,28.898786568153007,afternoon,38.06910198179367
161.88955763290588,3,5.616134617820272,9,148.4783834204537,evening,10.351258482391488
166.1736156480815,7,9.221297029773181,1,157.38039431011774,afternoon,27.757728435069296
20.955093197589456,4,6.514403528316227,3,88.08176142851912,evening,75.21921961561111
151.14791326657127,1,5.24065176352886,2,60.22995829087728,night,9.419778778341467
24.740644012166676,3,5.666210038062872,5,36.79035476659966,night,70.93025975841252
42.61874148494561,6,6.834518344443049,8,19.967025046764626,night,50.87563045363012
18.700599911147926,9,6.827614181401586,4,75.8520222848286,night,87.25106331837843
120.19410047688802,0,3.063023449463988,7,168.24842579546845,night,8.355560308944302
133.17628756153695,4,5.8272098212652335,5,134.60484351268133,night,20.543879243733095
293.0015318666861,9,6.802071865945022,2,113.37720176485558,morning,7.792677296682992
79.85675563723439,2,8.861714711593182,8,35.96450705713053,afternoon,26.105856046296616
155.55932629683784,6,8.940261297874377,6,136.11736621472068,afternoon,15.658484638394945
165.06734199605415,3,6.367922675792255,10,154.60209321126464,morning,3.7238672067904126
8.194287419571442,9,8.24822451039876,4,93.33424795456537,morning,86.726209290931
202.62116375017052,5,7.975790774044105,3,142.0697692789123,evening,10.474823828743585
68.23489151322322,2,8.87420967357208,3,173.39114831479193,night,45.712059006354224
4.397636176240221,8,3.8591752368101626,1,113.90514781589287,morning,100.0
21.443121580677058,1,9.76478104312001,5,161.16835235443193,night,80.33362338126611
29.25053588226981,5,3.8436750155842647,7,170.99533747698268,night,65.5707036619153
232.17819893493075,4,5.635637484875394,3,115.06863741701329,evening,11.320291647481266
306.5103462589527,2,7.94533541053582,4,53.56124697356211,afternoon,0.0
74.90952928275523,0,5.381942235181999,4,66.24480682834965,night,15.11053170961339
70.94663455772363,5,8.966161809218033,1,17.668531068507136,evening,44.39023075853718
176.12320250386568,8,9.240631712745039,6,152.02966898845258,evening,21.05836030730465
1.9887154145187074,9,5.359607886167517,8,145.80457823410785,evening,100.0
165.73919434584502,2,3.0714293109967166,1,43.26011691396021,morning,7.689259224830431
84.03476646328569,6,9.383721180511767,2,85.63940866134992,morning,47.13466795169696
83.19262098122579,5,4.940575051953176,7,142.1392120864165,afternoon,24.547816770369295
130.4628679750024,3,5.165568069954178,9,162.97416102120724,evening,12.786216587961722
71.543741493806,9,4.1802476440266005,1,30.628506679861566,night,36.718935063316714
17.218760149569032,8,4.521917839786797,2,141.22845908077846,morning,87.27090067421452
106.04917307170398,5,7.133748077774179,1,63.60183303383054,evening,34.989862552320794
117.9847179962882,4,3.2992747642450513,1,153.41846218378504,evening,26.386509351312004
189.88052427145746,4,9.668213032202132,8,86.69950852180285,morning,14.503072816971656
76.84743543510231,2,5.3368914104853955,10,85.77340052010506,evening,22.765918657215124
18.6806288111459,0,4.647084332434193,2,83.67436368893674,afternoon,61.01187751002193
76.2334297392706,1,7.843519937711645,2,42.44438662080941,night,31.132404593939153
458.00441305081415,7,7.51687563073133,10,81.79335923552549,night,1.8836848279803422
157.28440394065504,5,3.392921116147506,5,16.453431363695177,night,12.127036151686966
385.3648856964045,6,9.279019560643983,6,24.529223904075074,evening,0.0
311.89850674750784,0,4.949938994148148,4,162.76400729781778,afternoon,0.0
130.0023667959775,8,5.594641475392549,1,159.20377553479935,morning,22.04659401255153
147.6647939618031,8,5.324749080764575,6,164.04338988642982,morning,23.143646810192177
155.87040554657037,6,4.061261368897189,8,170.06116182654375,night,13.536115315751848
277.1282575912041,3,7.799736454335859,8,134.3127817642394,evening,10.143712123739999
17.953769832130515,3,5.694156226190206,5,131.99682746780053,night,74.55848841346445
38.54784078709123,1,4.047742538993141,8,41.70509917881667,evening,23.450718309858356
109.685596893617,0,4.2518335287445534,8,13.920775789528587,afternoon,2.9520280820558735
80.5650804704935,8,3.7349326258759454,2,60.58002407723312,afternoon,38.733344553723214
29.859580536589057,6,5.859660270347038,2,45.8303785491135,night,66.76950053591463
159.0508570252805,8,4.875120212522685,6,62.037673226794865,evening,21.517538740094576
246.41441560510043,9,6.795369514202515,1,73.11857859368725,evening,15.64654363151252
14.492331289590522,6,7.702943783205659,3,93.47653987248084,evening,95.8726242508432
81.81391503034433,0,3.097865542876583,3,171.2591337376102,evening,12.256923081610399
34.48489644174221,9,7.584636784687008,1,179.97814450660275,afternoon,83.03727027803984
140.50827446552248,2,6.440179004976364,10,148.20200722002502,night,6.147195011007149
276.68536627976545,6,7.778046959630579,6,52.58527147039956,evening,1.5370490274694761
108.40740353680947,0,6.45965148485329,7,148.8741407160794,morning,12.135627465895165
83.07266229120505,1,4.5320794463068275,7,162.91498022200466,afternoon,18.865688415716626
281.31102966843207,3,9.361466602478213,3,125.45641846573713,morning,10.147187586769075
26.642645212446403,6,8.024808432986239,6,37.26017739692141,afternoon,74.14651166564481
424.2253472732761,7,4.317465635180418,6,98.26369034710343,morning,7.223410037834944
59.08689472713529,4,7.456403829115341,8,120.44273778981969,night,44.11592069290311
45.320602828734415,4,3.1541128096698303,4,101.18324403310137,night,52.824471159990644
37.90331363310121,5,7.508162516448835,3,94.99662993213373,afternoon,64.88770614406883
1.0,6,5.247973282774805,5,122.42768242605904,morning,93.14304942885227
403.82084432823774,6,3.6805709254849734,1,24.4547967804094,evening,4.0657794256112405
274.255579738221,1,8.672693557654439,5,20.183799170571838,morning,4.050145092225126
225.5468745220531,7,6.869262832645883,2,21.04834425759063,morning,16.084514539039542
