revision_timing,nth_revision,sleep_duration,topic_difficulty,study_duration,session_time,retention,S
56.31217079722309,7,7.190609389379256,7,85.79156798511049,2,61.10640401996741,114.32701074908553
2.4959169598966344,1,8.053991405867773,6,10.132390192972435,3,98.71349795233746,192.75735355965531
24.313370739870848,9,6.673295021425664,9,59.50895383366713,2,72.25753885799638,74.82567729903742
235.88247369286043,6,4.193668865811041,7,12.25504339717731,0,0.247995905594474,39.316935341816546
138.3300915718394,6,7.269976604478346,8,15.846048589587127,1,14.72976270828473,72.22371788906587
59.52438432592366,1,7.637655990477874,2,82.2764986635116,1,37.64320809249652,60.92457459043446
419.1368559283472,9,6.14827893358836,10,162.1206495727003,1,1.8723603128635804,105.36449970177755
155.91363627288803,7,6.993107820837796,9,173.39924413938934,0,11.343410573878485,71.63393507273906
211.74694382891207,9,9.756787150848966,9,60.36649596969401,0,8.847122920783075,87.31552340692704
9.29710425735708,6,5.963810364944587,1,43.78166586080931,3,94.99152333656174,180.939025537842
111.75633455922876,9,5.509260099809908,9,165.54314484244273,0,33.20344595746405,101.36477084431884
117.15614300548488,1,3.667870815432879,7,62.866994691662576,3,8.36935089618026,47.22907086744915
38.543995671317006,2,6.305504476133645,5,175.19105621614764,2,67.5745311983262,98.34181489510885
171.6471303692237,9,4.6518944382426906,7,16.87371022153333,2,8.344019847678814,69.11153019306283
13.7000922230239,6,6.327591562274782,4,164.2863005674358,2,86.47819930920521,94.30270096120091
111.28747339667775,3,9.599974993905867,7,59.25774699534056,1,26.75965963058989,84.41903339044497
42.054807063994346,4,9.100224131314024,4,161.73502974329622,2,69.92558164075038,117.55735520362082
47.04872631995646,6,9.272639099464453,7,164.16083506277818,0,61.76394507139119,97.64176982188191
204.45956719667345,8,5.133468807106203,6,96.82704143818616,0,3.748208651673304,62.2613525868579
79.59099361269693,0,3.83905757133578,8,170.29464966512825,1,7.537840094642677,30.786759758549536
62.06877226973837,0,4.777407897540413,7,94.53224600170552,0,8.251246824311437,24.87919925742875
19.232494538402392,7,3.25820863148173,1,176.024542491551,3,80.58618223099758,89.10409719611319
18.78370331825637,9,9.899553178774203,7,124.26304305899936,2,85.61628819160414,120.95525975845369
55.37845530190324,0,8.097514440283017,8,89.95110785582654,1,28.195526241315186,43.74261850578474
11.355499057394514,0,4.055022807758006,6,128.2881771544499,2,80.15983221345313,51.34804497577007
107.25340855135002,3,3.116114802494993,3,147.6151778437516,3,15.77540958594082,58.0778545364817
140.9055033081263,6,9.557109921157142,1,124.86731989667771,0,33.66255410339057,129.41546504895229
14.45331420443957,6,6.790135816792961,10,53.850076711576456,3,72.57018933818452,45.079833329183906
670.4383833750226,4,9.302926400143312,7,67.6350644782791,2,0.6298808158824315,132.30435044680468
144.6199539376855,2,8.994270043146647,6,142.57884279579605,3,18.15608349708976,84.76319471122854
104.2964062096247,8,7.644512383756391,2,37.33736874097477,1,42.756185303500736,122.75128695399464
79.77370122706961,2,7.5637288165182035,9,39.90729295514872,3,17.92325565585248,46.40511983758612
164.6829061998949,7,8.944563873459245,1,62.37033461490617,3,16.42321157511917,91.16259605026254
11.80284737380926,2,7.454328327301267,6,51.47823937444421,1,83.85118808064908,67.01345595650145
283.8614379006864,1,5.450548853862729,1,108.07366038648104,3,3.2847130959484243,83.10026527445471
239.55998988209788,2,7.004029394464282,1,17.412641198253738,3,2.155775976694555,62.433874339219116
553.2683697415581,1,4.779145543488172,10,159.15342222775243,0,2.2494461842383973,145.8085098400448
42.20421856354989,9,8.670793762754265,9,113.9573308471657,3,72.70139279856666,132.38062093892813
85.93118843194844,8,7.395260904640453,4,120.49386823222008,3,40.15644313396178,94.18279949301008
75.19283378185315,5,7.135832823983075,6,52.54273128769689,1,38.25826606974884,78.25979258442491
16.30668495569136,0,8.79508302651312,5,87.73507747433385,1,78.46154440998538,67.22699534259354
6.367811509237129,3,5.87947733539675,3,118.36308325469513,3,85.63631986421075,41.06657393005395
163.52933071114734,9,3.1774552039082025,5,23.748404324923605,2,2.039984013820608,42.01432231051724
142.877127935921,4,3.4073551685591053,10,36.59429725408462,1,4.0916314515100085,44.70181699193974
24.23426152117718,4,7.467894156903453,7,121.70892584502836,0,74.4975156927302,82.31623202120674
113.5236566444922,6,3.3340128938415416,10,70.51535537071447,0,15.776186445612524,61.47484096251212
11.554755804667248,0,5.17989316573906,4,39.80614588118755,3,64.10125113127896,25.982891866672215
12.354830213737593,4,6.31430239546396,1,88.99454819973394,0,96.23425464717305,321.8676563728056
83.42749369330755,7,7.610855421332615,4,114.69469794628534,3,42.10222928200315,96.4402215205845
105.76168533687488,3,7.0283192451311525,2,107.47239708422866,0,32.37255392711309,93.77206229428582
73.55471688613095,2,8.744476330207688,3,149.47256344111557,3,39.37051879021078,78.90842434173399
46.09886259538422,9,7.771295682809528,2,54.31806980010353,2,66.5466264261198,113.1906702596149
15.090014379492915,4,5.438356231172381,8,134.9620774466606,0,82.25276476904726,77.23687648120483
66.08754442975857,7,8.647843174870848,1,134.38011840093884,3,58.36092446097792,122.7198617752667
55.82926943540792,6,7.063808086407369,7,168.228745352606,0,59.65238917774042,108.0630677290249
161.60673458026267,2,3.721867081851528,1,100.8356705001958,3,3.433292232149846,47.9310450919047
210.1599069027996,5,5.083446221565176,3,76.16428538480773,3,9.611693647619026,89.72795981037169
135.52690070055604,3,7.014065216863003,5,25.589705033941783,3,12.558691326097495,65.3218116907705
47.81836014604677,4,8.26662170606376,7,142.82032858010444,2,57.21758939039418,85.64858326394372
7.113804773848536,9,6.090713509613639,7,102.80568092804812,2,88.05747340494213,55.93472281243793
14.940717306294104,8,8.330574422022305,1,27.190854940874345,2,79.8499482446875,66.3970029305549
60.63125694786,9,4.026233751844178,5,49.648772312169726,3,45.57754661556601,77.16305687744666
56.26050990627475,0,9.162519780468918,1,171.032258155256,0,37.87963494911723,57.95532322794623
147.79466425718488,2,8.440028411492058,6,129.86434193043218,1,20.36636514558948,92.87753348895968
284.18852105737085,6,6.041162911417899,2,89.67230913900147,1,9.868519108037294,122.716132512122
207.65061535739005,6,8.222314154857962,9,73.72799851902968,0,13.272376990844643,102.82353761450213
10.383515843004757,0,4.565170869636169,6,146.3585723345448,0,76.95981785573093,39.64887871117971
594.819432951124,4,4.770931175924687,3,174.78143105524683,1,5.029364548753102,198.94447967098276
21.813626596005463,0,7.87024082289232,1,116.68487361429078,1,77.66334553249388,86.29259134342557
296.1720915801399,9,9.65288038853591,8,77.06870576338207,3,1.3458950206335745,68.74755430437017
116.15196344867726,7,4.187759327268958,4,88.82872883979697,1,23.13218007827826,79.34172860269479
53.61917511759854,3,9.90347521135722,6,15.49371168864058,0,47.39100582662359,71.8045617170636
44.4455161865232,3,7.21947317416309,3,149.8313312969387,1,69.59927818281582,122.63674191337846
301.8585786600028,9,9.529099383478092,2,103.7699383324919,0,0.3952726139044493,54.552593069542894
59.90509269975618,0,8.868300932977965,2,16.259717498118533,2,26.64572723318724,45.29543932075223
38.32666705800735,6,9.053056633785372,1,100.83886675500872,0,72.21098146604125,117.71882844116092
175.8339708247513,4,8.299568414297191,3,52.0491772963436,1,15.17679162441664,93.26069293496711
27.536421953121,0,9.678357190811056,4,48.869276935588665,0,44.49361539078342,34.00295074188089
213.60685795472045,1,8.965270502229782,6,174.55554012476992,1,3.887768357102544,65.77912837501593
251.1310371875726,8,7.129691279963453,7,138.37333346451524,0,14.007070203611503,127.76252493330566
280.1523384341588,1,5.454112911646179,2,118.22953467578805,2,3.980146176253381,86.89988552430036
69.03834753941175,1,5.437788269163102,6,86.65477606073775,2,33.737980077078326,63.539278538830416
175.79778403758215,3,6.213950293667829,2,115.53696635175552,1,18.96419014281159,105.73554131298965
32.955416125872354,2,6.760843916998491,7,31.767792622821315,2,48.73284739413543,45.846746482555815
61.3591876879324,7,4.260470906445089,4,68.76343816505675,2,48.779228931090096,85.47447830636645
433.92165571596416,9,4.566943461344244,5,38.71896072226797,3,5.875645013620297,153.09365142526755
51.25522327989032,5,3.620917736299389,1,100.8519956345289,3,51.55950091871443,77.37411946350774
84.00062216571965,8,3.646034103601224,9,126.9234019063341,3,25.18110762685882,60.9107923073359
55.53421320292437,5,4.65281573182183,7,100.3151781755008,1,44.85421599004238,69.2660219752287
165.14747284678108,7,3.931818500112348,3,162.18516240682388,1,15.881144857152004,89.75222538514255
60.73317778390915,8,8.161836442656734,10,105.8740656432022,0,56.80365972143196,107.38412385053208
28.506832274835585,9,6.747348948108664,9,161.38963772578214,3,61.73183893489432,59.09739618240729
125.57573452018023,1,3.6084420166119657,6,109.76299006354944,3,3.127866026228228,36.24308440447183
105.98201551849412,2,5.651408381659025,5,71.72399038776797,1,12.645517355708495,51.25184326862075
82.75784436875368,5,7.24042373549821,1,11.280841732792704,0,44.80454970764322,103.07873510640627
19.906595110779104,6,6.4146686056611655,8,162.45012218649228,2,79.9671745424616,89.04604359714749
299.2430987425027,5,9.825470140615998,8,132.89233642570187,1,8.826985256489515,123.27941125367396
159.92914995941345,0,7.274340297091428,6,108.8104976418441,2,5.497291958687395,55.13059595855323
322.6150213913989,2,3.362764757756988,2,87.22555527724694,0,5.998284158712487,114.65877534466868
35.26666011520817,4,3.018976295900308,9,111.25858590333353,3,49.03671690873279,49.490062243684726
111.79955813785487,2,5.442077865800967,1,154.6236682027973,3,24.438619951826915,79.34643019208761
23.99469716409572,2,9.48514596512798,6,18.17608947389491,0,72.47938907139496,74.54826404549202
18.06698956970311,8,8.253513473357195,3,37.9251856482688,0,87.87796733530283,139.81458090008624
69.39298573366564,2,7.368710809272863,1,137.0935946299627,2,35.78231137430057,67.52152469382754
59.60747605842343,1,6.80487002779792,8,48.93431645721538,2,32.52330524114693,53.068707153023524
14.91775390293357,5,5.32971050138739,3,66.93395449170464,3,91.86617693582784,175.83963431130806
102.15895261438833,5,8.26682184027176,5,142.35722963862767,0,36.33201107277021,100.90062240714975
4.092904782940552,5,7.998448575565299,5,159.0501582494974,0,96.47134088228135,113.93166546950023
57.13642851292141,7,7.227705104507588,8,35.485962649291544,2,44.52703599905061,70.61956581044755
63.10361063484002,1,3.085421506226312,3,127.971235559407,3,32.09861824616401,55.53149178790004
210.3961818036883,9,5.397669800249804,6,78.14474084981879,2,17.487068106257265,120.66017717108943
40.74942230296724,9,7.103608824117581,2,113.94722002389013,2,72.640815099871,127.48407722453435
12.938647029128918,3,8.530592459868608,5,130.23056783327775,1,94.22689933441472,217.5861108997115
177.0133213301302,9,3.4824507755705314,3,135.1955200562029,3,13.12401533208972,87.1674889831838
21.71365370565548,3,3.872638768422868,9,66.46489015133962,1,63.94545853860033,48.561232331941135
87.78616631623791,7,7.255260756559811,9,136.52244081335908,1,32.293056206854764,77.66501962888245
92.50596289486582,5,5.4244219605617285,2,91.7422862751425,2,27.706712224879706,72.07346194797418
72.22533281908073,2,4.737585099300063,9,94.72252136571156,1,21.11839052217189,46.44638467364202
29.830320060383496,1,7.644761604116974,7,175.84202366606857,0,68.66810908417935,79.36016667805559
19.31362851722161,5,9.024424125235138,8,95.37315175631124,0,76.7452851457039,72.97021866027201
66.78014730687484,7,9.286380026084997,1,16.21344353417613,1,45.96342780029486,85.9102949561346
82.46266371316584,2,4.086681721514988,1,66.84167792278197,2,44.00056906161279,100.44569579996516
350.50940511176225,9,4.895212712004876,2,79.48480908667639,2,1.729937319456679,86.39439505875721
96.28116374235708,2,4.6175235761165,8,27.698458937377552,2,16.598696218996054,53.61326187219321
101.12121146904002,2,7.569222754963123,8,26.90503676908868,3,14.980411922664311,53.26579684691243
197.3146753317138,3,9.610868079040914,6,44.84733022068957,2,8.860285819163956,81.41417512719518
46.98570006510233,1,3.0910134645751524,7,135.10378424332038,0,28.251288325963497,37.17131575060846
267.8235624986193,4,5.392721461885132,10,150.26824634185218,2,10.52431549845321,118.95435140876346
107.07813001719664,3,7.369042354943938,6,141.55186894422783,0,19.424375751766465,65.34567494766115
355.8320665382644,5,8.458311423516216,1,157.63955590264518,3,0.8663085288810008,74.93276879263802
506.93968383474464,6,8.598986791631207,1,92.41232241555883,0,2.7616900092592105,141.23528766590277
120.44367983214435,6,4.526161752458606,6,151.93814025588085,3,13.545620643454024,60.248744274558156
17.025819665434398,1,4.906151285635582,6,165.43079711528483,0,74.77912983196673,58.58218494556966
8.344570971671637,4,7.559942718463049,10,132.4344388774903,0,96.69496798399886,248.28513486531105
23.13864343662626,0,5.931393674244512,10,81.74613012361685,1,44.52078346501138,28.59397102951518
21.82340460591268,0,3.579590675475885,4,141.06760734103133,0,50.897302113294586,32.313722994918656
52.74581732674242,0,8.050730027853339,8,106.28878885047251,1,23.92457490458987,36.87837819666887
60.63081364218364,7,9.557808175273305,5,92.23834012851016,1,53.94401120938724,98.23153683913112
82.30871472314266,1,7.363327856334935,2,28.121703032741205,0,30.626500775354973,69.55835441347722
51.97862477008574,0,6.468439213443389,8,83.92064756263686,2,23.846076125435484,36.25866307492625
93.68038153820838,7,8.30874689761977,5,139.03609374160447,0,46.345026823767945,121.81214069994745
34.46874186481441,8,7.526654433820144,10,18.7712871319807,1,66.53917757413116,84.61093617377725
4.82701214464549,9,7.117846298789518,1,40.6978086716467,0,86.04158430078994,32.10741797737162
15.411286491898544,6,5.081443051607856,8,175.07990167811252,2,81.11905149284813,73.64929145430162
190.36970326950663,3,8.911845789745492,2,98.81387793209872,2,13.92643559755579,96.56665722376367
31.365148943674285,1,9.194988495662969,8,84.97546749718748,2,56.74030457752221,55.348434194194915
8.11079225873692,7,6.7764390466273605,6,64.18792549845188,1,78.194369339985,32.974380453851516
251.14249347631812,1,3.170805470895766,10,178.3580232681021,2,3.730561420490344,76.36733538993995
249.24693199250044,1,9.573473889590272,3,21.905049977070075,1,8.97299345918248,103.38117524969975
61.6858803147529,4,6.358469287995534,8,56.18678508173069,0,39.64875527118325,66.67946321999517
175.463653240707,8,5.354593246798954,4,135.38899127011155,1,17.076541071564982,99.27421462355169
42.28829746383703,1,5.074156843191931,5,17.15584223818152,0,40.875512358921256,47.26855907289072
289.4064630398573,8,3.766273190753806,9,125.54003805782187,3,4.657214862671184,94.36902879288273
8.063305738400864,7,9.599122418945878,6,113.31525512940604,0,90.79145293885163,83.46672305029445
378.34322206574376,7,5.450876814167111,5,117.06224690934604,2,1.0218782721701931,82.54410965766631
673.096637510528,2,8.710831874934325,6,115.89935509897018,0,15.86178605719094,365.56358243981794
92.39675811490044,8,9.26445008859488,5,25.552762357618327,0,33.71351754871347,84.98040631900268
77.7067304025835,2,9.689560487608274,10,147.61773270322928,3,27.7788410061992,60.665937352190234
321.8674543937032,1,5.859172491494891,6,54.15814323925545,0,0.4881152398388455,60.47441574665526
87.10003811689458,2,8.772766761476044,8,122.559041718116,3,19.48789086381337,53.25991727156695
253.069372252843,2,9.077125628360829,1,36.74791214942942,3,6.840912755311599,94.34969326608541
147.86943850911732,8,9.51063245356817,4,115.16393429658132,1,28.53613024067542,117.9182902123393
48.97763790111703,6,4.1253192723381575,4,104.55089495675868,0,56.604234727441714,86.0636261662592
40.59928112542261,0,6.918910186161806,8,54.16660878090717,3,22.23785444019965,27.005439683683612
59.73949571790736,4,3.717568095934755,4,39.53809080228636,3,38.43145943305783,62.469813523640305
8.429718034932996,0,8.396890047724948,1,108.96897822996644,0,85.2313288120396,52.75131067034652
125.14963152099897,3,8.307842371503158,7,21.1564445775822,0,27.656963822206343,97.37053512179051
46.91829242606762,2,4.767561247818676,7,85.80346008404722,1,47.32406257532391,62.712305109879004
12.936101527039789,8,4.145366748341685,7,150.40653018598243,2,85.55767616544642,82.93464617164993
29.93382353438112,1,8.40975946011763,4,121.266906427793,2,56.422428203328565,52.304112236476804
46.41064117424391,5,4.609682241237604,3,15.292794090366932,0,52.88454694185012,72.85140086574758
150.59995303427732,1,9.05050774887746,8,37.07177550747496,0,9.359517711452202,63.57710738245295
176.84304526680435,1,8.327167936600993,3,145.45563073688467,3,10.947818473753095,79.94604377349891
3.9680296019982855,9,7.316552201645166,9,10.2094119782924,2,96.96156288519556,128.6002114305127
67.51868639090283,5,4.578780997106148,6,108.9351383254478,0,39.85767733558865,73.40143377037177
107.06904959538336,7,5.172533712465016,1,11.975491784377107,1,26.16191587894921,79.85070506681838
441.233403402283,5,5.041638050965123,9,156.2208075221648,1,8.355872094815316,177.75860090773665
286.07969746987897,5,8.244131473708983,9,51.14765269662967,0,1.400912742927153,67.02825693355075
79.01619225280226,3,5.422115973513877,8,11.661044061261222,3,19.931926031832496,48.99173439437423
9.020665914764969,0,3.615065494013834,1,150.16738797246174,1,77.6579649253097,35.67510174215314
100.59208847017447,9,8.60410689376358,2,17.001194197476185,3,36.42031248146767,99.59183471281095
13.25385807420908,2,9.273549118795268,9,169.15608186142728,2,75.62131036546216,47.43141536252768
328.3773227876226,7,7.998608524926994,4,67.70653273227703,2,8.02825418968234,130.19463965554147
79.49051964121882,3,6.871010168143709,6,148.94062089362393,1,34.12445577525506,73.93394862682125
21.49512540860015,1,3.4224645879339466,7,120.55001159848716,0,63.267654279625766,46.95350424285334
246.4842668402878,9,5.303122064702635,4,136.52744115114243,0,12.636721244789898,119.15723132328516
82.74541304681205,1,3.1460279750407665,3,48.83730602632078,3,20.61944683075881,52.405821032033224
93.8318036970851,2,3.5706854268669868,3,125.63880121331952,0,19.55511899617861,57.49733498443519
118.910340482553,3,6.533914173251125,2,157.39535434081623,3,23.088952256863344,81.12228638416721
60.40544449348045,3,9.113962666571624,2,144.80253608295735,2,54.62174037148301,99.88693252002852
38.89294885021703,2,4.986981700260515,3,115.90431920579208,3,53.62623062739519,62.41527890292591
179.53321816714015,3,9.363227644659489,7,117.53189064847204,1,15.222119423715078,95.37359453757651
107.84899461858431,6,5.51463358579836,2,26.19445635228647,0,26.721743792616635,81.72281669001413
59.52850876361683,8,5.793321622959778,3,121.64523297201968,2,64.14958908599208,134.0875627487452
60.632882763666295,6,6.176526789685475,10,22.494447046102152,1,48.11562374696823,82.88125913186612
48.21670269951929,9,7.685732810215529,9,83.25087902250701,3,60.60659837957581,96.28581567211945
34.926976927688656,5,4.173334514018224,9,112.94148679963008,2,59.53060356009318,67.33824287551924
130.80750301765187,4,8.472532308915206,8,146.96392600150904,3,20.71029202149602,83.07667764458367
93.15889364546324,3,4.888247280618927,2,30.90503745003654,0,34.93801242035485,88.5882056892381
331.005744648236,0,3.854769398070188,6,40.60177437036299,2,0.393204731241954,59.76348550708229
5.095407960126203,9,5.781652919250807,2,174.07017839412774,2,85.47697755932272,32.47072920120827
2.1039110120080453,8,7.473839564708502,9,108.61907904822957,3,87.0823187434205,15.210865774634783
131.90462844787,3,3.880190582646542,4,129.79572966522994,1,31.06621912902361,112.83069446351188
158.41537310821406,7,9.789384322750893,1,134.241010728049,0,33.84965030785175,146.24196965765046
23.397731887037256,1,7.631426452598028,7,170.58441731058394,1,68.50127930252245,61.84677024203279
29.15183976216288,4,7.668800618936351,9,28.12081515235842,3,69.13251231629246,78.97123199848419
20.82065607091444,5,5.2267808753268366,1,79.17435332288801,3,77.38875337184676,81.22638763042463
40.87688958501853,3,7.55358153454201,6,65.59563746575057,1,59.620665611134704,79.03987647197285
69.18721708003753,1,8.33599594343631,9,63.92327185011776,0,28.37385043522673,54.923469805182755
94.36027540131396,8,5.298668595195568,1,72.29846092813764,2,40.05778386135738,103.1432109040734
99.4592398863686,2,5.71990670889242,9,111.40253074752168,3,8.22071410355534,39.80737167894603
9.121570590646469,2,4.179110695999038,10,139.08853574688723,0,81.03908212707616,43.386744024417354
57.32284137358799,9,9.660349917661938,2,91.46091919705428,0,63.709947946187846,127.14972197217242
33.89463610988855,3,7.255335649554112,7,148.20757558173588,1,59.02697875937092,64.29477659555953
150.83880779277118,4,4.370445899784823,7,162.4414292728208,0,12.587439437839189,72.78211698537447
314.1322999468463,3,9.5410521876386,6,43.07491494150116,1,4.101633946491633,98.35737933289391
79.83390586792939,4,4.99411031373346,3,108.7584490546756,1,46.461163824825256,104.14656687833092
38.19740906496553,3,8.762218109169622,7,125.79003517404708,1,67.04320066375314,95.53341064229741
193.00127857291943,6,5.066948024542171,1,106.4430773369136,1,13.53274179822023,96.49783513198936
10.927448956828666,5,6.851585795093833,8,99.50486300614276,2,91.03620116281844,116.35721911845877
362.904062414968,6,7.465896440553084,5,160.31509876922934,0,5.845128496532249,127.80284868002883
23.051677871099,8,8.879029120067042,8,140.89059904278542,0,86.06617791223167,153.6228810364929
32.43931375301317,4,5.114423512843565,8,149.84443414732533,3,67.03162011476256,81.09712146697349
174.62905185239833,9,6.162373751160604,2,36.007246140855656,0,21.83332993534877,114.75673501741365
27.70875712260156,9,4.798186933520004,9,94.4503660060588,1,67.62102888054237,70.82089210370106
38.51396312290099,6,7.866011878333157,3,85.2618843525196,0,74.31459171107011,129.7365475348062
568.7264169437244,2,7.222535871493606,6,108.32577589108956,2,5.548640726885514,196.6810878325127
177.73735769624486,3,3.5996077471750136,1,111.27762379212264,0,6.108941251915148,63.581703981113016
52.61990817725049,3,6.096869555364687,2,123.83244474277352,3,49.24361361109553,74.28093431983221
31.94367692210472,4,4.898032055501293,8,120.649152738023,1,62.113207266648494,67.07875405652149
25.33466123670477,1,9.958975528548171,2,71.70052621381863,2,64.983919679634,58.776979498858175
157.40946290313735,3,3.4209963982054967,10,172.79629836591462,0,13.323826727433485,78.0949554851196
22.42866878039494,9,3.6767351475270376,9,149.70709546318477,3,77.96657607672103,90.11479817224354
51.2464513782545,7,8.568149725528105,7,77.88370568758238,3,53.19503946074166,81.188280126865
133.60756409128803,3,7.365099816019318,2,143.94333800968505,3,26.11716987190177,99.51573754191976
16.396480227468853,5,4.1151281443328624,4,61.53182051070586,1,75.34654800351905,57.923340688201485
51.01680593972542,8,6.876615684986634,3,77.48685790262819,2,53.01286398478569,80.38755961694801
342.48088486346654,1,6.609755993875485,3,143.66691264870607,2,1.074657294550451,75.55000318415067
57.48499424005166,7,6.727368347915983,6,34.017268376835986,2,50.14209950501503,83.27426676063149
43.60582435101441,8,5.257695844924906,3,39.49916754770648,1,66.24567139275342,105.89076717066632
102.72606456604788,5,5.196093838358673,1,113.06299941766616,1,34.97591075942276,97.78679251278069
212.1645004800285,3,6.517962535244097,9,150.2841304606466,0,2.3465665531593074,56.543771941555285
3.138105596257517,8,4.627859508557661,4,84.71698706759472,3,95.5562594960657,69.03762167739666
228.8189406557668,1,7.551407646787074,3,75.69834299705501,0,3.12311449531246,66.01169452510005
7.190868012457902,1,3.4044639269745662,8,60.550358200262615,2,88.38766173475307,58.25499205089392
32.803034034857646,2,3.522408700359572,3,40.220285934712194,3,54.58784655296333,54.18774387544594
89.84970670554411,6,8.070222287736629,5,160.72271659087934,1,35.229411766253904,86.12159824943568
89.46040820319277,5,8.79276526896812,5,75.80338925705723,0,47.0764719717779,118.74274361633024
25.241324593473493,4,4.506413104120663,5,151.83157221231048,0,77.55192818787937,99.2883448887552
223.2229064879771,6,4.044664445651232,4,156.992266663871,3,17.34348693137913,127.41374241090588
160.4351853629749,7,8.674801495903864,4,156.12608937998078,1,24.9713465120134,115.63386630314427
373.026967562676,0,7.610845023452105,9,126.98290003471216,3,1.0366988050366084,81.64072150142329
9.53933468587994,0,8.88610105598146,10,53.019933576133376,3,82.52723114308972,49.67320175713631
129.22934828595146,5,7.456687775170451,1,21.330846895317293,3,20.75882068175727,82.1965625865766
256.9166180824557,4,8.162036381050399,1,85.35642486541511,3,5.123401868376464,86.46456489937152
8.87075122428145,7,3.2489960692488387,4,135.3764211080312,1,91.3398369612205,97.9293602810715
74.37577115530945,3,5.447922608220947,3,122.43300388197044,3,32.53855609058137,66.24461210998412
95.71857886040046,5,8.350608635552152,10,13.56064337525518,3,14.001375292470875,48.68660568111823
86.74807561025726,0,5.068113442341942,8,116.19280670522484,1,1.3005923321700523,19.97721692534866
8.612303150846463,8,6.712114932744108,2,64.77663558558682,3,87.36807321091936,63.77581636399536
41.57675143651767,7,3.79769644300022,5,166.4505208072993,3,63.639774733625394,91.99790099180588
16.449079437646194,0,9.496585482282349,7,26.151988828691792,3,68.88953089375211,44.13893658837731
67.89230720624772,9,7.290577077461679,6,56.54452227739811,3,46.82560081105264,89.4803195483266
261.5643697320662,7,9.946907803426292,10,148.71097962466493,2,5.102258826757941,87.90641130396372
253.70250390416084,8,6.808116054279261,5,138.35712788686732,0,2.542783795385869,69.09277568696083
6.643540112149541,5,8.272311351393821,9,169.3559713045102,0,94.11693241462592,109.57112681334362
50.29602614070811,5,6.795660438442938,1,96.4212929757676,2,60.07975156904494,98.71696043090029
13.436640489697462,6,7.822197114350635,7,108.1193731588835,0,83.72552003238567,75.64553359288587
74.28894223996511,7,4.726752051651362,5,159.84663254475365,3,45.10885715074875,93.31708194876661
12.533725165331132,9,7.602922189446161,9,104.36444138138866,3,89.02530234589914,107.81739815985856
139.72568609374008,8,6.879585598924116,6,154.1681244922312,1,30.868024633352945,118.87001967140579
4.313985277386505,0,3.077221299837261,9,172.87249162029462,0,90.02444258713516,41.05079105924438
221.39672896350308,5,9.136555332797403,5,31.201389674936383,2,12.340356097088977,105.81523928381061
71.43768726124433,3,8.462798433030922,6,110.8175368117533,0,42.0118841267392,82.37573009413234
58.85877560819248,0,7.117415868638734,4,96.71865112480027,2,26.43163775933751,44.23448061658417
8.046261421281823,9,6.930392115716666,4,18.976673279649773,3,96.67456321723527,237.91523267899353
37.73582233514992,2,6.487789775844176,3,19.953657971476463,0,61.52121174854792,77.67958365199412
164.4151922180461,9,7.95376654318641,4,97.93573959507358,3,16.331816239313774,90.73410376391861
159.6637088291641,8,9.531793319404905,1,81.61216905999224,3,18.66844482079039,95.13217467905432
138.9695708060064,6,7.003105898590306,5,41.360963032718686,0,21.75512412717123,91.10841795488192
467.34155480693966,2,3.1833769597244537,1,109.58772481522332,1,0.8375040915362091,97.71910541763644
42.58271880958716,4,3.39295272391347,3,83.04165816561897,2,47.43547448744495,57.09671292456792
56.76851908510937,4,6.366342005271488,5,87.89177074544175,0,55.98177228720743,97.85245536757967
174.04256387608623,5,4.576565915879428,9,137.73376462493775,3,5.651842042262239,60.57470773392327
39.87897773868406,9,4.975309522852401,7,51.98639584223997,3,60.47058081942831,79.28018034173323
185.6469202076248,9,4.903648082900417,6,82.91076940637656,0,11.080941152674727,84.3871283871952
7.76423418127583,9,6.933949932267647,5,100.5115159867869,0,92.86717827422316,104.92221926201854
177.33430039972467,5,9.298833419810908,2,134.51628441247527,2,19.99052974977454,110.15158057721942
331.4167743502943,9,8.79507862725521,8,54.226824463548695,0,6.224337339441513,119.35621144345787
81.86038972840662,4,4.795710437109735,3,133.27647368368952,0,32.93075326288418,73.69742588594853
429.08893570897385,8,4.28110810964309,1,35.711960884938875,3,12.91930329221136,209.67501577233966
64.95210427741051,8,8.954312404887965,7,102.66793980431896,3,49.92934643718585,93.51530073197738
147.6524280722945,0,7.290301126033644,6,153.97618377505518,1,5.169377850687614,49.84186427915079
21.750189314617973,1,7.649315401537922,9,123.73379734594842,1,66.84964847829895,54.00766209442268
166.01199703436913,7,8.508790944423664,6,147.08861492958272,1,25.791642888751795,122.50725987658008
458.3432026456268,2,8.503947395688233,7,158.26306900382102,1,6.066548256071461,163.55495592610384
87.92286402288515,7,3.883776479548294,6,37.47536791859815,1,27.42574419224854,67.96295628324664
32.742499968830494,8,6.921275808624383,10,104.85672559304878,1,67.923750538293,84.65309822280328
72.11122745316285,1,3.653855803827069,5,173.96103116313796,3,29.38438743156816,58.880406140050816
38.82889711575983,7,8.585399117311258,8,98.43238895276426,3,61.380660279664994,79.5551235278336
142.84749413956655,1,5.217331739472687,3,71.72712522778178,2,6.631697167477677,52.64696037987052
24.433980032108607,4,8.128446642905828,5,84.85498112261932,1,74.01481427828129,81.20166344457238
154.99909549694578,1,4.161684267070495,6,176.5630178352687,2,4.65934430840034,50.54930218468321
21.241889337922128,4,6.918289785468678,1,14.991907047406697,3,73.1425037736517,67.91742095736363
234.38110230822696,3,9.427455997359427,6,130.74127576596294,3,9.15405534029929,98.02749042737426
531.3992998268114,1,8.751458283973301,9,70.82570510532511,1,0.6778198474488493,106.40661313893469
89.44277996753674,4,3.790602458878215,10,27.108371349000667,0,18.96353803235981,53.79524669503367
65.39182794983539,1,5.435589881075167,2,137.30047728376212,0,49.66344720306178,93.43011179596061
29.129613744038704,4,3.2323254819369835,5,79.41207826910669,3,61.591915741027,60.105728104282456
334.26593350912486,0,8.362453435747117,3,20.045961313303057,2,2.114280606004122,86.67698289554549
133.30610609040826,6,4.183567492491948,2,85.99944244709232,1,21.868753894466963,87.69496246227665
30.8552997714853,4,6.82653754131452,3,80.16939197522443,2,69.36015348685851,84.33690142286753
5.151990996825769,7,3.1902251126359094,6,57.60634602358321,3,88.23649735791156,41.16669053003111
147.5921604448885,2,8.782273361666004,3,146.83415206304457,3,17.570342020183325,84.87391639484358
98.2955465366186,6,6.728731207330885,3,158.36815272624176,1,39.255440619780174,105.1199171739894
29.576091494255312,4,6.7848893365143725,8,54.76368323804402,0,67.23034961330202,74.49045072484671
43.01809138046333,4,5.08066465396032,9,18.184282116320084,3,41.715247877292754,49.20270018370427
251.70235527561024,1,7.674632782584846,6,161.69142468374088,2,4.824275917707387,83.02871974325825
218.5318547889999,2,4.874436728418339,2,107.46938875798706,0,17.158228632813913,123.97617657973377
7.890747858303781,3,4.541577109641206,1,135.38617734578054,0,92.73944444489888,104.68473671314099
212.13243834268857,7,9.690771386045268,8,97.96587979835702,2,14.500214396400748,109.85587609388162
10.294016808351545,5,6.042171726010983,9,67.93866896427392,3,96.24330231224296,268.83785076645
119.73509516291118,3,8.521615847337518,3,50.363689623717065,2,19.12364434352352,72.38052247349931
16.94525342302314,3,5.691579293513688,3,120.87812412273033,1,80.40972209985912,77.71800859040005
53.90241128513886,5,3.319541218516686,8,50.6056322683277,1,34.86301958911767,51.153254840411876
113.23328701678992,3,4.448948049068988,6,155.20311960058572,0,21.079853052438207,72.73219002380256
29.672188424091672,3,3.75618027891484,10,88.68483235269461,0,60.37935878610134,58.812374061964135
41.68995084439769,8,5.779105288660341,5,58.37559129969258,0,78.08819935710667,168.5591813096799
14.502713384479549,2,9.15903874152812,7,158.61782919647987,0,82.40930357510476,74.9603290390655
71.87076952629606,0,5.729106470590809,3,79.87358279514278,3,17.072868481946713,40.6582554170056
133.38291664271924,0,8.766532689549063,7,172.1856316894569,0,9.23889579795858,56.00211579516827
139.22913185337126,1,7.657044713846386,1,87.56020652244214,1,13.172983371459283,68.6872140775979
11.61895166835961,7,8.258246334658928,1,78.72075403951555,2,92.61238027224464,151.39220578145046
132.52159666091012,8,7.525150630872249,3,110.92233450545152,1,28.971383686547792,106.97046006767513
83.69564439336634,2,9.393008633033658,9,36.2346660981235,2,22.839612413445163,56.67849327183214
279.2908939178129,5,8.803124127818437,8,149.40214695029053,0,7.07674147614878,105.45818905040646
65.78888227724852,2,6.141971501722958,7,108.12398074487363,1,35.07427260873509,62.79348854991577
203.61092574887263,5,8.919230540929348,6,154.8130102685711,3,3.945777897893192,62.988216524463596
134.1231649326738,6,6.79774057972576,6,144.12747718653486,3,19.13168581388597,81.09880013613804
71.76735827653546,8,6.016896543593074,8,161.24084561298628,3,36.984859152815325,72.15253961776837
55.66778195671079,8,3.191942169808604,1,99.38814180846504,1,55.171047843834906,93.60147849821098
18.461267398332065,7,8.333347740926907,4,67.76070061569004,1,77.53787418574315,72.56682818486823
124.55481096247289,2,5.384229166069042,1,27.21418548457702,3,6.770404155352329,46.25803164398737
29.4915779069098,5,6.178011348372804,4,38.45115463356675,1,76.68228354727177,111.07960367565194
79.76808987227048,7,9.842164825932574,3,173.8829592100094,3,49.25851342438181,112.65279603355773
311.8561452855513,9,5.7680398759504,6,138.55631437153005,2,3.083290025760741,89.63513687607353
80.29680788206872,9,9.300582281115364,5,172.50620092240428,0,38.05669520444051,83.11497408541953
49.93225651565755,3,9.860762946896369,9,104.1309525108619,1,51.02227305095315,74.20369841828919
218.82659028016457,2,5.116332745460456,3,40.119057296217136,0,0.7008121836167054,44.11216726131812
50.30776781003877,4,9.764921701064852,7,102.62070178268176,0,53.24495226043526,79.81974863428894
70.44788081314836,1,6.42228482254716,3,143.00601600821483,2,36.43342994035218,69.77224629903085
254.7468000296156,7,5.280761822951149,8,115.51228157017928,0,1.6834566856985274,62.37188575777924
229.71827059902444,4,6.801172087703643,3,32.50330443594532,2,8.301688442322314,92.30410687713452
137.01590916049193,8,9.139634067127322,6,35.295314798869654,2,24.825263371027606,98.33853898020581
86.31489581415437,3,9.044832657601816,7,73.80608434633231,1,47.47769301165269,115.87288657320867
69.84073070985221,8,5.535876609690138,1,157.14811475617387,1,57.89850303529517,127.8013879149334
73.05215241867624,2,7.214818897483457,4,147.12018819546708,2,38.248513339807744,76.01162763625133
230.8665829071344,0,7.481388180917366,1,161.8253348832205,2,1.583247886031652,55.688312750847615
44.85837189190184,2,6.138233387585956,7,13.249736053059884,3,39.42276133021544,48.191962320579414
120.13823935811708,4,5.511008677919094,2,66.67924476704879,2,29.31608000551866,97.90946127303731
28.393810948349827,8,8.553758100137435,3,179.6295454659363,3,83.75571219182586,160.1764636655934
8.583327898253486,7,9.559637199211563,9,140.2397085752497,3,84.03849041752339,49.3591789939207
144.49044641109566,7,5.793701316516062,2,23.20038689417286,3,21.67216455212193,94.49122105976237
31.735931007907144,6,5.809142169537985,7,167.96876911741515,1,65.83906728061825,75.93112804574594
37.13702117449524,5,5.250469908735173,5,153.17922687847116,0,66.55110134935823,91.20091546290082
111.00741909721152,4,5.912849996497647,9,30.896515339115886,0,18.226336485035887,65.21015741516266
152.6665372317895,9,7.101053519174634,8,104.29174916596624,3,12.794541468918418,74.24867926333812
150.19174335234402,3,5.122358416227322,6,105.7591182621485,3,13.916630148498268,76.15883394751225
18.50071619571011,6,8.044586016981793,7,36.96610456948426,1,82.291193792473,94.9211830085028
6.703651167109964,0,5.223107566827816,1,96.89195367032907,1,82.78832117222102,35.49099000715229
150.64823562709574,5,7.948835412190013,7,109.15530802821772,3,12.322864441356614,71.95264181434945
12.895845929255222,0,3.909509471749909,9,153.26102336729434,3,57.653002587685606,23.416004387137274
101.78235640229924,1,9.243105013675144,3,164.69033445524664,3,27.58973237944976,79.04035257699252
14.79886491687984,6,6.4566982831985005,1,168.1290641245322,0,89.85719305707505,138.37372374346486
146.0295771162149,9,3.9738109422376127,5,131.21782860783418,0,19.041841099326334,88.04751685820406
16.656378124472006,3,7.917783510743648,9,27.9120367826456,2,72.25845111000292,51.262871540248284
120.72607526990318,4,3.3373020867530734,5,94.75703591597056,2,3.1488917827185148,34.910902132659295
73.43222364599987,1,7.440969017006085,3,72.86825351782002,3,31.497035495144377,63.56245226447034
235.0425888216604,1,6.864485552573645,4,154.55916019038222,3,7.20344959565257,89.34907650732627
157.34080629460868,5,4.510184754235179,7,113.31786078296284,1,10.807395758750705,70.71689218380394
60.25053993200481,7,7.561478323340935,2,135.3064135734487,1,52.24947454839593,92.81589070179417
149.87930049993005,5,7.054226787623055,5,58.85963139914856,2,25.31498079134226,109.1004182832702
2.3420222003852538,3,9.641921690817911,3,93.78697935606591,2,91.88045558189984,27.65671991956267
48.10079873794577,5,4.866726376633843,9,173.79487095089002,3,57.07200208716978,85.76310866328531
72.81848025610658,0,6.649072333578973,10,155.712025175568,1,8.124858692319693,29.00855161290809
87.5675130686484,3,7.493019711987488,5,119.89798607844818,2,30.535050584281827,73.8159697384931
19.83135091350175,7,3.45986401268056,9,169.35433448793452,1,73.63911849293761,64.80964941565358
79.41574614712404,6,7.701495970822209,4,172.8242661679947,0,48.731410998111606,110.47665955629756
126.30733383673832,5,5.559765237829599,10,43.2916243028259,1,5.912884160814437,44.66255496564697
271.69042434811166,8,8.469252990231135,3,34.98366062999564,0,12.699476261239422,131.65787093718262
21.47812319656191,0,5.416345459459474,4,67.34782397289399,1,58.30879139161184,39.817267387685824
76.1827364555873,8,7.829998161162604,10,35.04151752742496,0,32.94925489876812,68.62063672382068
5.470477607689055,0,9.705538847397392,2,51.12185999919116,0,91.70090277262568,63.141808580369336
189.08723238812908,5,3.7622531978672735,4,171.7430677615115,3,12.114139952232634,89.58097254447331
88.7129158707488,4,6.0589711996593465,3,39.936230126201096,1,33.304396471237524,80.68619130595236
116.85235240739412,9,3.0993303457703703,3,134.46084316330248,0,32.83873583646905,104.93570695447103
169.9165468469008,9,6.33830074527579,4,52.04785368924416,0,18.99223922612681,102.28913409449423
73.55067667076707,0,4.138898206659961,8,139.80844170731734,0,7.680276650222813,28.657805482430675
1.0895476621085145,4,5.6388987934839605,10,146.80803073824814,0,98.48479982762215,71.36167637707767
30.135153567661167,7,8.936294627210387,8,147.4068247245094,1,71.68705043441616,90.53400206421519
78.67677055629669,9,9.309681676493543,6,77.63222633536668,2,47.133447701825816,104.59731387356612
38.680762572670055,0,8.512843601011454,4,75.6749394229992,0,46.53814040500131,50.56983191117535
53.28820942519843,3,8.930901674053015,1,42.57080077492038,0,60.237628019726046,105.1312886200083
31.160475334416493,0,4.226552404740792,2,125.52348761276444,0,55.7898472862225,53.39553634176937
360.5949735042912,4,8.034119278611982,8,108.61510189380728,2,5.713952743638621,125.98264318258393
18.63216550586597,6,9.258660117732756,7,153.7944235781945,0,81.20212878804706,89.47932483363161
65.25310721969927,3,8.762125814962015,4,94.58177486483736,3,43.10344949278285,77.53761139842594
42.06519782400251,6,3.229667368900259,9,71.94022053279944,1,48.28439306880199,57.776960258677065
339.1886751940255,4,6.220016769065593,8,150.546950564462,2,7.269270404980249,129.3865461011134
176.94836796711144,9,8.773514993944506,2,158.9001241978997,2,17.82956799153112,102.6196939062365
5.575957433871028,3,5.976597298063858,5,76.610073758195,0,96.48690202477115,155.9145023764275
6.74202829877963,9,4.40392175751088,7,61.71378233816775,0,79.69781753697337,29.709990714544542
69.03984179345288,2,3.363306605111163,4,174.3637349658785,1,39.25042778922956,73.82299274980983
64.53098963623046,6,7.267417081598314,5,131.14562662674717,2,57.578564933530025,116.89976848107659
38.00200121124856,8,5.596587057104356,6,78.97769866456036,3,61.03422402324086,76.96834971586063
107.17860279599496,0,5.66482776812606,7,102.56448304765706,1,11.594285293334256,49.74274800892852
2.506561485991853,1,8.464422021978901,9,55.70394621698337,3,86.93677394492725,17.905408796503274
150.38971922265108,4,6.9206418821037685,1,97.35525891515051,0,26.3165811610567,112.65392366611611
22.661987430392763,0,9.530474037987704,8,37.034250635844415,2,53.6170966692574,36.35794545860435
304.58856908544453,6,3.875876799992229,9,56.59217018817247,2,9.817542516360705,131.2316478532072
6.394840713548947,8,5.417393665714215,6,123.07485302052892,0,95.74657065748583,147.12494342155492
155.81897081042572,6,6.845168400360728,1,74.68801067788208,2,25.44532398427184,113.84964380887007
84.78987927383842,3,5.690485269668944,3,142.96911472551184,2,35.2283139068139,81.2692892454836
32.14136172584483,2,7.94335228074351,1,174.39599679354484,2,72.63357965483632,100.52253737434697
67.3692358037609,4,8.02917763125785,6,30.143700990628098,3,41.60685296983589,76.82612478304847
60.61178322033352,9,8.66152989194477,4,116.25496163448496,1,65.7096738419799,144.3398783575826
246.1389124440372,2,6.5106082303581365,8,52.57954279472482,3,1.0664447150488463,54.20559304453609
34.124120241817,7,3.362850593838103,1,13.365261919033244,0,68.10122138265491,88.82440783239831
43.96835574353543,0,9.54496102287136,5,134.55883860034766,1,39.82172147696174,47.752365041793
52.77972590460535,1,6.029368157194838,3,125.18196073560078,2,47.31694823573904,70.53268763764562
6.989964458867771,6,9.611140078860124,4,124.15145527342516,2,95.02150794541492,136.8785189820162
184.60419830823207,7,9.932532473988603,8,56.97424843919512,1,12.920969554909831,90.2128309947259
295.43347942976874,7,3.4725178267867536,10,40.491995942075775,1,2.8208015823619057,82.79740329852075
97.29539155273925,1,7.931880996192117,9,44.754897571422966,0,15.69281688227811,52.53624184831807
60.82249817209511,2,4.437330570947599,9,135.82743268944873,1,36.69615064098164,60.67092257467677
11.590161158496812,2,7.365541448031863,2,55.45834473578202,1,81.89296483271326,58.02127312271094
99.52001479466936,8,7.946409089150967,6,63.19425701632019,3,41.59263713601442,113.44582746943246
34.44577150900599,1,9.06266943528184,1,29.90122704210868,0,67.23634227101492,86.77472432481528
27.17277246599905,5,7.376433386713096,9,18.583120550109346,0,70.66482610336719,78.25757933613492
115.2444823496436,5,9.839048681072605,1,94.66686681966772,2,31.065600338483232,98.57799216086379
68.21092281900826,2,9.230399178256768,5,165.473272854255,3,44.44229356308139,84.10939794385963
86.27153938755636,9,9.973836005674135,1,102.96891419892758,0,53.07525945885597,136.19113456229377
33.252122763168195,3,4.428172660170051,7,43.87595719935614,2,55.07509961107823,55.74795756468456
1.9127470464941343,1,3.43768407019992,2,134.56469071364808,1,95.656782987857,43.07641714515931
109.08676661043424,1,5.605402742776535,7,152.54361175331422,1,12.994713061892808,53.45745920272451
39.97254971272364,7,4.401974125073381,10,97.31387791253518,2,44.47958889464785,49.34031233910153
160.6914638848081,7,3.4792110353350463,10,82.67426056064906,0,15.479961907243284,86.13283435164368
37.57697383030367,0,9.267422624072186,9,15.95134551715696,2,40.79274652275756,41.90744151145687
72.69229757055582,9,4.738685261202453,6,82.69222672956734,3,36.64613178743344,72.41261774448354
183.89020181089816,1,8.773202661429053,6,143.46661139627028,1,7.789293902893394,72.0454329030694
1.3870826561412954,8,4.821656185896606,6,29.01970481335105,0,93.32939385537895,20.092431770047142
8.771976792080602,9,9.597719152640815,2,159.88740401339638,0,92.40144591155116,110.99895903869104
196.6915275110791,0,5.168648127257283,8,104.07463193717707,0,6.581396521764126,72.28852532280216
52.97198855007093,9,8.799889185342568,9,150.77986093107828,1,53.68055690387988,85.1476347764085
84.53753469250321,6,4.62248513202545,1,27.436553639210267,0,32.932704593296194,76.11167118497588
9.698462089235653,2,5.442230525292765,9,155.9988510985863,1,83.09671441165322,52.3773980051216
74.35270009601632,8,3.0927572345273737,9,37.26211904035634,0,38.25581537208308,77.38023253778897
63.53856437408785,3,4.607187125277781,7,83.03346066250177,2,36.05983202412343,62.29328263026948
21.11725042089059,0,5.416609675689808,10,159.88262199656117,1,55.91223957865354,36.32220012632415
52.48510495213125,2,4.556529133237192,9,46.02203617481855,2,23.439176663797,36.17762842582351
29.74675553664276,7,7.314103401480068,9,80.68176759896473,1,67.73357427090284,76.35435415783718
246.18967881545137,2,7.8750086492527505,10,39.18796430992643,1,3.818636063565355,75.39626438195079
86.16282748607911,4,8.353606807214941,3,44.73378517782495,0,45.42696938300708,109.19621688107206
134.22588352583497,2,6.92474806457265,5,47.72307833334339,1,15.364908684058776,71.66036776172416
35.04657563063934,8,8.119215637923073,9,101.06162188908836,0,74.77560007825468,120.56814945838953
27.293807736509905,2,4.998561460829581,7,86.71999921497334,2,60.95011051063091,55.126252217235404
206.17564854020932,8,9.17791913740643,3,12.272506154097258,1,19.97903704322471,128.0207157666617
93.64371827245628,3,8.93549518634344,4,120.21406126685623,0,41.44577798199629,106.31857577342019
8.708936319496065,7,3.4809957440677266,4,88.92054835566823,3,89.11578384556752,75.57628396423704
195.8600994589686,7,6.8389341409549385,9,108.7725658737686,0,17.962264623312247,114.07795288392778
167.19682330884518,6,7.742313903764311,4,33.85516809289755,0,19.651047761188348,102.76137760658897
27.8685182754033,6,7.637387628591258,6,137.49622573685204,0,78.74588179716248,116.63190726191642
68.12204291013079,9,9.22389546758007,5,102.07989109684918,1,47.18347086253985,90.69316357222631
20.420132802065144,9,5.904798507800548,6,75.65603877889521,3,74.00324987661143,67.8271872835971
29.035233239105995,9,6.549417527171028,1,109.3935753281902,1,73.61281634523972,94.7776551104873
57.90721879317923,9,6.155433987204547,1,56.23082670113629,1,69.36398208489672,158.3018917705193
165.51006629009018,0,6.70107093368905,5,128.08896301193374,0,6.17264757742379,59.428204806606175
127.60415489493462,6,4.8524451884775015,7,142.0543821792286,2,24.06450382775145,89.58246367001385
24.94957587983201,3,8.415637954269659,4,72.61902634503971,3,77.45948095112419,97.68241917762947
29.3901000740446,4,4.817035144925344,6,80.59096529678688,3,66.46931946784507,71.95877192553925
4.771122201665515,1,8.486406723120744,9,162.64626178280318,2,84.39131361934012,28.114093703840528
86.63524838811162,6,9.973103714491453,6,26.03566246947741,3,40.44900604241863,95.71600630358057
8.354928870876131,3,9.321656095135769,10,10.97215883133418,2,79.53404273489518,36.486788267294926
33.16894156759165,0,9.728115909971155,5,143.23550268279018,2,50.97786644792264,49.228247473761044
17.07677293310271,9,6.943767454988481,5,156.9536519676219,1,90.76922752954223,176.3221199972238
59.43239073524251,3,9.93475409946036,3,85.189946926693,1,55.305721863240926,100.34275118064987
101.13262972225272,6,9.49727468679766,2,68.12389727793335,0,35.659036595745384,98.07584205844374
120.3109699756965,4,9.969417766492183,2,120.41651805026603,0,37.414992641111766,122.37934126543415
84.14243282181796,1,5.537019258310804,6,73.43084513180521,2,18.18313780277384,49.35979431035501
310.9075641510869,4,3.380735239656178,9,120.26862265069865,1,8.646985100244464,127.00682673571666
199.4511739714541,0,4.255492072024687,6,87.37923859472158,2,1.869919705207587,50.122494496391205
72.37726950805259,1,3.1340140759778565,1,113.64856227594473,2,19.06917447127496,43.67714565369735
138.88908751412723,5,6.751545551964828,8,172.1009666347565,0,10.335173039188232,61.19493827258295
20.02449461527653,4,8.836543656431791,2,166.62227707620582,1,80.74581859285254,93.63190591375896
108.19272398379148,3,3.2222063576109203,8,49.2350911675104,0,14.859663684149869,56.74880751910205
112.0267580175631,3,4.724002131673721,7,95.26786898605124,2,15.988325281776005,61.10623542679801
160.46671902835686,7,9.192083050448314,9,179.53044298361246,3,19.26156022254408,97.42622516977315
29.236302362284675,0,7.358413735190607,7,115.22856599876,2,45.74460266295073,37.38196885535887
96.32254021280372,1,3.497244223308015,10,48.9921820964043,3,1.248851813691552,21.97666794777075
90.57239762439234,4,8.315047548429316,8,29.453358164100955,3,23.227456600791225,62.042894833360265
39.148875933862506,7,4.450910853473673,8,47.35015436653807,3,54.446414191867085,64.39455591408428
52.6800983005398,3,4.4735485776574,6,162.70047087204998,1,44.79163603390555,65.59195624266393
50.34375533610709,7,4.084477178004098,7,26.759097593810097,2,51.42949367348949,75.70963464103549
44.8218854394785,6,3.5759062699394333,7,177.31986486985377,1,50.88697484674405,66.34743568575854
45.20354112787969,6,8.880756549074398,1,140.07725589885027,3,60.753515582363576,90.70728058177856
80.65849907279708,8,6.447983495273084,6,152.4991715839061,2,40.958346074779,90.36206714372237
14.933202828138766,1,3.8626280300142737,7,87.17828490394884,0,77.11077920738751,57.45150245161523
264.7462127274632,0,4.228441391669501,3,135.16076772275164,3,0.252654513338581,44.26526165276253
80.71301703774384,5,4.608787080583329,7,168.49486889890915,0,32.96419202023107,72.73092173256016
101.52151910850756,4,4.950501441805255,3,41.08242257769891,1,29.06857596214212,82.16956321119736
280.2015635113971,5,9.789485677416335,8,73.09881772332034,1,10.580699994347077,124.74811819162836
54.94827748184021,0,8.106246388821646,5,39.770933822160046,0,28.39397981712301,43.644623653896694
3.06735231093913,4,9.118502413136296,7,110.1186227407459,3,99.09348663539704,336.8321251176102
166.4829578783757,5,4.857590781213828,1,69.70729584929275,0,23.23479441647968,114.06698159401664
41.7681539052828,7,9.445177552398448,7,59.54835529394496,3,67.43782197642038,106.02018467858399
114.62052018230168,5,6.009896498847418,1,129.69415612462765,0,38.05345923892352,118.63289922364548
176.0739268167328,1,4.1949585431873615,5,139.6918670442419,3,3.5455465026146955,52.72498676012911
114.5816917128856,8,6.278311301536695,5,18.54131166990696,3,14.43214759253538,59.19356389367548
39.1658798212991,8,6.067250292738412,6,179.38770992543942,3,65.5884550336444,92.860643893057
32.53495783246479,0,8.413667334475747,9,113.4143150013212,3,37.664293442770976,33.31937372831963
306.69227130849123,0,7.275395114795271,10,76.65590807377735,2,9.563655298134575,130.66302316232444
28.40543993726987,9,7.74175190922211,5,151.9612107273534,3,80.53114010914096,131.18705419577677
58.78999343598764,1,5.226347007856431,3,99.20505840244348,0,37.30739763534718,59.62603687241804
41.52490391461151,4,9.730446272018783,8,168.64486491908207,3,53.86024468879113,67.10796721908488
109.14535070813874,5,7.749499778048465,6,60.261272074122495,1,23.99497519056794,76.46842433798088
39.69013110824206,9,6.189334095060762,10,131.72849545116458,0,69.1689377632323,107.6727093198556
51.12042598643338,2,5.183156050346076,3,34.18339076205862,3,34.339065012489435,47.82586663845797
50.47920258872778,7,6.787020292493637,8,169.6293917546162,1,55.83830599527048,86.62833481338036
125.13016399154408,7,7.045237788858619,3,60.02534522830943,2,23.203822485818165,85.6555385171029
61.78129431361794,1,9.268939936922871,7,60.162299374932594,3,42.82674023744528,72.85465498098547
140.95135705805785,0,6.080406325565791,2,41.38751774905276,1,9.45204230923325,59.752005506616705
207.45054308126663,4,8.14448093176426,1,29.87700103931655,0,13.425287033547274,103.31047145927982
81.46661875710322,9,3.9596262065512953,9,37.948939943409385,0,26.01742114932145,60.50682347625622
5.556588415155582,6,7.610629484578369,2,27.995050099244505,2,88.28006221240231,44.575414564191064
100.3327588826881,6,7.897829363410959,8,77.91819337977891,0,36.88524276738532,100.59847567884049
12.475007474878984,4,6.247871887168212,8,25.668552940313493,1,79.05870154775604,53.0897577035866
29.00210780594389,8,9.269885742395608,2,135.60733511261554,3,82.83789660903474,154.03339904778724
30.287376610791807,6,4.207667138624535,8,60.38079429725902,0,67.82062026490084,77.99915563949327
33.92241411976924,9,8.554994581771611,7,174.85301757565608,0,70.79394738034905,98.21291369668309
14.755247765984455,8,7.844078791626583,7,47.10417835793401,0,83.61867918289227,82.47612773788065
271.4701628522603,7,4.108127300739301,1,65.79051207559404,1,6.478826469544286,99.19868021869082
20.35742589407783,5,6.266851846190859,6,106.16698926397098,1,84.70089660574493,122.60259961670644
136.43217085339637,9,7.787065162847402,9,112.28596788311036,2,10.721225284761337,61.099662941121835
21.09664889439249,1,9.798056351578,1,167.77731203666372,1,75.89079223939153,76.4718166047583
8.50870792035805,6,6.586102428209564,3,23.05651821345166,2,94.43936654665951,148.72196327216187
13.42907160424332,3,5.892207620454037,10,101.423098906034,0,80.24421012885804,61.01472796205684
24.07471745253506,3,5.93428013131485,2,104.69688725675596,1,72.04076545013359,73.41239651264102
45.87336765023336,8,5.191351015442028,2,160.65090126198868,3,52.269176856662696,70.70893919251826
45.67866787623731,2,3.639618734022864,6,100.31998311965845,0,43.21805762862565,54.4499065409249
182.22222679054403,6,8.120475248301974,7,151.59805164761875,1,16.296060271966947,100.43960167778575
83.29227218933458,9,8.909486277003001,8,103.07015327659416,0,43.41027651612123,99.81410266149265
44.261551174677976,3,4.50643135813235,8,16.675800421080893,2,43.290937456028175,52.866854596337085
143.16200958044487,3,4.637278520305424,3,68.78703672977224,1,18.647326712058245,85.24250630417241
206.06069610673453,2,9.627293712845685,4,74.98288283616793,2,8.59464916126407,83.9682747550273
116.98274430648452,4,5.150514919148897,7,80.922881155978,3,17.88629888087405,67.96836463427101
70.06182327487929,9,9.28575252793452,9,127.36897272488224,1,45.13409760342246,88.06912526390137
12.6760081762496,8,3.3667390691640287,3,112.41640513431992,1,87.05868374809532,91.46556206480754
212.74144462074688,5,9.82283417233986,7,54.967686678102496,1,9.464168478010285,90.23425434105539
34.18206759176899,9,7.1184655468820734,4,175.5460702707154,1,73.84195459917264,112.72165707247964
100.18510109898476,7,9.329703039852957,7,103.47765567195488,3,31.72908897815415,87.27409504706458
11.739489731176326,0,4.55247384734623,1,48.43344207179565,0,70.1889922540298,33.164396534669116
39.37815679875794,9,7.639573919468051,4,93.73101472142918,0,74.48627827769603,133.6868218332292
156.0268725016109,3,7.856638898771882,4,37.432450926025126,1,10.941125705564088,70.51611061831821
136.61862397861816,4,8.791495883783018,3,128.51782766345667,0,20.43136641086573,86.02652155453166
44.860608596126106,8,4.609956277742684,3,120.17785587080095,3,55.713156817783954,76.69084997770594
133.90951317815302,8,3.9877531581494576,4,27.9505628160288,0,23.661250767640222,92.9068132254209
53.64345502747124,9,3.244574724841919,2,15.10362646534222,0,51.48084339427383,80.79315178393003
20.3809879637522,6,3.820961034603116,10,144.94907766436674,3,73.14778233729649,65.17987092678905
121.90080469403506,4,8.376038047192466,4,85.89512670541329,1,35.099800511341336,116.43146692723508
48.10830405019912,0,6.504976480856699,7,168.85361658808503,2,26.6865381713227,36.41779393091976
12.582812148374156,6,3.1134027813762706,2,53.10929988938276,0,84.46931422254515,74.55073628263182
264.7785282582073,0,7.564651433171554,5,140.11177185586692,1,1.9524358079970925,67.26938731929691
264.412005249469,5,7.222050840860627,2,107.81105943194676,1,2.2505346876077814,69.69210354273936
2.2268721687138866,9,7.8464801430809,8,65.04932773341335,3,95.82221930083274,52.181398731154125
164.9610233227621,9,4.757560725656174,6,32.26553630900959,1,15.84832930757846,89.5502292350617
14.44888746242028,1,4.284166808051605,9,167.90612347374616,3,65.78333853708789,34.500390370672406
16.214055839306265,9,3.095776903324768,9,53.96057049291328,3,85.93449018887283,106.96351342646719
134.07932827607968,3,4.222530301274307,2,122.85016072496327,1,18.169194929234425,78.61849311885939
60.876654332732365,4,7.038168409178459,7,95.04735098531926,1,52.65350888967704,94.90663225895007
16.365145511223396,1,9.420876466043763,6,34.357847979448984,3,76.1201671811041,59.97701606801952
571.4689649614131,5,6.678292151491252,4,112.93181258941073,3,6.063754757676083,203.88918560694842
350.0852069170967,2,4.775448888598268,5,122.51187946937968,3,6.120067857898271,125.31700410345418
16.404895531172944,6,3.113704102466176,6,126.38645302504428,0,84.91413773742137,100.31760064148472
50.35941528028011,0,8.820628331785565,2,64.1045470355734,2,50.856162956196144,74.47757114943033
61.705204710996,7,5.01776104017158,1,12.317784063989649,2,43.30742511504771,73.73542855693599
1.5577637141802465,6,8.70693431763392,4,106.17664160425916,0,94.773452923139,29.018984621416216
96.6536652342371,8,5.688298468737703,2,113.21299775020807,3,35.454243765738944,93.2116184657677
78.48210981229855,6,3.5672702732553976,7,177.8471469585228,3,28.03190242733836,61.70816689242017
62.24782830771269,5,9.115329701160508,3,161.52409508125078,2,53.01905963607452,98.10242979036133
43.789733894419776,0,6.42325042715334,4,125.9725871733668,0,47.57439065468729,58.946255624989206
142.35707700961098,0,7.42677379525856,3,123.3249044294933,3,11.311940731791914,65.32204735854796
168.0336180670815,3,5.981563959268576,3,134.1423622200271,0,19.987322164154985,104.36403932384918
181.8852213972249,8,4.991789699738536,4,93.6492631950081,0,13.840631722647029,91.97449127254214
16.099190570389737,9,6.664945056708991,3,91.34348191822215,2,87.89210951147683,124.74176051932768
39.061884922681536,8,3.602225099230602,3,151.51092117974295,2,71.9991616426125,118.9041608286187
31.94817298633555,9,5.069655274901334,6,98.94621934504872,2,81.62792524076178,157.38112269390354
140.27531698811907,3,5.154396337052043,10,36.16631666309385,2,7.498182050449963,54.14969997889124
157.218580105547,7,3.5224690175560016,7,89.25087049168468,0,20.40224619522087,98.9091470387518
144.64958060145665,5,6.895252461441754,3,164.92766231336722,1,25.171159541397834,104.8587089880972
443.53254375086937,5,5.12112254887421,4,124.8626933752024,2,1.4425884876453474,104.6380463041133
320.2176780036169,6,6.179285639156943,6,103.58020210749989,0,4.087854417692099,100.15722860328668
21.19743662320131,0,3.74436108143759,4,78.11970836185932,2,52.88397641063749,33.27333479474443
1.0,4,6.094233946517864,4,77.48115539882978,3,98.58024577307135,69.93353442385548
201.6626773210573,9,8.113447342376096,1,172.27620790599784,0,17.613531338530137,116.131504507777
89.39815950370543,1,5.810232453623303,4,60.55146032244029,3,14.454908290965506,46.22123384283705
59.65882627928174,1,3.2666041041952347,4,45.5012590340803,1,23.200243186717355,40.83403359277304
14.860669971066496,7,8.621083170684244,2,100.0949579736415,2,86.17772715229002,99.89800396384248
100.12397676895245,8,5.774188378487544,3,35.74573872901074,2,40.895260036297486,111.97595765880565
88.9956678606742,9,6.289407604235167,9,150.83457405962844,1,30.16938064566277,74.26562593026802
45.40218995884415,1,7.410651888031644,4,143.1898252083755,0,56.89779084636642,80.51266055319411
46.82775440789563,9,9.79658174723233,6,132.7512309146435,3,59.90199189214143,91.37828380120854
194.14740471450568,2,6.613983094383718,5,11.783918993790556,1,10.878557094490766,87.51778532424933
360.77350546873225,6,9.87764890579227,5,12.194228756768636,0,2.061352200193347,92.9395540627797
39.47629310239088,4,6.078989477996844,4,14.09873287947336,3,57.2793557514299,70.8438157041576
279.22936234010376,5,4.5143294434157895,1,152.01333014832184,2,2.160388995949753,72.8130279797151
206.10130874459253,3,4.395881184309745,4,70.02749111952622,0,5.720651061751027,72.03600171467282
70.73806212819622,4,5.898987477509664,7,112.86521815189153,3,40.818867959742455,78.9464602125394
1.7321502041789243,0,7.001253546380607,6,20.12980655003443,2,91.14448775174615,18.68067807145812
217.85537576469585,6,5.616656762069017,7,85.11172981633229,2,11.044121755152954,98.87811803221636
18.5126053222538,9,4.4160576441074255,3,18.6955349554676,2,79.12766537690884,79.0773289960638
25.90483532056032,3,3.051339055853262,3,22.09646540924465,2,67.5212498103208,65.96129336604422
88.18870467861554,2,9.1462345899112,5,18.27812422798806,2,31.31370347671125,75.95178105763893
279.67345021085646,0,7.519005269991996,1,66.1665505231548,3,3.070162723078038,80.2865789554635
221.5448978131049,7,6.160959106239026,2,38.88080244723974,0,14.122200531378668,113.18197308015048
136.94160740796318,3,5.506978015704011,6,126.3334223173086,2,18.33412844596408,80.72455168088236
5.773444176501556,1,7.706728689590931,9,19.42070103518155,3,84.77707047102712,34.95983256854706
64.42811815084474,3,7.057333680596956,4,40.10398341753927,1,30.47259122624129,54.21678950642547
5.077283352569155,9,7.195518075295159,8,63.61183635523997,1,88.18674121051208,40.38771414019294
6.278400913998485,1,8.582598317075401,2,109.9084931088828,0,92.44755354848938,79.95040843494168
77.34338609489654,1,7.394217904281355,7,143.01238807617392,2,33.183322415558656,70.11312609687988
23.94470583485232,5,4.3634144838105815,7,56.3506100431224,3,75.11968528280842,83.69712914698225
195.65828352402573,0,9.70037874463464,3,33.79785404269968,2,3.968318092554311,60.634869137468186
73.86338435065652,5,5.819176393227815,7,106.65388345278406,1,41.81991258844643,84.72538334685737
60.50192172297435,7,4.111157343620167,7,107.20418370911668,1,43.078926954040256,71.84338909701634
285.07284898833336,8,5.863596040444134,6,70.4246873518905,3,8.158316477426649,113.75011727625545
106.705313861515,1,7.029154000480574,1,121.50356322672792,2,29.2295497039502,86.75299213689198
96.7503203384613,1,3.4840749740295087,8,53.2718922966824,2,7.210197110369075,36.79175599063518
36.32126191370855,8,8.213157094804469,9,145.36141360758583,1,75.87259922192608,131.5441659496497
86.38208788946366,0,3.932274879672664,5,165.03312931393765,3,8.713680290550597,35.3984916973674
40.79238801994614,1,5.908598441434462,9,51.23830523255028,1,50.353078426426144,59.45455184242986
2.9085165611100434,1,9.590319662542456,7,107.55460165575454,0,97.14566839635556,100.43706430028287
95.96278886279045,7,6.6496391503161885,1,43.370031392881394,0,36.49435337062073,95.19998569302525
81.86988383276194,1,9.234609188232897,2,116.5846338698818,2,43.79229582556101,99.15061937120761
11.025974358361806,9,8.408696916897167,9,46.37909537871331,3,89.03801470615049,94.9640903462499
1.766011119224182,8,7.233876005538068,4,120.3943994402258,0,92.82977562739768,23.735834575119686
37.10917289364316,2,6.90183475019931,5,87.94815557179261,3,52.20787167080592,57.09657761414084
197.8549557950052,1,8.71255329640346,4,179.48140095998383,1,5.8265290628705255,69.5998750571894
122.09546565549272,8,3.9634081407885295,3,163.54801664860025,1,27.346185888234945,94.16636841436933
235.1745972369901,7,5.913839464815352,5,50.64128529275504,3,6.064501583102032,83.90948066211796
136.91204726178165,6,7.342598764866047,7,24.23323943370923,0,16.680327277614776,76.44702468900272
43.38278022096993,2,9.204017515190024,9,35.82064929722715,3,42.48776019147323,50.68353295727643
133.66253280570396,9,7.025424014211703,10,133.43891408858826,2,20.70808779037753,84.88418714383104
44.9090710776063,1,4.446067113552466,4,136.68650625744186,2,49.12060467772802,63.17288259182847
200.60714710823245,8,5.591625299792037,9,65.03424035377202,2,7.823792999872971,78.73119747087112
224.59314766790067,0,7.604013030931674,4,74.03499487300861,2,1.6005635596387735,54.31758871562335
37.34115407882118,2,4.739778746491982,4,92.55996710682712,0,58.98429193604908,70.7354114214578
43.22453712896854,6,9.000616561588537,2,56.52873780532307,1,68.48514450757023,114.18348060995179
137.68859531486785,8,3.376406181633884,8,49.31758781371243,2,14.759135438472452,71.96363544460189
15.333587716070635,1,3.445793372517617,6,10.873736689545252,2,61.47389783013426,31.514439447779406
130.2765642791873,7,9.098761391790568,6,155.94609727376425,0,32.17417132031619,114.88170490742085
226.9349750097846,6,4.17795011955399,10,103.31463737881218,1,12.633966284224115,109.6950069877516
61.65823883281303,4,6.577795469426504,1,88.35271749511892,0,52.64416413325846,96.09853013927935
75.91171569007159,0,5.12969304679037,4,29.14037930996306,1,13.574657823749314,38.01353336840843
43.886055078059385,1,3.330376911881653,6,69.46533050729063,1,28.79812951710056,35.25381484842561
34.328690434732174,8,3.926015633557268,8,76.83070569520346,3,66.18116777167936,83.16577744562089
88.21233741464067,5,6.238154829736072,7,95.93853459299336,0,28.762629011593265,70.79112077087419
64.51402701790948,7,5.777285395188706,2,22.47189146813245,1,50.29966862265508,93.88341706563234
75.72900787793937,4,8.723363648131404,5,149.44306422063124,1,50.90241478249294,112.14795464893221
134.33615992128682,0,4.938089786444086,7,137.8594365584857,0,8.740932591806581,55.120110837316126
44.80129957996607,8,6.046835957595877,4,10.279438709116446,2,63.39949842706508,98.31007253751983
6.754505000163838,7,6.350934005758658,10,47.33793786107673,0,95.16803338919468,136.38277878929418
39.65287660534892,1,4.174702169522201,6,134.58606184641127,0,62.43719151195134,84.18707643280986
154.49522103374636,0,4.622889042003085,1,30.25391423932819,3,0.8627414482925797,32.50607693922282
163.52273792617402,0,8.031026792835416,9,137.39443284310653,3,0.7216199128677823,33.159314981946736
620.7143455669682,1,3.3768136743592136,10,56.6661344962033,0,6.264213663369524,224.05895032765315
50.088330449620045,4,7.805597601302768,10,159.1668615225387,1,50.31922617278069,72.9318197481925
99.18205867504486,5,4.740234192293144,1,160.70542952912342,0,42.21029987697837,114.99290169112686
67.0665127112419,8,5.039527509864211,3,71.75637538781292,0,51.69524729197421,101.64606220522218
250.4048727954641,3,8.65505951978787,3,66.12651155365275,1,3.894348144936001,77.15106223670911
148.09024564723492,9,5.0864634081900295,7,37.92876335630957,1,21.64846611819805,96.77610904058346
296.95805104043967,2,7.444346614072139,3,65.46796576672091,1,3.1068211300937603,85.53998339630704
9.726533866473895,2,6.335685295825661,5,156.1397087099431,3,93.37924895689898,141.9910407090746
69.59345076834492,5,3.092601690337058,1,152.19155690755872,3,43.362842380077424,83.28886566540244
40.11990496788261,1,5.639377517011892,4,138.2712757034183,3,51.209263050609096,59.94758292699618
20.9052310246429,2,7.906547555125995,2,62.75244195777308,0,80.67171643497959,97.33225513474596
63.56107430641879,0,4.090412824061191,5,78.25459379602897,2,17.27799144197828,36.20194050752744
5.286780006290674,6,5.74552455403478,9,130.0125602186012,1,95.616642817425,117.94715757027402
173.02488786585934,0,6.55699203065636,6,74.87480484855294,1,9.000105229595544,71.85616128297667
118.84622008807736,1,6.151977386820681,9,166.0000372437537,2,8.513984888920117,48.24361490767379
209.8032590479532,1,9.468510921919782,9,66.91413712141545,1,5.371002833864102,71.74832379608019
115.84764745882248,9,7.175269527894806,4,103.82918138027932,3,33.280666850067014,105.2975172261612
17.024783022958957,9,9.77419977383601,10,105.94721465762824,3,91.60107154499735,194.06500905345374
54.02449379340121,0,4.352120058859029,2,90.3276252793295,2,31.173369589730427,46.34884690996193
13.965602795646934,6,5.89175178409001,9,126.25792123453544,1,84.58430380930689,83.41584106494632
230.61424187341143,8,7.2686893308368195,5,75.7572311488196,0,6.872133113903603,86.12414316322638
94.62433350645372,7,6.807811778994773,8,164.84046499667355,1,28.541525837220856,75.46942920740075
200.7659789189173,3,9.48241691872786,5,106.96961353861909,1,8.051066246849807,79.68909907726086
27.649545625937527,4,6.826740854281182,7,58.00254623725156,1,62.318117193376665,58.465835119679866
21.815631467667504,4,7.195610950103904,1,73.25398334369231,0,81.07913701902478,104.01050150042497
14.647417543650343,3,9.664437126473018,4,109.13172998698778,2,84.17637346484442,85.03289105569037
30.89381617560634,2,3.609765026230038,10,82.04092038825698,1,40.46679039724148,34.148565901779854
36.4169098261846,0,6.113967029792786,5,42.357285766158085,0,40.26614474474113,40.03357718227388
172.3462120900667,0,5.185343186504715,3,83.72803632446461,2,5.752638768849167,60.35563536525106
214.7263968631196,7,8.55754593416296,5,112.23529201705576,1,16.806088530397677,120.40086964874119
223.7503192941957,0,3.358844214231987,10,20.62618005676984,3,3.10760924307945,64.45690564273472
71.81691225885312,6,5.498877006280647,4,41.69136682517568,0,42.65584527655081,84.2915698729283
108.8898148129576,0,8.240260960072828,4,46.72534486682228,3,6.875609250885567,40.67317513487791
90.9496362493818,9,9.699943827778572,1,162.65238675145326,3,59.61724430428742,175.84142300754593
136.98451920789535,9,6.576795201315434,4,19.142933910154245,1,26.98803166238944,104.58616361976173
454.16135675054807,6,5.713866083873047,2,36.03456501427255,2,0.5587725068046099,87.55452686298965
144.8235167558492,3,5.928037777654401,3,68.0789891574023,0,20.79183993378354,92.20847621363828
87.00027750821721,3,3.8356670793673775,4,148.67671470644055,1,25.66956029225284,63.97717492607407
97.29589262321105,2,5.380030702419245,5,24.98285326603755,3,13.08323584992302,47.83855429632321
52.82413266106755,4,4.272723569861372,3,38.134961692821456,2,46.58793804102204,69.15705733553673
18.17511450436428,5,4.482221034366937,5,137.1627330388984,0,82.20839309601804,92.77145775696101
98.4480486284176,7,9.500178170714468,3,62.0655407907845,2,41.9237401855811,113.24746155665868
89.98844834431864,1,3.369786804553054,10,27.2345732198768,2,2.940133620900381,25.51622242057506
43.27767506850923,2,6.375918000570804,7,112.09914348781312,0,58.34017012459052,80.31051597204376
274.35259627882874,1,8.09341796389782,2,30.640533935845266,1,6.9070565718516,102.65279696160951
107.49535696608824,7,5.298698497316238,9,112.4197589777353,0,19.351759645267965,65.45069335208139
17.593346617909408,3,4.382891339749348,4,53.77142594443322,3,72.47202232614697,54.64288166178966
10.655324728127558,5,8.249675772616854,6,104.88910126137492,1,81.58079552388372,52.34069335215831
154.78563130835735,5,3.2569906043814667,6,67.17497702595671,2,6.115523198797908,55.39255746604451
32.39831440895512,7,6.3277009874883765,2,22.73229314033724,0,73.71982545086345,106.25937094445158
73.23725765280372,9,4.364707900490414,9,140.6870123316272,3,39.16403360506898,78.12712749441579
188.38892906228423,8,3.3692076651355216,7,30.055322216770467,3,7.98816361159625,74.54425318934545
95.16084472892642,0,8.907954303594174,2,27.09566445418554,0,18.56585024488018,56.51397319614032
103.42002173844509,5,7.576507257871231,8,114.92732910905788,1,26.796644476604147,78.53332161186613
54.83595585711483,9,5.829691494749274,1,174.2666306171916,1,65.62665912588656,130.19348122340972
40.18967838603155,8,4.9964406187628985,3,126.4796672572227,1,80.76440929063446,188.12415933259157
78.93762141069351,6,4.856459758977804,1,26.25891832403171,1,41.22790886524149,89.08887467751967
29.8644652560546,7,6.914526922379207,10,137.80103390610628,1,77.18340324220645,115.31316635322781
9.968634459581336,4,5.758631069421522,10,107.86309300956134,3,76.87666976096092,37.90820301237677
4.302021630364966,8,5.84491575601813,5,101.3478844633408,2,96.78157441900365,131.50577496725057
16.8892310209108,1,8.91479597548071,8,164.5005046118666,3,79.75015030170056,74.64142221843304
61.77462604012548,2,5.106764237421352,4,138.59668495811502,0,46.797265272768215,81.35247080593575
27.681476350720963,3,8.870262212737735,5,64.0437945414582,3,77.17176852444376,106.82199372224781
259.7883020587868,8,6.76854171470716,6,117.8745995160592,3,4.991535508514622,86.67044640964048
212.32873978821087,4,9.83875882288636,2,137.74196398032143,1,21.038558179707245,136.21178108235122
12.540585297757955,5,4.9289674341642495,1,46.576455676089445,0,86.98238964555277,89.9195478857892
173.9419952252108,2,4.433616863393467,9,50.04999880159518,2,1.1139557256522172,38.67738892871827
39.88228497631784,5,9.880628156882906,2,17.98872517052997,3,62.88461817441016,85.97754901536145
169.36502506819104,3,6.424590783249434,2,136.20288930526291,1,9.592248341150611,72.24808043264679
7.092553384366429,2,7.040512511062651,6,35.79629520201891,0,81.47295480552665,34.6148647857531
49.67014745908841,6,5.935342762935019,1,57.99335181582244,3,57.4554418874929,89.63134478037307
141.20966259636134,6,8.581760505354449,8,62.82160581294606,2,19.47081511948619,86.30060220955113
83.64546956602892,7,6.2681466938617305,10,108.951922291118,2,32.15309909380984,73.71844464942977
335.3839973850243,3,8.29849361539009,1,24.14792125537229,0,11.24525852953883,153.47811355164816
20.700902044534253,3,3.382272122494284,5,78.288471769162,0,75.52874493691597,73.75875640926147
76.05116786129118,2,5.1343218706954445,2,39.86425699250482,3,35.09701257787426,72.63346059485822
76.5541924632659,6,3.0668034714705863,5,66.56401100676445,1,32.769132989086,68.61642602585384
206.1394603144988,6,9.916868531682448,10,65.96920460803707,2,8.590542802209253,83.98401566127907
148.40900393268632,2,6.6508568873767695,1,132.47764604866853,2,21.95313195622735,97.87831087541464
121.24275506885624,4,3.554492050058596,1,141.66255253036445,0,24.203805883318577,85.46285203081086
114.5631768441904,7,9.516990337988087,4,86.98021689833556,1,38.85297908886172,121.18144956920372
265.35499049131147,4,3.999700131310072,2,65.13590945328433,0,0.6739585830803785,53.07357954004638
157.12076332531674,5,3.4473065943386167,4,63.797712248650754,0,13.269253516189655,77.79331650722101
149.74359411396588,5,5.344148030958895,1,164.63121648886053,0,28.778675745051665,120.22426842141856
117.76869030874056,2,9.638586869522433,7,106.93087739829797,1,22.408184371585584,78.73586429061784
42.01875461896265,9,9.93199619409459,2,73.06553114066874,3,68.25814658412843,110.03320773253357
203.9176397427352,6,5.691610695943866,9,142.90257040788347,3,7.464761628289068,78.581684656944
191.1361697596407,3,4.668027693871641,1,137.60173764650148,1,0.2037230933093674,30.84750122472151
36.27040577923485,6,6.577656750306787,2,153.61558880198484,3,74.97482700546166,125.93113938975785
18.022060049736886,1,9.07585738711632,6,167.39065365539795,1,79.03658364292318,76.60507241187965
55.834138850121,1,3.9198866799868792,9,157.40023100442104,1,28.025790781901016,43.89321040692899
95.91463448419287,3,8.862147165584233,9,161.1320723188631,1,25.127378739033688,69.44236236941114
89.60955805826454,5,4.867404445367468,4,49.15426819608919,2,31.02367341293497,76.5619073289472
52.3368738439848,8,3.3353970753933364,10,64.5247089929671,1,43.56643238294703,62.98944526923619
112.17257952465634,6,6.4722990821160815,2,20.89610087614983,1,34.34074798429242,104.94820248962334
516.495937416601,2,4.476789234339653,6,153.44818682191203,1,2.0013121213944225,132.04997544569858
135.66622436775162,2,3.508659113068097,1,115.43992432339049,3,12.457778724007689,65.13568201999833
252.1457145145396,9,5.028095886167503,1,56.09418307469997,2,16.53096947523095,140.08604024349862
29.424144942683352,2,3.975236376646325,6,175.99761000401972,2,57.95987764201308,53.94776355957171
65.02550145500236,3,4.691612445734297,8,131.82307082320528,2,35.42138729070609,62.65378095094216
180.4623620707572,3,8.226222432509427,6,126.82983838831608,3,1.4856624516961396,42.87220162723761
31.73901433395365,0,7.910956859220596,9,142.21197314233362,1,51.43511420189739,47.73867447391986
174.41804917570303,6,9.035479963253568,10,177.2640818625178,0,10.59857699259371,77.71080442582786
60.65865190213375,5,6.9778803138813785,3,90.6539354050196,0,63.05909657624169,131.55266457760627
87.64700001230385,6,4.219096846767775,10,117.3928111155193,1,26.10897510709708,65.26739422356772
71.5808717130729,1,9.507547253909298,4,64.87766488613455,1,37.18884728463931,72.3652185002231
70.90779468600779,6,5.085684519218058,6,130.295499575891,2,35.41218662663769,68.30442809496193
276.00230062509746,3,3.797761209834688,1,151.83521527739777,0,8.583871266159683,112.41150442690012
36.96466486063956,1,4.542291754063077,6,109.45597868217251,1,48.31012962843037,50.8085158307521
251.59302604367,8,4.870008489094545,5,120.42452114868352,0,9.282796651971026,105.84444725785926
123.63742130200728,9,7.350631068238339,10,53.77146680371978,1,20.53309236404476,78.09670625843614
275.6073004666126,5,5.706875149912234,2,174.81345289905028,3,2.184172079991302,72.0742952245839
159.78056763207988,5,7.473754928962944,3,84.24882903400275,1,20.97021847302268,102.28791436730387
36.70991316073675,3,7.579543234203091,6,128.43712793844347,2,60.74540750306586,73.64389475219544
51.28524420941121,1,3.4569373029652475,2,159.4851587716353,2,35.32647270779542,49.28725860978498
16.484067312199663,6,8.37513454543598,6,110.02216716700164,2,89.56360406921335,149.55448066266
145.07788031844754,9,3.3857107461118177,2,88.81575263838647,1,20.083887324090785,90.37699474773572
316.66017778696795,9,4.926190787416476,4,99.30410495662264,0,7.531376360380456,122.44735747531648
43.99509875408235,9,5.209679368148462,1,12.026057106301156,2,53.95740370990849,71.30771820141366
9.611118861561328,5,8.15778519026053,10,51.591359282801214,2,76.57930774524343,36.01784116754469
17.712459402807664,8,9.139843273636016,8,85.84537359771882,2,82.24749381753468,90.62989707487537
50.298122322605096,8,3.639472699064891,10,138.0302040205446,1,56.90348988663992,89.21056547635624
24.78241327265552,3,4.32610403217182,5,19.690405883828777,2,60.40460181716358,49.161223233922236
89.44536269264778,5,4.419972671095056,5,65.54561139666771,0,31.386921191811496,77.18932620157648
40.09879971431203,7,9.765912429886002,3,54.26852849394443,3,76.13718832980419,147.0795768404152
134.95687421218588,6,7.825919937099273,9,31.43872408536625,1,20.373621652528005,84.82896414843867
43.80175666120162,8,9.010200748877487,1,23.1599638374076,1,69.175270614541,118.8563838687099
115.56972926111892,1,3.495540052078221,2,151.85790298553644,3,19.27181124806616,70.19001162903567
134.07366369348506,3,8.955969301254669,4,118.876036578853,0,22.184267291522865,89.03894038641093
369.3287858143698,8,4.165524829346605,7,39.90134818117255,1,0.4820249283875493,69.2284268357654
116.4980350019308,9,6.385022099927072,8,34.5208035900776,2,27.797232322093784,90.9974737771537
35.06377434780999,8,5.455443361072184,1,138.3206679215963,2,68.23294842137696,91.73172280418525
99.77718438539026,6,9.407029582654918,7,159.38690902507807,0,31.797054271047543,87.08106672523368
13.107500531291729,1,9.348898629067705,7,47.924676869925726,3,82.50888360636891,68.17441457696775
135.54551645284272,0,6.283418210730833,3,61.634957858266894,1,4.670100618743587,44.23824344390987
49.07939178908205,6,3.732623082425368,10,97.25428577697518,0,43.39721202616662,58.79355828066968
12.325022650944586,3,3.607480678454933,4,149.65011297195244,1,87.17012717089752,89.76154689392628
15.970987389662564,1,6.760929715676267,5,47.11152900795709,3,66.53432221750445,39.19720033929722
4.77450616428518,4,6.016886101937422,3,151.5064770893243,1,98.7244566852559,371.9192058281533
50.18024662708564,1,7.842443473993876,1,177.55212477197605,2,49.32441684285193,71.00131402330615
44.59216156239446,0,3.688414451131492,10,169.88452374721183,0,18.315668581089376,26.270656612548006
34.97669373327547,3,9.129795893102742,9,10.629409161510864,1,61.40806755584616,71.72808870789048
153.2087320262071,5,8.035717089023741,4,116.54806925219631,0,21.36348127735328,99.26142026090186
5.67571031764393,9,9.366950991662108,4,149.34509047267804,0,96.39821696803494,154.72536768206518
196.47633446966432,3,5.895942223370213,1,174.12626788210562,0,13.245311968455834,97.19206426972289
119.36707052842358,4,9.842067289428089,9,20.49960566933395,0,21.2365940034635,77.03862984713011
42.702141108560696,1,4.902023192287258,3,44.63843259449044,0,46.65162595913568,56.005569370588134
6.705689556410729,1,3.490480870048326,9,121.8514125828764,2,86.84793131849388,47.55419917676939
82.39861865323795,4,6.121206339018655,10,134.41836533870514,2,30.309233452937665,69.02688362013949
53.705731013914345,1,7.461115095766168,7,31.728013541265064,1,35.88021929859578,52.39665115252762
77.21627504193367,7,6.024470995466324,10,161.47368610442595,3,37.02961794404392,77.72521128548904
63.5077879051635,1,4.741579446272036,2,80.95510010608047,0,35.7784547141683,61.78856451171923
123.84453561781422,4,4.655324385670862,2,68.69497384969902,0,24.004183931849365,86.79016534426776
46.282341217138224,7,9.173828885984252,9,42.69888173616556,3,56.132935584835984,80.14987428471349
172.44041554115876,7,7.828538731190063,8,117.46042072566073,2,20.285221875023865,108.09430332588391
72.9233212501487,1,3.052241982920536,7,136.89137110167434,0,29.31782292519941,59.43344173018854
31.835184400819337,6,5.680321098260721,8,50.2424808951516,3,61.48626345832288,65.45649396037282
8.619196757367192,0,5.909394474204087,6,135.6181774094103,3,75.57435104303151,30.776994384294802
80.30828902129355,1,3.390095899906892,10,70.98622679229106,2,16.028247370567,43.864714207380544
84.96444194127754,0,3.914708412892837,2,165.84852053018693,1,23.938766230413528,59.42936561553363
115.71504434718516,0,6.247553844184236,10,165.5231654747813,1,6.0010757544341455,41.13242966234275
74.65543718760729,9,6.731387030662979,3,118.30460110530164,2,48.34806642454213,102.72591407217388
12.52946415768845,4,6.128119366403072,5,61.40727585166678,0,81.10750269096003,59.83658186173672
21.576479834380013,1,8.971897203371656,2,130.77170855211,1,75.39142654019238,76.38324029760314
3.436182198672645,5,5.511290334148916,1,131.53273447313904,1,91.89411928194868,40.648931646198186
405.1922876968648,3,9.735490370811611,3,51.72725863161818,1,3.600378163495757,121.89418860211258
1.0,1,3.703202847766779,9,66.25551018263317,0,97.28827228768462,36.374567868929155
62.68675384526603,7,5.725728457668114,4,179.31892034711893,1,50.16001848179406,90.85669873290819
39.63477317381697,9,9.475451895129384,10,27.61824350173525,3,59.01055258279901,75.14357770076418
50.147718415340286,1,4.881998390329201,2,125.64261701616358,2,46.75967910514512,65.97091388756819
126.01748067817157,8,3.220591301575481,5,115.83298837858788,1,23.06545619459256,85.91120256366239
275.14466907745793,5,8.388119928078162,9,29.679207861875188,2,1.8400114054171448,68.8653897418751
177.32289177120634,3,3.5646883717382414,1,164.31941142053037,3,13.117481262566764,87.29852396402869
50.12931595983663,2,8.778743890642911,2,44.15492774653882,1,45.02771682892804,62.8271980491581
402.04432059469366,6,7.516050583106324,5,177.0862200354215,3,6.940459777757104,150.70244942841444
5.473525797946148,6,4.804449417427939,8,106.3659336599961,2,93.57374190451694,82.4073279826868
50.166708150075614,3,6.794107089358082,4,94.82455051753482,1,51.50357137081457,75.60703702660655
132.07317977183695,8,6.522542904010441,10,92.49940779049162,0,22.32018980451632,88.06765972376694
235.8827371070992,2,7.291813673484691,9,24.24446533320448,2,7.636871140467085,91.70529863951197
87.66836102581556,4,7.094516257851051,7,53.04381419217774,2,31.931028044416152,76.79482891813382
95.0012000544997,1,4.824726104184155,10,155.54611573909224,1,11.464797931099383,43.86245309614463
9.885334549274871,8,3.7132422778008696,7,27.198155334227547,0,88.7427357712675,82.77191227040556
388.7795099547176,1,7.87728370454783,1,118.66431099629315,1,6.305688796138635,140.67264216449942
66.9378787230021,9,7.902435222065987,7,155.03988808382607,2,58.805075236041866,126.07380098276155
330.1707564381889,8,5.530410048752684,10,101.06712497752508,3,1.3431872868263437,76.60352539969334
105.3626647797415,4,6.450878973206623,2,93.3531231996708,1,32.28652248328982,93.1983834888774
106.37938586790514,5,7.009407568159763,6,144.9723644016504,0,28.746474734557744,85.3318537181299
90.03267858579258,8,3.7477469507479344,10,141.43850759698302,2,24.88260269470452,64.72508523236765
74.09193920253057,0,3.246114751898359,3,102.49846606970964,3,7.154470218536171,28.092446056519695
10.268350691113636,2,6.131119293768204,2,65.88922168425648,3,82.16314108620551,52.26597537227202
73.44660935003778,3,8.117072443976383,9,130.58034161393056,0,34.89820098420849,69.76743047341056
32.54777774736486,3,8.431055456419507,1,132.87067492183525,0,76.27011151225959,120.15169317043387
6.443427936697282,9,8.728103566075673,10,158.64766539041622,1,89.67063103547437,59.099441492372044
206.3901905229752,7,4.322899619798226,10,55.4795951422182,1,0.5245126737889159,39.30900391914752
26.17576370562537,5,8.14331502194565,4,102.6201948644834,1,76.53711425629648,97.89196337737337
13.994003555800417,0,8.507061103134784,4,133.68119262912427,2,78.20577419968019,56.926295741327124
19.68089163012774,4,4.404989900396545,2,43.14944537857336,3,80.01126848481177,88.25404882344029
121.73541882146596,9,6.72992992598282,8,176.78659616729664,3,26.22103453050048,90.94178119715863
250.43204586510487,4,8.295774170583684,2,14.669995627207424,1,8.728537455697346,102.69617168974095
104.0347835328684,2,3.3522605305426474,8,41.848954525554106,2,8.949985698402955,43.10503285479608
27.20897832221084,9,8.063312127957742,3,123.16058510641317,0,77.04667429233304,104.34539336868173
34.35826411036531,4,4.782646361229733,8,79.25933983029653,2,54.47085912677395,56.55641096286352
100.30864657317042,4,3.9952696347114616,1,88.19688384527714,0,47.34072542354895,134.1384675847494
98.95332184776628,3,7.00175214844817,2,64.1989448884108,2,37.63544001838464,101.25960806484792
85.05275195469326,6,3.770995980432765,1,12.66830395136754,1,31.8346073942134,74.30678647967244
18.88672077427878,4,3.706591378894792,6,143.06676462273575,2,74.45210919677044,64.01972303711212
1.0,5,4.090960755860104,1,166.50678324083188,3,95.03560287548332,19.63918979303146
303.14753118030296,5,4.838688147313392,4,171.13561643312232,3,10.776345148621612,136.07382004520298
79.32594155869592,1,8.522615867544488,8,94.40762177920284,0,22.85670513473576,53.74656945967895
321.98988651479686,0,8.622193581429118,8,72.31370185446846,2,4.025446805272118,100.22924553523703
1.8514804686241075,4,8.589174535358334,8,42.36490367049591,1,95.17509877154454,37.44006788332307
23.294231228329146,5,9.901539180374424,2,70.33830416456276,0,80.48608746712392,107.30423922139293
103.69046292601016,4,6.878694962770783,10,175.2534870306747,2,30.90805376784718,88.31083166132869
241.92778054252423,6,7.660815793563038,7,26.124362853036537,1,11.800689569173096,113.2084217801102
156.7698202765542,8,8.298487915889098,2,38.76451878513281,0,27.75122390724724,122.29582154525842
10.808791813761005,2,9.243111910058868,8,29.652953803957075,3,88.00302238389312,84.57647982167222
95.78810700871914,4,7.711779436871699,1,160.07993765534394,2,38.37446637636648,100.01077331283912
441.51941565912193,1,3.355973965450748,6,26.554043948360714,3,0.9412723166363104,94.63104792298803
275.72694905206646,1,9.498607863865542,2,86.96823741048581,1,12.054819062892276,130.32386837525502
35.43188642363285,0,8.905763707654843,8,146.65618066229985,3,48.51915584133206,48.99242671436273
172.352733359661,3,4.452580467694153,8,34.074931647724924,0,7.273663115616266,65.76064162177892
72.22471050281263,7,8.212178831741532,2,171.78940908639132,0,54.12416825978063,117.651020538625
589.1680495214945,1,9.168754771773228,7,129.36665008347364,1,5.185649824540211,199.09202242703745
70.14846827473032,2,8.445365847239758,6,106.15259971716736,0,37.87781486137227,72.25807119450278
56.629223474434994,7,5.540060718965725,1,161.06915935220795,1,53.10673465754414,89.48052898141097
39.00833080469322,0,8.06474201331762,5,63.47590565765209,0,49.99825201480727,56.27428709495976
3.5684693469538225,7,7.954272453237787,1,23.04297790752388,2,96.00453144082428,87.51655308110143
75.43674924998285,8,4.662402296535399,9,131.9208459979488,1,42.435727276604695,88.0057729891283
37.31550627265313,4,4.701871712958681,7,31.370004107059664,0,56.04985726843938,64.45614773543124
40.47172286671602,7,3.736536886667188,4,120.66519668715256,2,56.02492907429296,69.85429536929377
196.64171324966264,3,3.511595637183052,6,80.40235747844672,3,11.115516839499762,89.51165074583228
414.6244484757236,7,9.68516043728168,2,170.65290602224397,2,5.51924011740465,143.12546357073532
120.0006098601902,7,6.526036042129694,4,165.70894362689612,0,34.725020956113774,113.4532571241291
291.9336017958888,8,3.2759230958425407,5,108.84717114786612,0,2.868198992085109,82.20041173990685
412.5355191855328,5,7.203743377444904,9,119.75129836746748,2,11.454040665920337,190.38686560151092
97.77049716969744,6,4.958368516209286,2,82.55436327296628,3,29.77986747487545,80.71283880968979
64.06378480430128,0,7.853805974003308,10,85.30167182714857,1,3.876548034124072,19.7105685392824
69.70752780169668,9,6.082619561176475,2,158.47139003304446,0,54.51261515876615,114.88900179574402
129.57574635739738,7,5.303516456225095,6,80.33459258865607,0,28.103898914925303,102.08748063676956
60.5125535453598,8,5.177049025696212,9,134.9927067721549,2,45.72571265605563,77.33140722780561
84.41171875364172,9,9.212091835267415,4,19.90043123944679,1,40.48213602074753,93.34384803691466
157.17787358618054,7,8.4908396592588,10,40.74866915230718,2,15.17280366087096,83.35405499405215
370.6016706878747,5,4.882030814853046,8,132.88266466303608,2,8.24524591475213,148.5059947585371
26.508467132069097,4,6.774356558891201,6,92.31623368909908,2,75.4283618091268,94.00604665019132
6.103859978469137,9,6.012402215823507,7,164.13106048183982,2,86.01500507978929,40.517249921502845
7.742032018271415,2,4.612765500601951,4,69.03904063196862,3,91.19821437612808,84.02933829936912
355.24035633339463,2,8.680261574061772,2,154.8347731044931,2,3.719531948013778,107.92421341131438
8.77948010097446,0,8.364458963901733,7,47.34596267389048,2,80.57803833126067,40.65627214568385
150.19397322396878,1,8.276377414315366,1,29.90095020691665,1,12.934174334749924,73.43381338969357
166.17032251925338,7,7.147454354234835,2,71.16420027492804,3,22.12194895543721,110.14870276542682
58.06486104256057,6,4.145729646108095,1,112.64476873864008,1,54.49275268055487,95.64260362689949
146.89504769109448,6,4.523898592000627,4,85.42924599504353,3,15.099379298896912,77.70101127401789
30.089443868512674,0,9.740705962540408,7,23.61077842992416,1,48.30814719644926,41.35608326411908
220.7431444314423,8,3.593363080984332,4,141.1504686261331,0,5.494202667159964,76.0795851495434
307.937198731061,7,8.479940325906602,2,145.84396478123227,2,0.1212671690305509,45.85859104590453
385.6182050669868,6,3.4666188087631427,1,134.06098696752582,3,12.66172398535371,186.5966829316918
216.3948063102596,5,5.516252352977605,5,104.28548350589465,1,6.107682280311496,77.40486484708717
29.88274893903979,8,4.752511106995988,6,94.94614914809372,2,66.95351762967996,74.48869977175274
73.92943771169972,2,7.363882119353852,6,146.8443617598865,0,39.815972123278456,80.27937189145761
70.02179821723028,0,5.221022886431337,5,109.56123702289588,3,15.15002506093134,37.10416784456922
1.0,3,9.686226123346929,5,110.92025946825134,0,90.19944775353768,9.69491259825536
24.373397783774493,6,7.735305004446877,4,70.5529703884345,3,78.5155841271904,100.76937914092858
50.07100376677238,9,6.934776178362607,4,86.90001654138176,3,56.55307968877316,87.84532644142982
255.69633329187465,4,9.823388903942892,8,56.01621273129429,3,3.968319152047848,79.2407799539512
130.20483405923068,1,8.176942736778877,10,123.75620644092464,1,13.136347260373592,64.14703679141958
49.80597873643688,0,5.008907596300803,9,87.17300161813617,3,12.48579413464916,23.938522374334788
79.1372986062678,2,4.90620778026758,1,85.88027850308741,0,44.17073861553921,96.85051869075791
108.87781590983909,3,4.4859426069986,9,98.95866238104249,1,19.16005208734157,65.89299922206918
275.83187948144,6,9.086788182014528,10,112.9255625019082,0,2.067077110112668,71.10838336805811
4.442102425814616,5,6.712969542290699,9,43.94385546690994,0,87.50642939591258,33.2846678702969
43.782505372151455,5,5.84456483694223,6,142.51211287036983,0,59.29446573218301,83.76954486375115
204.68785246713887,3,5.000890140643866,6,127.78933270843088,1,3.6103183454228938,61.62745842395083
204.31041573128263,0,9.50854205841352,9,118.69371609227184,3,8.65247157028191,83.48315042176418
73.14795846522833,6,4.791107785685489,10,86.46667841975287,1,37.40819530996726,74.39176045820749
143.4601857004753,7,4.873679060360082,4,133.14568051966756,1,15.004914261419,75.63304455650947
138.89375546829194,1,6.016589355628288,2,84.46370537955599,0,10.930630515227756,62.74560907518697
64.94768673273775,9,4.048439921766319,10,134.0006262835119,0,41.80461130090304,74.46732656851229
101.91545057390076,0,8.658504757486517,5,136.8968619057094,2,12.215907845080938,48.47504756462523
323.72392359994546,3,4.063861277318359,1,119.88206906102153,3,0.4502453677259128,59.91411601907516
33.93898608436875,7,8.814450352802623,7,155.98664465002864,3,75.9491565146354,123.36691433912141
5.328578275740596,5,7.588051849084628,1,137.89876943043254,2,95.39939012865987,113.1381000842572
44.41787669332479,4,6.707008764988724,6,73.35171208200504,3,49.86920997432949,63.84021442566373
192.50333922857385,9,4.52446561237298,10,146.54606095149583,3,11.27307888782368,88.19292219940917
79.00111157601643,9,7.633022185505038,8,113.70736872781777,1,47.56242163229695,106.3090030667052
164.16632554286068,3,4.590453744824031,6,88.08882172937986,0,0.8685742773613274,34.589933131582356
192.22652421555853,3,6.815583890019231,4,48.64475208190466,0,8.154386331513782,76.68771842128366
148.09061396475371,9,8.999203198314046,9,36.17375057330565,3,16.833336918681212,83.11251103024021
69.10376090828211,6,6.280212670850569,1,160.76295348137322,2,50.5062639256654,101.16602353237934
108.77983906099176,9,8.506084295820546,8,25.24915623252378,0,37.87245211153217,112.03487852973103
234.03223848672303,3,3.02874342028214,9,80.82812636033759,3,1.7227976895363917,57.626083015106126
173.39881633833838,8,6.991310510598631,9,155.08914404443402,1,7.167498984366862,65.79068681012915
97.94065127202872,8,7.111434538701196,8,10.242818323460044,0,27.37791326704896,75.6045331636122
23.16898805625477,5,7.006206299410536,9,58.763929760024,0,82.29563184932034,118.90547465257144
8.000993311693424,1,8.54988031691469,10,175.76481885030583,3,93.97703964072878,128.79962801694225
113.2183992583813,7,5.297785624941359,5,157.90423733842815,1,30.817399606147045,96.18493805212657
197.2699475493121,5,8.15756198097138,2,109.98443014403168,2,11.938026728141208,92.81363932665813
52.62343570737068,6,6.866250481619946,4,56.64999257006377,3,56.9261381015768,93.40074619841353
95.9664252205616,9,5.124527364035666,1,28.113712026739208,0,41.04690575171251,107.77237958983575
75.59529925849439,0,4.782631805027128,7,63.18358676096359,2,14.426743888430885,39.045414422134215
54.5387140212814,0,8.176322577188794,10,150.12555760688866,0,32.77774034133871,48.895202858341364
45.65795437667849,4,3.698344903919897,1,123.30939140351524,3,51.56508612183674,68.93583815211908
32.2343403257181,5,9.550244830671852,3,130.66345853807533,2,73.60279033430592,105.17351194777713
193.22417349723457,1,9.82671174698771,6,46.59573778359183,1,5.496784562814734,66.60589955386061
15.94619785240859,0,5.835007690112839,2,25.131654932321503,0,66.28238419827132,38.77532421283666
46.844516958312006,9,9.328795623356536,2,76.3489444727332,1,62.1868047559697,98.61435739664319
413.1254991313865,4,7.139461928372466,2,30.596428414367523,1,2.791342289365176,115.44179407291222
86.69736283839865,2,8.862156263843136,7,86.30473216084052,0,37.500759700738406,88.39372734330708
67.8588527357943,6,9.358870750879989,3,13.298211755096624,2,48.11097162242963,92.74643796125736
85.15436684256323,8,9.367106865376442,7,22.22414194379575,1,41.79633704201376,97.61362544061669
31.976682978530885,3,5.123549975499193,9,40.54070705240812,3,53.75260355355333,51.51065075976924
19.826036911712745,2,5.992552903148547,5,67.17237605033746,1,73.08953150621407,63.24396558169757
25.70794568382337,5,8.381349265048122,5,140.4296770070679,0,83.25464686109738,140.27649396264508
9.371331136944171,3,6.258408807077895,10,10.83035922344283,1,80.29442808311228,42.69983600200957
19.417509264505483,1,7.615501710951908,9,163.12922761662452,1,65.4088971796697,45.740789660686616
31.319564310130367,2,9.011891083899824,8,119.37285326185928,2,55.686233922252256,53.497733713852654
173.91859132729917,5,4.616855173696445,1,146.19789141977697,0,4.228133810757843,54.978210373774246
90.9097528438538,5,5.883625840285846,5,154.58698083610133,3,31.89037215899193,79.54541482882236
61.90837065773714,8,7.886493824823811,10,64.49574814135718,0,50.41252317505368,90.38634530800788
85.99215746519577,9,3.901281061576389,3,85.76760434194689,0,47.284085183145415,114.80983890027404
82.68633111826202,5,5.139539477853284,9,157.41586567019073,0,30.74824878872712,70.11254719381843
1.0,0,8.343064383980971,2,51.30071148679747,2,97.22625839140348,35.55004078623273
205.37530112812075,4,5.049690067160181,1,100.32779205022356,0,10.921522609360046,92.74389195937574
14.306204489360196,9,7.211806260343256,6,119.24674898585836,0,92.8637827117652,193.23185942118346
94.92161900956806,8,5.475025865425925,8,16.59820112800636,1,37.33923840141856,96.35485465219803
52.19180343166688,8,8.897741558462611,7,159.159248717175,0,62.28821267912894,110.24931571723923
76.34533636468792,5,3.217476911711194,4,146.3745115020956,0,39.32669899313912,81.80442947064144
316.5799504744828,1,5.8314374511633655,2,164.96807083471893,0,0.7080017777412257,63.94935912368967
91.51367406063324,4,3.7089328668170447,4,52.28331694440619,0,21.59880230425942,59.71402544932369
196.7294267875408,6,7.246630708431074,7,95.72478833481536,0,15.52594896637337,105.61761013708112
44.48125924431479,2,8.548637337261319,8,78.30828796228818,2,46.97792988985614,58.877186345453566
4.907275446716066,3,5.684367858025298,4,11.601375515315706,0,96.43485522941435,135.17741261840493
106.04950528645746,1,9.977653988751978,5,156.70388790083084,0,19.09029944854399,64.03994837496619
183.8815869666876,8,6.540409837084477,9,35.603862021648254,1,11.166194809633028,83.87689816244983
318.88937923172284,6,4.9095572488989205,2,160.93244684078962,1,5.955379479098815,113.04625329149101
290.0574965561213,9,4.986218569723192,8,86.50882819416167,2,1.7849879896609564,72.05039661703778
4.187985452741752,1,4.696053304403266,10,41.0968974135544,0,88.06962795931571,32.96524274924826
35.77814178382414,3,6.029369571957355,2,120.17736163438214,3,64.72664971765732,82.24913640816659
107.02906964852096,5,5.168929817272959,9,179.08101182772984,0,26.87108956059986,81.44547955705961
16.312472591798848,9,7.147380957311175,2,121.21909625997864,2,88.9921673386205,139.87495251176324
264.59947276542846,7,5.2507928267851,7,114.27831390876908,3,3.0310228018304466,75.68050174646984
130.91325365094093,9,9.170400737122376,7,133.07815792006755,0,20.93517104722712,83.7180642470629
1.3028541808747514,6,9.352242234424978,8,100.78613924479164,3,92.5309854158792,16.783600513727887
105.22721350125764,9,6.37396442413007,6,57.28441887631484,1,35.20353447978309,100.7900623298395
291.0940897559322,7,7.699130964949958,7,139.87374337535505,1,1.540741445359234,69.75811579298872
160.97643565931335,8,4.3821417196379215,7,135.16317115327857,1,11.85480075521786,75.48941188815178
325.43459643830005,2,7.382686713909327,6,95.9615807631373,0,5.579887995541058,112.76314251273328
115.42149246081692,3,7.589405884800223,5,161.33751399427453,3,25.621867511053694,84.76129708038596
46.006625850364415,5,5.201038740679838,5,135.30079799950977,1,71.7013433818277,138.29895000248
63.505822601088624,6,6.06955611689279,5,156.1571269664614,1,46.86911833105813,83.80164326352525
282.41726477953006,2,5.648433071778529,10,26.45918426782716,1,4.840286850875364,93.262538520785
392.0678819547155,7,6.192696686638142,4,95.24505052864482,0,1.2096243707153895,88.80640705414892
78.01041834676961,2,7.147977279353787,9,34.638529608615094,1,14.123862574122128,39.856047345152795
111.48599025635431,2,3.791370774841571,2,95.838576695198,0,21.9937679939019,73.61673078668004
36.625977068090144,4,8.363099711079446,8,55.06515868784614,2,62.4034470892548,77.67151452563478
55.25730226964676,9,9.12491381636856,6,29.14356898936752,0,58.31573167922349,102.46148264540301
69.28103827879674,2,5.682151279913881,10,170.4040347603996,1,20.389515518237346,43.5688872475472
22.47067455587263,7,8.979806430877577,9,113.9814648598224,2,78.5843506695328,93.24023922963015
435.1955374262243,9,9.2655962093642,8,155.9399429417047,1,0.3689825740427819,77.68330266416056
13.986447340013775,7,5.963506191455502,1,85.20693592719292,3,89.89145001234434,131.24513972014532
55.03556040317721,8,7.292192525201819,7,37.978284601295485,0,53.39579329197187,87.71470817565647
68.30970534887152,7,8.456870081566832,7,111.9805839689717,3,52.3930770679389,105.67784283161085
21.337789483311266,7,5.257148667974548,9,165.4378752533022,1,79.26192289586382,91.81005481502471
318.0998770030917,9,5.764616302150235,1,18.586270041487964,2,0.6508864570192774,63.18287311070916
203.79261218493144,5,3.002810808177379,8,136.62711093926754,0,11.067639902686238,92.58483366704151
25.50741061914645,1,6.135675880268299,10,64.52106804732996,3,45.52777379348172,32.417217187222036
173.06915612159193,0,7.242096823552568,6,18.577447005421035,0,10.353616740187691,76.31472782480252
18.168396250743257,0,6.692471611907831,9,95.69191355723214,0,49.72225781939735,26.002491706318917
391.9943386134487,5,3.742910135163136,9,119.27201351017705,1,3.686259142658374,118.7660800650313
56.12049917401495,0,3.2840999849428654,4,53.63570058054479,2,17.3909364145899,32.083138045376764
42.3852656176662,3,5.816754953701011,5,174.36714354987691,2,54.34162488762298,69.49775011991265
70.16592647143351,7,9.073491303041564,1,113.30830359459335,3,52.06045866788314,107.49041812402588
25.84919344946845,9,7.631137461714858,9,42.02545158692841,2,74.91714284623706,89.50940866367512
87.70013494883557,4,4.638404425122494,7,166.73787091407934,3,30.648446133431413,74.15948621582378
345.9769166648577,3,8.807869790919447,7,93.18486707077064,0,12.118648409888188,163.93710324127917
16.461379207363258,2,6.184655437893998,6,124.84050266540964,3,76.34224985290545,60.98079407556779
5.174013636049367,3,4.135195089960316,5,38.63489369242559,3,93.60718175719197,78.31929497740693
136.27855555797515,0,9.620423019059228,6,130.01836850353888,2,5.673715829348407,47.494972234570525
93.34295051219937,4,4.361835787899379,8,73.44525274787156,0,33.95485072202756,86.41757852562873
21.43900553288328,3,4.756910444212496,7,25.16776856973056,0,65.39858631955593,50.48397242649779
83.6201346385367,5,9.909700601468815,7,108.56029776382644,1,38.88240359780646,88.52172532191862
24.27884466785404,4,3.4312558970472846,3,31.85852834698375,1,65.24489172380227,56.85613430961802
8.142178266824594,6,6.283280326661741,5,109.46322878344674,2,95.46653417777452,175.49905727487948
132.89823688070035,9,5.329139077886989,9,111.50982540263556,1,11.355612271579291,61.089771129206426
87.11387197376688,2,6.396789229030688,2,156.8723197416168,2,29.79853645758331,71.95266149271981
24.0790584284054,9,7.313778283995687,5,41.96267192336912,3,72.80572280845158,75.8692748197809
55.008572381755165,0,8.139594608302584,10,122.83484131796952,3,5.4601276051315,18.91825488665802
39.35407852348758,9,8.427323509201411,1,32.81441247547954,2,66.80892630509824,97.57205832629445
267.7560693290001,9,4.875115079722086,8,94.5309441397094,0,7.167068581270476,101.58924214013359
720.0,2,5.832941120304191,6,53.706335197169,0,1.731883037199404,177.51650378852705
4.914217886225656,0,5.684741587037839,1,151.85295038397618,2,96.6535138358631,144.3760523691019
114.28265295356124,0,5.03990597073234,5,16.521856430469192,3,0.9042136312359664,24.28518006319816
144.0111092369445,3,7.671908713736817,10,102.5111353260563,0,11.631314875341593,66.9361715479038
71.03116406624575,1,3.379482209441951,1,84.70911364093516,2,24.063843623323766,49.86533647866154
252.16610598386245,7,9.729923044926014,3,160.23954262786543,2,15.655064497337278,135.98436630041743
13.897244835877236,5,7.853673304303988,7,106.8120059832206,1,87.83178818639499,107.1105853332233
258.2243223539655,0,9.51314020381522,4,48.14275986874262,0,5.201534470942885,87.34959742850387
2.739258171352505,9,7.266274343566354,4,103.37564386923523,0,98.06717597023172,140.34901766793746
98.61279695076148,7,9.517632033556104,3,132.97709710533783,1,31.160509412973493,84.57223197655534
95.18689497525573,1,4.816144197476534,5,30.276184246756383,2,11.089591874832404,43.28323407739712
81.35736066182551,4,8.52328422941433,4,150.5462128578956,0,38.9552461007739,86.29729989806128
60.04205880436746,8,9.124280642185484,3,110.45573578062856,1,51.68163873278173,90.9634970509874
341.2984164547915,3,7.927556669241608,3,107.3560786956372,3,0.6180887161527804,67.10159743220383
130.15441861026218,7,6.71486632834465,5,86.43181402131535,0,18.899541064819346,78.12237454996534
102.29312893818393,7,3.199996424068073,5,29.27580624393733,0,27.9946619954283,80.34608630907006
41.55120059906437,7,8.82567374695909,9,149.5090652602614,1,72.28874024398229,128.04613067937998
42.46534861806744,3,7.0655778089743295,4,134.82624519022164,2,64.66254833512986,97.40026860893344
60.172607904094434,8,7.731947428294381,1,93.1690830347842,0,68.00066860121942,156.02799083523158
88.54278034801148,0,6.110465372682465,9,152.7996979514703,2,3.176858426811576,25.669950614062902
227.79203325105505,0,3.822900743846556,3,147.7742195546563,3,4.90857922875058,75.57332553125669
23.32957719375096,4,5.187805565657055,2,152.90754961925128,2,70.84012063830063,67.67204605820773
24.976345543414613,5,8.640228245246842,5,40.40298164632589,0,76.15181385095333,91.67606633409252
4.783530319029031,0,9.48395973293885,9,42.21332480293272,3,92.54973765194624,61.78357426187933
100.12743551165164,8,8.106618500011855,1,97.28386451138942,1,37.42282569987131,101.87050557856487
62.52733549482181,6,7.038182924838621,1,99.64434553197614,1,53.77576548625216,100.79408408601687
493.23711691566905,2,3.306927967476409,2,115.96345373903978,2,4.7855532509420735,162.27208219780613
439.5828623331448,8,6.0680902562321615,5,38.00201698030676,3,1.2647556394883113,100.58434024234688
122.66278995623207,5,4.401079478745568,9,126.52488880311954,3,19.21605671440483,74.36704706844985
151.19127277368707,8,7.495947144549805,7,133.45221225655786,2,25.08327616589466,109.32370079010516
180.5432607391567,0,5.216186422873983,6,57.16254491616645,3,3.915693025777169,55.720169961930026
64.37077272914277,7,6.694684758069345,8,97.14285901366996,1,50.36640957477016,93.85605510060662
166.02714297192307,4,3.51494347951036,7,168.0159699125853,2,20.359662355080484,104.3136606360878
79.03177619642099,6,4.905999624956939,1,115.5391965960016,3,46.18026450380362,102.2909271429593
218.30163510866697,9,8.168458939848364,3,160.01993314033302,2,16.08005260188864,119.4477740359975
64.22030722781238,9,9.28293535417212,1,57.13393077936164,0,61.68032753719441,132.90484941119144
12.641294892897111,6,5.487027502535232,4,145.28374430000534,2,94.93707556252042,243.30827967643387
92.5017055545464,8,3.2339857316525515,7,50.301966499610266,1,30.59448997183415,78.10333540329324
104.63418833497036,4,4.012057971677093,6,166.7923218322094,0,23.684995349212883,72.64606113109713
62.78468888125451,0,3.03744292085956,6,106.39557319520868,1,10.808011376441716,28.219327518401784
18.059762447141747,6,5.972008250301689,7,88.6569313869306,3,73.68193816591607,59.13236388674343
1.0,9,5.3909874306099255,6,105.85739542160032,1,99.38177647853917,161.25327699444776
28.082081855277423,7,3.550890036952566,5,32.68970947796184,2,66.89245911856558,69.84134104429879
109.78417192378583,8,3.325035588379686,2,166.6412869289757,3,21.75415866854945,71.97238326095514
20.6773783178322,8,8.70748236698893,6,52.02503253560906,0,83.0046063099081,111.00512799963009
110.75856132324434,1,4.375089206559501,8,108.11917652607936,2,7.650365148096369,43.089728093738415
149.92736408855893,8,9.878052460945431,2,58.03194682261541,2,29.39260114216871,122.44693964522595
49.6347781145341,5,7.961359426419582,1,60.75314741696787,0,67.53390234434058,126.44499999531853
48.814678793196144,6,8.246614906097465,5,146.5617774980657,2,65.11069830087587,113.76556661132165
120.11475881917478,3,9.154430363097678,8,59.917506599178616,2,19.3109106766724,73.04029428299584
50.21409585290073,5,6.502085120757943,5,108.8422321277448,2,59.47806248236155,96.64685653772659
27.290271658162915,5,8.990760349867326,9,49.70867381780106,1,72.33681452976208,84.27163069139054
37.660080828963615,7,6.177080339971552,10,63.58684535413863,3,59.07827345527984,71.55535499424862
223.25780716996212,9,4.561630129117491,1,114.565518852898,1,4.035956687451689,69.5523044697489
67.77218985923474,7,5.537568119254866,2,169.8913411875011,0,54.37823927425531,111.24673082416017
27.71125920384534,5,6.697586254090099,1,45.26980447000912,1,68.2753526394539,72.61454040353912
136.82130481166192,2,9.064991820291294,2,30.13848986606192,3,19.171486734659805,82.83434526949911
15.116879580605833,9,7.885933300484547,8,97.09106135562932,0,77.06082777786386,58.013522009107504
31.574145062541263,8,9.173322993344216,7,19.40650581776884,3,62.10860017934833,66.29244570349994
1.7545762950289123,7,7.390808804451848,6,73.69036723252088,3,95.28550912417522,36.332316472146026
53.15035073380407,6,7.197930893856702,7,169.83057190397105,2,50.42021484962624,77.61690722822732
113.25795810695554,1,6.050140497903153,6,120.02778817763544,3,19.26503211755908,68.7712878050436
11.82232601149081,7,9.214723482350731,6,134.4184530206624,2,86.63816574869254,82.42589590305694
60.12160035423692,4,5.801086910057792,1,95.60691264860434,2,52.59732630735892,93.5737618859321
79.16824033978028,6,7.942406802466215,9,77.84858959770396,0,38.22185629935202,82.31577500593228
259.4623643340294,9,5.271878768116483,3,55.75035794846176,0,4.654337318069361,84.58787489344658
44.45102301712559,8,8.67761072340181,8,80.19490223016625,2,62.38103273658222,94.19407261075236
67.92111131644063,6,3.016432317072172,9,125.69912579619044,2,46.73085836266028,89.27996183895183
13.725123178044344,6,7.984503945735513,6,23.529985053247216,2,82.92493065928251,73.30448059097967
45.24453002490168,2,8.973425483261067,5,141.32884059963257,0,60.69588694986909,90.61696580330624
47.01146210702596,7,3.2614705550488843,1,30.721166053661022,2,55.198153348491495,79.11181971860967
51.94879883455811,5,9.221897582169722,8,71.79745775277533,1,49.54685471819488,73.97464572825541
18.813275439124467,7,3.986080227656029,10,168.4251645415675,0,81.49270926261849,91.926050710914
50.90826649704456,2,3.442838702744724,8,143.40298058049092,1,48.29161301733399,69.93736418546884
213.75100258782325,9,8.343153306485474,4,63.53864866801853,3,14.421667330710784,110.38357779611427
305.70580080342705,4,3.128601581766731,6,44.0577695863952,0,1.1764388696865449,68.81115080335117
168.18387300277467,7,5.16810455225931,10,64.92208162897771,0,17.82782921349579,97.53128358792863
218.88054922359083,8,7.808065456144369,5,56.58200266554308,1,10.002657388243826,95.06958514291554
98.47823092008188,1,4.912117342589616,3,87.40588746746236,0,25.91978142681953,72.9379907645909
43.40184906807769,0,9.4580068343406,9,78.78965483481689,3,35.16939163705532,41.53310690146767
169.5356163352935,1,7.854568859324242,2,152.69936639357624,3,8.42032867487055,68.51248955785192
88.60910545473462,6,5.103421310428472,6,115.01357709050504,1,40.73171553544695,98.65591334646479
154.02402594820353,9,6.485084263600234,3,67.19839763812608,1,15.694758435965884,83.17335420096072
62.521708737882776,4,3.074706014941839,8,149.6803867596123,2,34.37238616347257,58.54549366109868
52.337668814611135,1,5.647447487111545,9,28.577505712587183,2,25.06752019380649,37.827244115377994
37.60959241591265,5,5.42528500955067,7,176.55483691155615,3,64.28317134324801,85.11416436268307
342.00464269907127,9,7.935442989437654,1,27.12798347312797,2,3.2220067519961946,99.55986466131176
148.9544240041213,5,3.891183151227075,9,130.00001559589265,2,1.766960783110255,36.90727841097308
141.7751214817305,0,5.5085377496048,8,49.86228115313889,0,5.01288313884448,47.36638561311444
15.698911222943826,3,9.640578566320936,5,174.16103971029008,0,83.20492412687513,85.3834389597154
1.1874750733989785,6,5.33357486681594,1,45.5847087279929,2,88.81081387733536,10.007225733846063
158.33655113098058,6,4.977491086346752,10,113.6198466581908,2,2.9920133000924505,45.12010790399516
91.33937550178682,9,6.402402793318767,7,71.44910584474762,3,33.85418905956804,84.33085405119095
137.88876111469995,2,9.654244601059109,6,18.847792588542347,3,11.422332499318246,63.554930235347335
32.88649525939053,3,7.101041353695451,6,32.86331810423539,3,59.22584169935216,62.78298547283316
105.4669111653892,9,9.917834806002308,9,18.06065814381444,3,23.45852383620577,72.73899794226193
289.8139048869876,9,4.389800012077412,10,43.57050922656612,1,1.7843617824148044,71.98361434455332
43.69825890145514,9,7.64353827669545,6,66.27276411413213,1,72.38136887475025,135.19611761673082
157.61121709504167,2,4.201969922815817,9,144.96187149955225,2,0.127932359825567,23.660289798411192
127.68481981454906,8,5.366979919386659,10,152.61094285138165,3,20.71861768610113,81.11414730059188
31.92754048930761,8,6.969900952726611,6,175.0538009464778,0,71.76250341325942,96.22291358086315
44.62803428016609,8,7.836659563875691,10,158.81311476562962,0,64.32731905322794,101.15474404076156
145.89643770148933,2,3.253450830411695,1,130.47574254702386,1,15.73116087390378,78.883121794378
46.44468869604773,8,4.691217234280279,2,150.04629748649143,3,61.29443092691134,94.88554210802238
271.20391495274725,7,7.945848615979789,3,131.04135340368765,3,9.343614487225604,114.40900410820676
101.8511703826227,2,3.886591109930357,1,91.7600733743316,2,19.4260050885152,62.1590437520951
11.482449102200496,5,3.365880672931176,3,28.388795883629086,0,88.71912711587517,95.93115538159125
194.67891930395635,7,4.682186172076721,7,118.4757633853969,1,7.273261740787065,74.27756350758332
33.089828570640506,9,5.312153812898149,6,77.14834599333552,0,68.16274614448588,86.33510225149554
15.374234904331743,9,5.644577767365881,8,125.14167308068396,0,88.04302410975373,120.7294007009869
138.08689234353403,2,9.516287010600006,5,74.13283757166822,0,28.3222602357242,109.46054078226989
13.462776344707471,2,5.193573861200948,5,134.67831438693398,1,88.96917556470333,115.18438748847711
16.133852293169326,5,5.963707243472233,4,44.50890506250353,0,86.79854015774787,113.95542207297574
89.7781337310494,4,7.919168095027108,5,27.29826984517268,1,35.54516906853936,86.7953314333848
135.7394235846878,7,8.112896270172548,6,126.33587057739534,2,21.45869092267838,88.1974372125882
29.222340435143515,4,3.2841718971166136,3,145.6264032754633,3,70.90135324360062,84.97814307710551
27.41470951972723,3,5.889875784312345,10,27.57426122433318,0,65.57115104533736,64.95847799593543
475.78434770336366,8,5.293584745785309,5,24.55192397987061,2,4.982374394075436,158.63372066237886
4.242927532128068,2,3.0976431308433803,7,112.81629951347384,0,92.35672644881993,53.36234088187388
113.45386321778076,6,3.439055199901212,10,28.35361617884204,2,7.677488790517542,44.1991702309911
4.107468638159688,0,5.786610247653616,1,40.48035999420824,3,92.8610103260126,55.45662930237303
9.29189411957158,4,9.786075629731148,2,143.3712081764322,3,91.24021893430292,101.35757890188599
25.19187602562649,9,7.323862103320136,8,128.7063409001929,1,79.65302005586882,110.73827481921775
35.976249930063624,5,4.503982244974987,1,44.19321224036414,1,68.84590283591363,96.37369648603259
598.0927044570846,2,6.559772240483955,10,177.60685202490302,1,0.4177709461548555,109.18100777963987
60.451044374555615,6,5.669907406483496,9,136.94636232568718,3,42.5721306494036,70.7882233679966
7.325936884470657,3,3.916518764887442,8,45.03254258931979,1,82.54311926962832,38.185879015850865
133.96027633612104,7,9.321682549345168,4,163.6150378657808,2,33.62259589615589,122.90251034045187
163.68206014902844,5,6.000653770726394,5,83.40686713360505,1,6.81998374439382,60.954553229541325
22.358076575290283,0,6.238334903536106,9,107.88348585119996,3,38.93179096408754,23.700495871458312
97.02403171499398,6,3.086979156557526,1,138.00765281666148,2,37.612124197920224,99.22243012145564
12.38458735649109,4,8.810228785396523,4,154.91461055911842,3,89.65792987341531,113.44465898688337
172.54645471481578,5,5.436188742321034,9,100.24603582904088,1,7.122066976312622,65.30971632048174
187.20039530811047,6,3.791698175966757,1,90.92999081533948,2,20.059854759510426,116.53050939533317
104.31086453323265,1,4.1953219841527,8,107.83517313974002,3,3.4803282351172227,31.06298717268255
49.98654049988158,7,7.64034376641196,1,53.8497161537731,3,67.59099929503672,127.61586124832384
41.34993963892817,2,9.69372169108767,6,174.8246687879415,2,66.0492516043808,99.6937842628897
150.9112681121524,8,3.451751186912733,4,110.2539361329992,2,22.2731010376594,100.48756562130748
54.872906444774166,5,9.520745344086832,10,70.58232841835962,0,49.738374532147134,78.57019308760457
28.1785406406857,6,5.967513745207664,2,96.65293917260608,1,64.58640962065019,64.45727567703823
702.4924143108345,2,6.165280575520756,10,18.152814514287897,3,1.5872669510495463,169.5548807442674
45.96006665919372,8,4.049039592205862,5,90.4393507772626,3,55.52300665477141,78.11386447062016
14.915134059538016,4,3.011055947545384,1,15.164528592258623,1,77.32910659379438,58.01302196792301
106.32142432544484,7,4.863719895758024,8,81.3895765092005,0,25.16941970967102,77.0701763161798
122.83512511456624,4,3.3713211683791986,9,54.21066716717241,3,8.382247092504107,49.54918984700266
140.19758071904477,7,5.168097286092723,1,143.56332233055755,2,27.07251329780796,107.29533343182699
157.424427524389,8,9.383107393915052,9,43.63015290302489,3,20.49426227765596,99.31982453774188
377.0705326103106,7,8.200291698689025,8,55.965150002811576,2,3.538522888511837,112.84601381189316
12.788495620220967,2,3.1068538775222083,1,13.833367660114693,3,79.47859381820788,55.679025640005605
70.352073854602,7,8.048805355536773,10,98.83737944450762,1,46.28953258577095,91.33616164169948
1.0,8,5.936595965362619,4,132.49969129300837,3,99.59127217755382,244.16125134547403
17.644083982459197,7,6.597130843447635,10,40.807067414314936,3,78.15695932700277,71.59264153047401
339.90222335453285,0,9.845953966167642,4,82.51276876371291,0,0.7375371185556712,69.23203457684279
22.38018829177671,8,9.083851299967243,3,62.5851181408979,1,82.89038912746999,119.26491557087097
140.87280221336732,5,3.002872026074224,5,71.22756604634455,3,14.970986870177615,74.18043347724442
40.75017688538065,4,9.188527074171294,8,155.72280210975697,2,57.02572305293901,72.55210528429299
66.27878700662637,4,7.62952275562914,7,101.3608795619672,3,43.96149330992294,80.6452468162458
59.64563771734976,4,7.446098922047545,7,26.134344660233257,2,52.78066035762093,93.338454141176
97.71515192974717,8,7.038771173278597,10,65.06224393866447,0,36.20825676396131,96.18740679340635
203.7645523730781,5,8.629828080649151,8,77.66932291541941,1,15.55611186024814,109.5086455845138
203.04398124802304,6,5.716850197379479,1,80.24306139647561,1,13.10346160238596,99.9087762901565
52.92270545109558,3,8.404222501806483,9,38.9901661969418,2,45.42118906041611,67.0593986810264
403.70530500560415,8,9.17298360574478,7,23.4616895484664,3,0.4974644502673062,76.12195966655146
38.49285466457304,8,5.714350299708248,4,43.77061095579365,1,70.6421571439852,110.75706995322335
20.72787659556944,2,9.19510727183081,1,146.78908854689513,2,76.90328142557146,78.92676578483177
248.1730140631092,8,8.582797352906617,3,154.05035916459235,2,14.630966383420557,129.12026587636763
127.86313117635132,4,3.464031312125852,1,98.48849071905748,2,28.369970251208844,101.49164506001141
1.0,4,7.999072024745217,7,149.95567102951128,3,87.70209956175887,7.6205370856452115
139.56458269281117,8,6.416267569972249,10,159.17317109435297,2,13.523458383600936,69.75632976762294
47.932950873649744,4,9.952146172534349,10,163.4890300007093,1,57.57780882362085,86.82987193578977
67.5582274964783,5,7.719537427131779,6,162.08163846966522,1,40.72233478869354,75.19892916597666
198.6438436261633,2,9.629281947010517,10,150.61688523269598,0,3.5695569290649685,59.603964518573946
64.98112771812154,3,4.855244426983832,9,94.38781668510433,3,25.899173329576406,48.09999503852854
152.1589713038801,4,4.3786754114610495,3,173.32377499880133,3,14.608996855770258,79.10392025608581
105.20752477927915,1,6.085360610055789,4,101.31878467268491,2,20.146773463623354,65.66744587884894
79.66134511317802,2,5.884655267427775,5,94.65597143985684,3,27.773488524379687,62.182557554469675
389.3676709777949,2,7.94921818526019,7,52.8779328192052,1,15.08894255055081,205.88305075828868
4.1834153714061335,6,5.278523366882948,10,110.96990556037888,0,98.67238002000124,313.0100214656051
91.55766928109156,4,9.330810055618668,1,67.27672522304675,3,48.827277457572336,127.7166795882619
44.42898163464813,6,4.316409965353529,10,121.90824318244675,3,45.47373995230986,56.37944002390857
1.4363013506191975,9,3.0414684581780165,10,173.68798398030765,3,97.1990331864209,50.55721972842144
73.83033898155652,8,8.798647019211524,6,50.33324182171334,1,51.81827542819418,112.30190766596259
165.49781133692932,5,3.474574770796788,8,118.40948467712788,3,12.306879696854176,78.99612541069769
66.73891214484875,9,8.925928189728996,7,99.3234397126392,0,47.61971537091648,89.95392133176541
35.88970596169743,8,8.765614756887818,8,138.12324344462883,2,70.30857614830298,101.8793931583601
214.19157104785864,2,5.826677036732495,4,46.33584455039073,1,4.254289734522056,67.84134584387833
40.106469889997626,7,8.64481973472602,8,87.20846992851985,3,62.98356541307138,86.75489005023206
71.30387981320976,7,5.982806951815457,3,81.18902838205135,1,39.267338371756026,76.27901883331934
31.871601810011285,2,3.2154262478141207,9,35.42338415468057,2,46.19854655225711,41.272597868145894
147.67115786424353,4,4.378534412086092,1,39.50726450574476,2,15.308856689217905,78.68498757316576
53.792135374685714,2,4.613463861460646,8,135.7333547300233,1,36.92834523047164,53.997825706655824
133.53800668275704,8,4.742502914002156,6,21.92006777698824,0,19.738541228790734,82.29893327891277
16.32327509630684,8,4.191068488011618,5,153.89397997224216,2,73.00128058611114,51.870440655595345
354.16635988258065,4,5.374151727675237,5,49.20856883642488,3,7.306175145759672,135.36139475230786
177.19296574434497,9,8.683870434799971,4,62.50635287019875,0,12.63597711136582,85.65748403638788
1.9487239414170083,9,8.125665398646014,5,29.30984395437473,1,87.20501874140099,14.23378938961019
20.61290965866704,2,6.44872031217702,6,91.73364859055364,1,73.98279302262954,68.4046945182455
96.39853197523549,7,8.88949739913639,6,47.19503976804283,0,35.98713348793289,94.32261252262654
45.23301571850126,2,4.657690492176385,8,178.77667629162244,3,42.39280418779566,52.707365484248804
58.41815528495207,5,8.893514721354773,5,68.31748098481174,3,47.05829419970556,77.49995868309843
127.84998080610949,5,6.580753359643543,7,62.493561919939616,0,25.032044427157267,92.30956203184293
6.048950620380152,3,5.092634096558462,4,51.12771378027022,0,92.920209156132,82.37819366827075
10.354172805472263,3,8.127182403936107,3,97.04308153482974,1,86.30804860654632,70.3182384784206
303.2582788550386,5,6.476516486726531,1,127.26958212588951,3,4.03810412619025,94.4907966166997
69.74231321883313,7,4.499902665171817,3,113.35280945621358,1,48.41153124120012,96.13898838132843
203.8592862933672,7,8.487437094072778,5,81.05986687645976,2,24.885704094981897,146.56891527927746
72.18718553937009,6,7.461747485545944,2,10.741128592618672,2,39.60280476233375,77.9331799681287
189.25773650702607,0,9.532575429233898,9,15.80985013698486,1,1.361042105784551,44.04498045352179
94.8703021424116,9,3.050909653858065,6,128.679877094199,2,26.387917971979785,71.20984046822649
60.39846847803897,7,6.456929103190929,7,111.7559395269127,2,48.521654082689935,83.52019953588959
46.64722089041378,0,3.525655520637198,7,65.25979937660861,1,13.021641600689708,22.882465410886244
168.99401386117086,2,6.720401491131534,8,28.96899323265104,1,5.042247848993663,56.570476413764624
515.846014638042,1,4.369954261471515,8,158.3186785642246,1,7.465083086153925,198.78967603461652
14.04928393965002,8,3.2674194863017374,5,121.008764362092,0,88.87018839289088,119.06834934040214
20.56587207490927,0,3.041497507358147,6,154.05904293797022,1,50.45289413605046,30.061347752655845
30.96263439626748,1,3.751108472594708,6,113.6057005456374,1,53.72267269520764,49.832427345745835
191.3150365624549,7,9.25474208448906,8,72.29767652804253,3,0.5824431781628281,37.179638507418126
239.0393938916788,5,8.670877994031999,7,46.57050149782695,0,2.8721404249017617,67.33290405919543
320.5038353447282,9,7.0387140508468535,7,10.905112397080924,2,4.386395631540202,102.50669909999934
3.2355378285540315,5,8.960391145197956,2,67.95011263370071,1,98.55545152418676,222.36094891607428
36.88041394156868,8,7.5819633385651874,5,104.65806433392582,0,71.40540182738468,109.50350143300261
24.81055150633892,5,3.4672517839552985,1,125.33127279133107,2,82.44424948200856,128.5201933961779
38.5865908575968,3,4.1776159024257815,4,119.71777463312245,0,53.50382945398862,61.69738521347157
168.7172296286724,8,8.415531765387339,10,104.08270913380156,3,20.141123722387803,105.28990560973465
56.11654710954453,2,9.59826797111059,2,97.1390465640132,2,49.81956362855854,80.53899618911186
49.931844169614536,6,7.374595925751764,5,38.11297233724161,0,54.97432156181535,83.45564289178867
56.1947628491109,3,9.523608977580604,5,17.008728379840267,3,45.00167256223806,70.37800497086559
119.32148766339049,0,6.724929177076467,9,108.29906364881732,2,10.563884195181538,53.0853494782807
15.11577348181821,0,5.0066240690091615,1,24.262653306914583,0,73.7828258632219,49.715711770653805
109.54673637650244,2,7.612599557543199,3,145.11561831953202,3,31.911427852087584,95.90803789437606
79.62880764332489,3,3.708856266911868,9,96.29824285157903,3,10.904544699932933,35.93373087682593
148.63178793850886,5,6.922463818139732,4,98.49699253085949,1,15.650936804983786,80.1405313900641
13.641161777956698,0,7.916922697052552,10,177.38954279347226,1,68.99520582308726,36.75543734166801
3.6576070748501848,9,6.622027918690742,4,178.58890837315562,3,88.2965822030886,29.385737573505462
205.18216630747852,6,3.78115747336667,6,63.55140678226159,2,1.3614398348174648,47.75423835267812
229.8065039812436,7,6.25032221356607,2,56.94016751538789,3,10.365207748209182,101.38304274080765
65.96219735036615,5,7.620832320973218,8,135.93257741731432,3,46.84081634866194,86.97372587129587
88.89370690214271,0,4.431530370849571,7,136.7969205221066,0,13.65923867110429,44.653284074548615
47.94157711491515,4,7.3751875146723025,6,176.58545357300466,3,52.64810959601326,74.72891493591074
5.070560245366575,7,6.030811348877944,2,27.352737210236647,1,95.40076121961532,107.69264021938667
246.7864777896607,8,3.6037441991277546,7,98.34354239920808,1,14.21447055299168,126.49815591381072
103.07745249064598,2,3.8731527925517537,7,33.021204469030764,1,9.904970996155171,44.581100282931324
37.04571814138278,1,6.69440546348214,7,50.613798263488015,3,30.61292201684539,31.295274694233292
47.323462722482375,7,7.219652725867316,3,119.46197010144571,2,73.86005480875714,156.1840584226633
148.46414161515438,3,4.749991146566822,4,136.84226630056918,2,8.065030485418427,58.96973849372901
106.03894109625688,9,6.325552860351706,2,169.589221617839,1,43.500951597226205,127.3913380003253
26.533355107351674,4,3.219530981632119,5,134.7664629489091,2,70.24056187725436,75.11334172079691
7.804978030151203,1,6.809260811593675,1,41.51017587271442,1,75.75149457087909,28.104574909909886
17.37337862586546,0,7.4859789549092,10,45.77849710614608,0,51.07012902706145,25.85438010115904
287.6022978660296,1,9.533172662438371,8,47.22492160798623,2,9.07672424083314,119.8614181685209
3.691385822997032,0,4.917404094409326,3,102.82848842007022,2,83.26160184614012,20.151388290194422
191.90476557618743,7,3.0599844756751846,3,82.98487016971319,2,8.339283293329576,77.2503475285628
133.74847266008834,8,8.046252533364683,3,48.57060551650062,0,27.16752372985797,102.63491349363427
369.28724488043815,8,8.822306985615729,4,12.659360202263803,3,1.6896773500475162,90.49754823974008
27.68420360978777,7,8.171446202430184,4,36.01724151784962,1,81.62408625940235,136.3446305608456
101.43318185673118,6,3.882388019524924,8,90.97750989404226,2,17.82169815445755,58.81024935330376
144.80436842893252,5,8.543345768955659,6,164.51601650064717,0,22.109999356914628,95.9515666538356
190.8656655297929,2,7.419642054768005,6,101.26759705500235,2,10.374976525234723,84.23863878171213
120.79014975421492,9,7.12487137129667,1,59.535345623524464,3,28.9735457721929,97.50679577241519
275.6557008059861,2,6.510131938891709,6,86.22237902336799,2,0.5734195046981791,53.40811018215088
15.692771205957262,6,6.178676153642757,10,145.57795913830063,3,89.46942812643323,141.0292020715719
2.287367786651543,4,5.90136685478052,2,128.23303806020056,2,91.80233303513904,26.742682283054048
32.45657435955241,4,4.395665733074389,9,151.5435322165255,3,59.36856741949731,62.248267077754974
120.46236736579525,2,8.301815388317191,6,38.73981735272998,0,14.31185731228745,61.96363073265852
185.194099529239,4,9.70119529233961,10,59.16030315559533,1,14.921620276687568,97.34971137429544
30.57251144018955,4,8.673615406104604,4,59.34822514350926,3,74.19338361302017,102.42211759087719
39.06549698979564,3,3.5585238654380027,4,170.2951609365986,3,58.84397216272544,73.66945610552304
112.77897548009804,7,5.828768934200699,4,145.18681971016505,0,38.137344495601646,116.99352526542756
95.51245518071366,1,7.0155724209213,6,163.38175592635932,0,24.20431178883693,67.32680304571075
11.117917000050602,0,4.855862830120176,5,153.91086383097888,3,71.34639316996832,32.929936665725485
7.94762135521789,9,6.454715811628346,6,38.00478151091309,2,87.2806081307356,58.420403600101025
196.1815750885884,0,9.632736955134115,4,45.64235675898907,1,4.083173036601163,61.33940938448118
74.4683287517961,5,9.596106565308446,6,153.4097807509018,1,47.93538377781949,101.27387830719175
49.44635067234084,7,5.384667745752212,1,85.00418737619852,0,60.69592071826789,99.0325959457549
153.6581703460325,4,7.131618381844511,6,88.36483067613173,3,8.962071258813527,63.701250580601645
142.05364162097584,8,6.304817209632686,3,19.910524656600696,2,26.14734836016309,105.8977704820188
47.10490651080685,5,8.993995896327336,10,48.829523466464565,2,55.285585232810426,79.48076022592534
27.025765051729387,4,8.516832579616533,6,155.23881707306165,0,74.6873903498784,92.59873158639354
94.93870774788611,4,4.3579576935637805,3,146.45545766000623,1,31.926498308641865,83.1530986806224
196.52865148822045,9,7.069565900432024,7,42.60148790992407,2,25.402313530851075,143.41703181647355
127.3341770575202,1,3.397039674862165,1,40.30450285309149,0,9.346152823229646,53.72284511225267
103.5513386918457,0,7.302487833381513,7,159.0216802019532,3,10.070036854009183,45.10850156113365
49.70392369673568,4,9.64378719821773,5,132.34807714834238,0,66.54839478648258,122.05046339363633
155.78517062174268,5,5.004562475210109,6,88.29622128558347,3,0.0075340769335365,16.409685443867083
23.86621687636774,2,6.919251710751646,1,63.06180706927801,0,78.44020540240005,98.28219904907013
62.74246864467819,0,6.743606838434177,5,111.427190500714,3,23.53220768489493,43.3663682327556
168.260455181989,9,5.137281293232864,3,140.9223196279163,1,15.368289911916886,89.84126157631657
89.99771609534919,6,9.470480423356603,7,114.73569459549888,3,41.32320218925312,101.8366264359816
180.1701035806853,4,8.909467100433623,10,20.117115235875644,0,7.570721222201687,69.80951244508793
207.7168036506348,6,5.47972202232471,9,59.40930478211029,0,8.935866066129652,86.00764026392494
143.06024677206284,5,4.040707945873274,6,27.76200720233189,1,4.060004151329141,44.650706430609176
8.645115544961495,3,3.0999388718008265,9,105.64754129745602,1,79.08246059703846,36.83803348476365
71.422871440598,7,4.981118761186387,8,156.10387908170364,3,34.8075299636102,67.677821440753
134.21038905421565,4,5.13415550173845,1,68.09101948808703,1,18.449297635280644,79.40767070970986
71.0013176347486,9,8.69227503099123,9,131.6456806464795,0,60.145948931995584,139.65748025299132
287.97751052173874,6,5.21791460555231,5,127.28232056327133,1,1.3887163770450113,67.33496102150053
108.13095007570423,4,9.851992106247645,3,23.232656028787385,1,27.2006190916642,83.05432128969707
13.440022662558746,2,5.038563230047933,10,11.323274945724416,3,68.46120302298203,35.47088135432226
42.12811317196905,4,4.185323001848591,5,109.26126997324825,1,59.95090989263444,82.33870172687257
29.008103746298808,4,3.6653252106317993,6,104.66355023287564,3,63.52031125465787,63.921186774308836
94.6154508286726,5,4.256116663065972,2,16.69962099936629,2,29.709896912554346,77.95685344289777
91.19401906283198,1,7.88750817446131,1,47.18585492769582,3,20.229040071190727,57.065775636897186
76.05750512461599,1,6.706050183788936,4,64.79753787376042,3,21.72756441233023,49.82187800834363
74.949271933719,1,9.922129984962805,9,134.00243597706154,1,24.64110736762284,53.50637316557564
325.1100873827862,2,4.579862720733011,1,84.9453691594277,0,6.424511282339038,118.43504927790225
8.879312988986616,2,4.472705881458868,7,69.1546732463868,3,91.74693547686954,103.08468745273888
20.835333162665336,4,4.01940116967816,6,86.65424749212222,3,79.48901875993266,90.76547560361051
210.34687627775853,9,4.925894301632645,10,128.50549350432897,0,14.97747620450804,110.7891927680274
256.1666303196966,3,3.5059019630794603,5,122.40967515451716,2,7.825144181490176,100.54314023884761
265.9637955836428,7,6.427113173701332,2,158.20562107419266,2,0.5172570908110172,50.521337889628214
7.617424241232954,5,5.360664255850894,2,36.809615614113625,1,93.36135288018062,110.89130945158355
18.730437736886834,4,4.073923055876212,10,146.71449424062277,3,63.496972843252806,41.240305950037154
85.78318356520303,3,5.489353994802959,8,122.16645923805382,1,29.608244657713577,70.48061974987854
60.67827905049509,6,5.6284903541450415,10,20.94886972255734,1,36.06266432824162,59.49363670145104
33.23371086008641,8,6.639986868258452,8,39.06063190648959,1,56.07900781586283,57.4571484723163
211.11177933245955,3,6.4545642786242,10,35.93761813140439,3,0.8666436348688032,44.46051972484447
144.36202222902466,7,5.829540307252513,7,27.74314787408093,0,19.45023639246261,88.1701922034669
41.17981524487036,9,8.056178178265954,7,81.92283887540209,1,70.15287861065444,116.16527024256278
8.902578650132082,8,8.191221138160461,3,105.6489695321769,2,97.182416523841,311.4925438889093
5.850302046181403,7,4.107685192706839,5,127.02355949560685,1,94.83954390481088,110.41694526066401
131.1661268117439,6,4.928896690848601,5,169.1799348302475,0,30.836639650846674,111.49158537047465
188.25028840751384,7,6.507331644560928,10,25.889549273755403,2,9.004062804682482,78.19345174101652
56.66713891299936,4,5.914446491575022,3,100.2276024059842,2,53.29660117199215,90.04823264245816
85.92029185102953,9,7.893743437797885,8,105.657088484424,1,31.87318588605472,75.14422669472408
278.8843089490171,6,7.491729971130471,2,55.97585153014249,0,2.5682721541475164,76.15759696127998
4.805307281024227,5,3.826381550820364,10,18.078018725208764,2,86.53773859611302,33.23411815999578
103.79090460910405,5,8.478560939760136,3,97.56434394920346,2,29.99841582734846,86.20323655900627
60.92954311475848,7,3.985448380085624,7,91.00319755015046,2,43.458970416557854,73.11373486845162
42.46589406814218,2,3.0704979438259823,8,174.42624515740562,1,42.80068852593181,50.041354681652535
129.3939440277343,1,8.370255298825631,10,103.8430892902607,3,1.9673806744762627,32.937514706698146
61.4682411651098,0,4.397797983177254,4,131.65804359481962,2,20.50589553001032,38.794496726719174
291.130713018835,5,9.760871425408313,1,157.06063009734126,3,0.802034932918164,60.328302817438406
235.64721121518696,5,5.952284861989373,10,91.72138960234052,0,5.241906004572414,79.92145465185558
2.1101095363539786,2,4.90302508708141,4,116.94931538506025,3,95.67946485226032,47.77625726822654
150.24813475029487,4,4.82443418329901,5,174.25026422187125,3,21.81809910434838,98.68966226879898
97.08062610338662,9,4.303155250222492,4,33.524355632126124,2,30.06783422306137,80.78511912702409
218.94208136055576,2,7.232288994536551,7,96.71023885250445,0,8.926821369288183,90.61760396164883
44.83719665751806,7,5.976325685015608,9,151.4101001256172,2,63.2911226379973,98.02084699808736
43.97141688893224,8,9.52945387281414,5,120.0659770377122,1,70.82388433165643,127.46302777956856
81.23905462337122,2,4.551531202322915,3,51.26154775575914,0,31.065697248791583,69.49056558795593
336.13879056995125,6,8.080397328704443,7,171.07112984725617,1,0.1156283670046733,49.70596614792532
52.69604368979581,7,7.438385392076883,6,138.4232871057447,2,60.8299425049048,106.00947749520756
49.644081892389686,8,4.296452581507254,8,144.9521050652648,2,51.18347133451206,74.12291171764652
86.68536074505994,6,3.244162140740193,4,72.09151427461322,3,31.013930557132475,74.04361899894404
6.4391837789131365,1,8.37879950264146,4,120.00891436559608,3,88.2463987564981,51.4981038978339
83.6903491316515,0,3.551726540699488,4,97.95821927024424,1,8.900212752599325,34.5957264875282
149.38760859104178,0,9.538255434613074,5,80.50508643009894,3,1.9894117390510164,38.135046791874395
32.448019552404176,8,4.400062447789233,4,89.28691495126469,0,78.24653977632413,132.27591423888794
161.0985859094179,9,7.156255266850257,2,100.71025411876948,3,23.938039460596908,112.67988393592768
54.384164012869405,3,7.540519613434441,10,156.68663811197803,1,58.127268919920745,100.24078663589506
26.538978002436995,2,9.859902751009766,3,90.86969329213956,3,64.83074174324241,61.23574729251996
1.463862537287572,6,8.031657644644152,5,179.2377962603552,0,92.38265393005696,18.475892084905926
6.158008022613539,0,8.52470652546491,9,134.04893666594256,3,90.76980057025038,63.58717865466978
136.95877921392798,0,8.70644464295955,9,72.50186783004841,2,0.5411778621139929,26.24144894055955
1.0,6,9.327860063390888,10,19.47503950523836,2,98.46107905836249,64.47930361089814
49.131409524609566,6,4.084592497365551,5,72.30390845739778,3,57.542929526809736,88.90327495355382
324.8636101296369,3,9.848278335115332,7,10.854335572103029,1,0.2010245528895686,52.317206422062796
40.78237509458107,9,6.617857374141494,3,108.56257323680067,1,68.25841030717206,106.79661958574798
109.6849891055698,6,3.407174311046473,10,142.35585408294912,3,6.900135388796725,41.02475804543692
100.09661711958697,5,9.55302434802479,8,131.40243891236597,0,43.04288049234317,118.7423274326597
266.28048244374054,3,4.26271233177399,7,46.62980356736591,3,5.544960291040832,92.0659187783552
12.675448897582791,9,7.012936821272424,10,151.2568234397146,0,92.11469810244512,154.32332103020795
162.9158396728946,8,5.611049699149925,3,79.91290774140774,1,18.436616168515087,96.35249915156142
223.6812080004632,5,7.413647995737214,4,72.91517761189505,2,12.231384841252892,106.45580284384168
286.5635581366081,5,8.27961926344684,9,35.47248281195458,1,1.006740024884118,62.31738635799039
3.5984545952442564,1,5.132450826055037,5,13.48110417157364,0,90.90583313647102,37.74100637105337
114.2583611552499,9,4.640135695360245,2,179.91588225044782,0,32.012192557410046,100.30993045678133
100.65762233058324,6,4.592137778453598,7,171.9531227767223,2,34.13188969967729,93.64039321565262
13.796438722158692,8,7.739892420017314,7,150.07666615670112,1,82.20668686545089,70.41387006698164
48.216294642964826,5,9.395687182099037,2,84.82523602810252,2,59.1226779207437,91.74346797404512
315.90764538678707,2,5.709913562798038,4,145.5163679886914,3,7.393463728533248,121.28957090455178
169.61762528413843,4,8.5420131730899,3,109.97466179529862,0,14.934397299293495,89.20186676080357
176.3263923613043,9,6.849852904687049,6,71.61333990192102,0,14.235619453677392,90.45055736339101
166.17581869087522,4,5.357548277574748,10,175.9335466576495,1,10.609696978729009,74.07314158107773
110.95672791933949,5,9.368765485824422,3,113.3962563045278,2,41.23373152559674,125.24554951228217
47.12936752004765,6,6.152682491273056,1,90.08876034961816,0,66.14367732377144,114.02058131413587
68.61045907677803,7,7.808568489666921,4,40.5823741849226,3,43.8850203361433,83.3058484531651
112.1549336770317,2,9.059906946268026,9,169.68695267630775,2,24.771203050122764,80.36966534447338
260.664705041148,3,7.185376945843327,2,95.54560084776232,2,9.037051445584462,108.43691974536769
64.71413447973032,7,4.680886343160639,5,174.22954257008382,1,46.37838502516805,84.22627288638752
291.9637458806527,6,7.0556580914356415,6,55.9423087604914,0,6.29475481464341,105.57536013862824
99.2594661313169,7,6.634587209326694,1,33.93097782110627,2,39.72891582304711,107.52945953307614
42.731183111557726,7,6.28502937656238,8,72.52380453169582,2,58.29084303427226,79.17211459785169
280.91827933307275,4,6.584221330840428,4,91.11206045726615,0,11.13878624666851,127.99633423232214
24.950413498771564,5,6.687382350886444,1,101.2769544414199,1,78.61250868806873,103.68384438395623
31.357758662529395,5,9.14162164378974,4,95.60807237756056,2,70.54767822870677,89.88085080241883
204.7156069984468,4,4.345209132501143,6,61.63256211050207,1,5.437094904543161,70.30249282641041
120.2966634430082,6,3.397883994986719,1,164.50008526469546,3,21.20081396681511,77.55418056836959
97.68928434680156,7,6.479165534440447,6,114.09291910286746,1,32.165808084187155,86.12553907880013
13.695296825440208,7,5.187418282999984,9,176.35832712609357,3,84.7241440573251,82.61647014508416
57.91216577969321,9,4.858494520527975,1,51.00515168676391,0,69.30863416682416,157.97069222234896
80.51448676405836,6,5.364291909925604,6,92.02595053495926,2,41.058715773925655,90.44873836888786
36.32739149810984,8,7.726325908581368,2,38.49566585289936,0,62.96534020968172,78.53114846496612
2.94466678851102,8,3.65970146483168,7,123.72213071160668,3,98.5606246346637,203.10359936519396
113.79347569233136,4,8.279976331246512,2,52.39388395930166,2,25.23958790375962,82.65330703909191
26.892290664980784,7,7.367619023329718,4,30.96198690464221,3,83.80849302420218,152.2470832745285
1.7491634849162014,7,7.543642183769837,8,21.08396034004558,2,97.65824486042052,73.81651517034719
310.23008084091543,3,8.458730729362005,2,98.27761400719614,0,1.7036117491262075,76.17831878934967
223.78283950598544,4,9.220852503493589,5,57.636789188397074,3,22.75351482910577,151.15860426369275
35.753269133524604,5,4.622531943316058,1,32.29060561780497,2,61.206103118366464,72.82862880572546
96.7662063828762,6,8.796416799130135,3,76.58331228939751,2,39.49181997597502,104.15309545611214
62.22380533349576,1,6.487055041758039,6,88.51185387530342,3,29.625107050635567,51.147843499542454
18.087441797466475,8,6.329344300157812,3,21.02181719365251,1,81.02802634031084,85.97710907143326
69.50447082386412,1,7.755216657194874,7,101.55917559521458,0,42.91096763769067,82.1524348564306
56.584879836690256,7,5.33159883665711,3,154.3524821580468,3,55.0925152734965,94.91617907417219
24.933117047487183,4,5.108580236435956,4,125.59635327062944,3,71.47731612706683,74.25210343048369
30.88174380975037,3,8.022041156147775,5,123.42235858923534,2,69.88886498325678,86.1983254070588
22.66352722281525,3,8.957775780932883,5,173.5362013048014,3,69.30868107331852,61.82085654560935
186.4530511703872,6,8.098469862335932,5,95.88850122628456,0,12.00102743056527,87.94217190654389
101.38454794659256,6,7.901502611917339,5,38.272989035544,0,32.47011886918833,90.13162061232097
11.48154881477291,6,4.980632976261319,5,174.0553758946862,0,90.13882757462514,110.59179343881921
76.86223711336454,0,8.532852331180916,1,54.49798773629402,3,29.080196691939133,62.230946849491744
57.90635237723058,7,9.023580406112115,3,145.9283694973405,0,59.962946340953216,113.22143398263705
65.17596873325033,8,4.922006208857151,10,46.381209239558615,3,34.52935253585757,61.29245283935316
49.21099376147278,2,4.8669240144605,9,37.2125979327442,0,35.627828022328906,47.68307694168701
312.6743426732833,9,9.457049277026387,9,12.000066042389609,3,4.933701258230253,103.91025434314463
269.9117526487244,6,3.58801200164438,4,61.721872952719394,3,4.936392495267396,89.71533256139398
207.85202194607132,2,9.68058553559765,5,77.6520195542267,1,8.751690141913851,85.32781721396438
53.61468074448196,9,8.453657603672394,10,25.06760570742873,2,53.076047463177126,84.63991014754596
5.974277425027912,4,5.523241204044789,10,179.4937067754885,2,88.9693106985409,51.1151942921367
311.68197722666145,3,7.670493042193352,1,28.380969921106328,0,0.8696374180177622,65.68849094802232
128.60196889404304,5,6.388272581594939,3,143.02704139499102,0,28.45216891255084,102.31305890334859
53.3803497458734,5,4.756905398662269,8,57.47509726696826,1,48.226691766022064,73.19821365741363
32.25336449236022,9,5.9217098939038255,2,57.81420346468068,0,75.2601799617801,113.48067300263747
25.70247265617777,4,7.964904081688691,8,91.2391031108642,3,77.69495025200894,101.84040215814366
35.13101507213365,0,8.505842554555073,7,20.136339145835706,0,39.05385492543396,37.364333725001615
31.79002007206128,3,9.107258662809771,10,70.14648120947584,1,59.56346895840672,61.35556507685341
185.2196995327685,1,9.987942002112725,4,58.75814621149276,1,10.778165219154902,83.14586194082884
16.23576574966493,8,3.994431266101436,10,151.01881059902368,0,79.06287116724855,69.1098882194081
173.8586070731895,8,6.048535192172815,3,115.8464246515263,1,14.732829218483118,90.7834276165687
120.54220927796148,7,3.40300305711958,3,157.50992816033695,0,27.216698068256072,92.62933242334799
48.12555443866381,9,8.72979805933852,4,112.26324608455003,3,57.77761705921069,87.72930629606036
16.879218121827584,2,4.248787763500067,4,148.3828450383881,3,77.72302656804685,66.97607542782384
6.107789248717043,2,7.956166487985382,6,156.55429459283934,0,90.5380534959736,61.44660712936858
101.02745207850066,6,9.204634692370767,9,147.5882808855794,0,31.33218845470771,87.05328963929678
94.59067864825148,3,8.932504342634392,3,95.90644566709965,3,43.875341298710325,114.81991190310366
40.55848857274978,5,4.950996005988043,8,77.8982819859927,0,52.23982082848005,62.46252708969006
433.3297201792523,1,4.884892970136454,6,17.13498557903139,3,2.0138954455702125,110.96509618034912
143.59876936767168,9,4.100914738534753,4,105.0813182530606,2,20.55969283385729,90.7797119034133
164.32695438833616,4,8.46661373265341,6,68.83886780599957,2,5.275620790010217,55.85412330955013
68.08064886708989,3,5.410996323520318,10,139.12551176536442,3,37.35925277424925,69.1462216321483
50.52683939393709,7,4.866593344927532,7,77.02390003427669,3,54.68997394741553,83.72443187934992
47.56583364691205,9,6.21411391263138,6,72.95442982658878,0,59.668746992114,92.11725831034096
22.10155256368872,4,6.676753253813418,9,12.857237569594224,3,65.58383568904028,52.393096825505424
66.18858526311031,0,3.722811666052578,3,99.08640387748976,1,12.627943390638702,31.986626183743102
117.1081275292496,7,7.778514176051919,3,88.50096228736743,1,32.12576809254019,103.13246800345796
80.15592295028947,3,8.142956039015884,1,128.0941940314828,0,45.08885051373928,100.6307370411009
64.27530333196536,4,3.346132056755431,8,11.693156004731565,1,29.01384048066627,51.94395357762747
18.261559474683327,2,3.063039649851327,4,112.02388214628256,2,80.20950612114564,82.8082929293334
113.66141220908102,9,6.700408862756335,6,60.66708871897547,2,26.42969550992408,85.41591009945753
8.184324967188095,8,5.226067933700087,9,83.39458005328436,0,93.87376263455408,129.45936662428937
70.11326338856841,6,5.310782584986688,5,115.44739890714328,3,46.36116538879942,91.2092246341893
237.04121020059551,9,9.588807372296818,6,178.66150012988695,3,1.9561088896837333,60.25124044705359
173.39577387042232,2,6.118210818596538,5,157.48473886574155,1,1.842433467391018,43.41316291498378
165.58803261450268,5,8.974364665685428,2,19.20284942839453,3,13.703407323033808,83.31365715175959
113.76148225154527,3,4.1960213957052535,9,163.91344200461265,2,20.44174050941583,71.65665637429078
81.88618304257017,2,4.114981261446209,4,89.55751223767012,2,34.0971146507749,76.10541230440118
105.071484360035,6,3.511362437674624,7,27.81984895993014,1,20.728203707036908,66.7682272548636
48.86977896146554,7,9.707758205627522,10,169.96085285601126,1,58.94358747827445,92.45320497649874
5.723963776147361,8,6.673717252553188,6,110.35084219845191,1,91.63352906016834,65.51185694660366
25.581990951001448,3,9.341663434362513,8,120.97827235842132,3,61.49520229092842,52.61499553949822
16.3495166505031,3,4.286098382390062,7,162.0451229832155,1,85.45675563843015,104.03121518796779
46.58642456095593,0,5.247150683921267,3,146.45488812946877,2,48.75381385849387,64.84866821755742
78.9042760863349,3,7.38092666235427,3,118.73491118240054,0,44.63468984688271,97.81616855671024
95.21974117355202,3,7.760999900381739,10,90.56635935490264,0,29.81515458476541,78.68402704581503
28.382676223070003,8,7.629127736008067,2,78.63862378131891,1,79.75565116225202,125.47458781046646
2.936069870821382,6,6.755882697075595,3,33.8109750910192,0,96.52766857622522,83.07947138168072
108.2041611255204,3,5.780451130148281,4,164.91002062610784,1,24.619525821331333,77.19878713472174
41.2246267924797,7,7.011195721622053,4,173.58956208433975,1,62.24841985996476,86.96499170153169
43.38009330300249,5,6.67641540161558,2,108.4494258788529,2,59.73914372420344,84.2033180476398
55.1228539639754,3,9.716077170188154,9,168.45740212772768,2,54.39456879249308,90.52770909820877
139.57890081626843,2,6.2116486798832495,5,76.71562425223698,2,13.320961515398825,69.24135874365984
210.5002890231524,8,6.983990993179878,5,112.00246117170803,3,18.028527216688275,122.86858860007943
70.89563328897722,9,8.827698441546675,10,18.1544849585109,0,33.10377130906177,64.128593438046
86.20957210857792,8,7.560424074707291,10,51.699315919419305,0,31.56600748409781,74.76399950392296
35.55139794936262,7,4.432155300042431,4,47.86721514446206,3,52.40787770829491,55.02347608263926
177.30681664491712,2,7.936985368275187,7,171.6211674995516,1,12.549427720971062,85.42868389286073
34.09881471930934,5,9.472435743183922,6,75.91013273228486,3,68.38611093407737,89.73361939822249
8.86428973433724,1,5.159965483122418,6,16.56482295408265,1,81.90854566271595,44.41764442476603
412.5181867864909,6,8.091781056921661,9,32.60975980268866,3,1.3648147058357696,96.06512148391857
70.2391647820276,0,4.845728210168424,5,151.57175530864936,1,27.7732077645758,54.827299688693095
14.820328065187743,6,5.010487997891531,6,33.162842389584924,0,85.31746041730493,93.3322583269289
431.2915244418445,8,4.367958106468443,2,125.39191719847292,0,5.030273982918897,144.25933702734307
21.71657069080705,7,6.671145761305764,1,117.78013046071796,0,80.17572456165695,98.2875281692778
18.81400003396276,0,4.366222305280044,4,17.561122096537197,3,43.7709458461135,22.77172806722814
89.74846349414645,7,7.057276294597988,7,39.69893713804282,0,36.12155464066274,88.13727727938881
111.82748425255292,9,8.072264355118222,1,137.92042545907918,1,38.617744257150456,117.53272001164542
24.202783171797325,2,5.37361329283876,1,41.62579043311737,0,80.77927578777552,113.38867427589197
30.877048373118527,2,4.823622118051783,1,109.88550126546572,0,64.36565000128648,70.08112473957749
28.885709316145714,5,7.675557211836457,4,145.00766050239363,1,73.1946510934516,92.56820780768551
81.70733211414868,1,6.516819554360887,3,63.98276180140747,2,24.503924517813136,58.09940157034125
29.81399803080449,3,9.282380193567972,10,68.5545090328467,2,66.3486567502834,72.67334554420043
68.14059600506448,4,7.950875430665074,1,39.47343664877639,0,44.19236120326969,83.44241294146634
2.247924374787452,4,3.6786597483870014,10,79.83757460363805,3,99.7362165426255,851.0610428868373
8.295912826503507,9,7.166401266338064,7,25.056589550263617,3,88.06068179595164,65.24814385291845
93.0216468436059,3,7.510559903447971,10,70.58501318139156,2,18.42641762720038,54.997328974834765
214.921978412336,5,9.642046921263576,3,36.50321140179096,0,10.887801416440078,96.91966003022763
81.7563996657212,1,5.855940384287108,4,31.85813433546934,3,12.035662626449898,38.61358894870146
127.76519426504429,8,3.1794257491909583,9,28.09609010162834,2,11.093223815756806,58.10583867463666
54.192234066794605,4,6.842662189504789,9,107.74209384903904,1,46.44828609437694,70.67040974239653
60.94160065380168,3,3.26897951947341,8,90.13257872940956,1,46.9559946613066,80.61492214766476
12.265813710274784,6,7.7389972375605,2,169.43062518870514,1,95.63632046165957,274.910271856334
149.35578915410554,8,9.001294764734869,8,86.38028955236327,0,31.788189755256823,130.31934445083348
17.324193664899116,2,7.242767198970812,2,88.25732937246498,3,82.29150766715581,88.88656639453613
13.734332672851108,0,6.027131517236496,9,43.36882402432294,1,57.30309953222178,24.66586040841452
55.18180949396661,9,8.0886770811317,1,178.3451587539178,1,72.32211705044101,170.29309947336745
289.2494396029592,4,4.73333221039234,3,27.039419289968635,3,0.9491204677760482,62.1054831589023
97.38858229139288,5,7.201417829648065,8,110.80804309302668,2,26.047822384506865,72.39516427436905
6.849910880262746,3,4.641141941656277,10,155.4326122983128,1,93.42003922461204,100.63880432429474
78.82696015494132,0,5.119232993298628,10,46.70949468342297,2,3.090127906174466,22.671245066236388
374.36738848892605,2,6.600682725577141,9,101.4930431863485,3,5.720015582621558,130.84285065493037
63.67892378658608,6,5.901645805731268,5,36.1151540957397,2,53.69334113340312,102.39724960680574
1.0,7,5.057459102800532,2,115.39426954868176,3,98.89288485235662,89.8239135502684
112.75408214456948,1,7.164412146432101,2,11.712522538849347,3,8.597960030350766,45.95370242605624
3.90502104034506,2,4.462222249003902,7,19.53362877482405,1,87.89846153824764,30.274324405611615
26.493191707444936,9,6.365186386868058,10,51.27625497046678,0,67.38621057024316,67.11728644081025
49.76987309223701,2,8.780309203318778,3,163.9989917563541,2,51.05723496011459,74.03774996291287
720.0,8,4.31006534819251,9,158.7386651396103,3,5.906976778295465,254.50365164943938
129.81072636954212,2,8.209196980279733,2,70.16399046366598,1,19.81979416388616,80.20488428885594
57.141846665945565,9,9.389872007357829,6,121.77401909744016,1,58.28644802123112,105.85732883098254
63.63276999219186,0,7.678524914821758,10,86.18187890907713,1,8.806102359513055,26.189286160757533
258.3233783880449,3,6.205472059026285,10,52.97751492071364,1,5.981797462300624,91.7195272004974
52.97248994449885,7,9.342682147506482,10,157.9093828285781,0,59.64921840215798,102.52294035727374
193.9587370090132,2,7.302499732544202,9,39.740822327475065,0,2.0465917992314475,49.873751767489956
313.59564645154813,4,4.80023995217099,6,109.97788370113965,0,6.290143824253722,113.3675096722063
17.805916682829828,9,6.541758941140021,10,119.05336274092892,2,80.26461200871472,80.99438944337109
251.62334655170304,8,4.775686213851875,10,156.31082085589486,1,2.8029409994961827,70.39397922967237
133.1907063874466,9,3.2174315949612344,7,129.47308911821574,2,17.043537594593086,75.27454254464466
146.98802594837412,4,6.9652662418574405,1,89.2104716580974,0,24.01146835760521,103.0310155137513
213.4331531003808,2,6.425031102526337,1,10.417279695453518,0,1.593164713375442,51.560779447559675
11.86839544698758,5,7.41320808069697,4,21.7278424039757,1,86.29753893812224,80.53516631325313
102.51867210524765,3,4.814578410016107,8,170.20848700868834,2,13.56831374296874,51.32521238715284
21.90329511545057,1,8.246127515537058,1,157.1931890874289,3,67.15487528533737,55.01009286976347
34.777956959944625,5,8.044675072220976,5,120.70269238564632,1,68.27697292503434,91.13777164004532
6.044958888303913,4,5.105643127598039,2,100.4991137522869,3,94.45508569992188,105.96686155942454
38.39860462067276,2,5.306794934667174,8,115.0663791950827,2,44.353703123890455,47.2322674817562
189.9076501801713,2,6.756402330112628,8,129.0318853411776,3,3.59266451415542,57.09317178756339
41.48653413103794,0,6.6361011228810245,10,156.32353257512716,2,35.29847482744155,39.83993262419994
27.499624958598048,2,7.523767623600333,3,13.0868541532034,1,74.36570889178793,92.8491652721516
278.95043623623934,5,5.873616482537853,2,58.98541313567375,2,11.069921950730418,126.74158661283852
357.05431230123787,5,6.942386647137129,4,85.98766932404104,1,3.564784510196561,107.0927360761732
512.023821465949,9,3.850855325116374,1,44.75741484129748,1,3.6889635144382456,155.16697842031402
2.4509629546350387,0,6.28497594684169,3,156.60873988982516,2,93.13891330556704,34.48266637629647
161.42954637106823,1,4.677164180757739,5,170.3182978083954,0,9.053503999443675,67.20579312943016
5.854338375186663,3,7.704735469096353,7,65.20760352442434,3,91.86351259504028,68.98310043341398
51.69523565687712,0,4.461221176790405,10,153.36650033162937,3,4.98085995042088,17.234229078948847
28.368603702908885,9,6.931769725552272,10,104.26713446746406,2,67.11365880397356,71.13801713676231
23.040904381571007,2,4.39608235909254,4,145.24864246503552,1,66.77806475926587,57.06082063586632
57.866407779364245,7,9.931342524761703,10,58.17760807700096,0,57.35483269727912,104.092546014167
51.996171417683726,3,7.351407046302494,1,42.074289508765546,2,57.12349443470842,92.8578188394951
216.3958897935165,4,6.4164210938876405,2,48.61534510228087,0,11.933667153228887,101.79472064329488
530.4952987021643,4,9.408310913014606,8,48.816242220862776,2,3.5152802689056792,158.44899315583672
132.29048855768474,7,9.522780061431336,3,21.156759207075865,1,20.36603825459619,83.1335177903713
12.901380001708738,6,9.406234360306184,8,56.09556140012733,1,88.23643432609491,103.08715343940763
37.28312624017243,9,5.088663594930283,1,28.799678473872305,2,68.93969721203108,100.24015975817714
98.07995179944184,2,6.57151153854883,6,88.62402658211448,2,22.378802922406187,65.51522023994842
106.49750662146982,2,7.678556586133031,6,90.64334879568524,0,22.23131789283134,70.82513839683524
51.33823843788582,5,7.169764450761807,9,162.49654776261636,3,42.12244756690674,59.37875131273341
212.06802595774545,7,4.9224581587188805,3,149.58227791969318,2,16.200468534345273,116.51256962970722
113.70695503475524,6,4.756246634476959,4,162.13480923599317,2,33.87189664081619,105.03286589847457
14.49243159264936,6,9.067520187051691,7,17.515826469069097,3,86.53609668120562,100.21835464677682
36.536173516772095,2,7.8595877122919315,6,117.73444085979826,3,62.69063018955876,78.2429228865291
26.73651093405316,6,7.305886077852182,2,84.85980156185289,1,78.43356682913424,110.06384339089968
77.34402520499802,4,8.114948190540204,7,53.186017736076415,2,36.20906891310732,76.13645713488329
73.51353467930866,0,5.161544208604171,6,46.38891755866381,3,9.574097530101689,31.33423790586983
39.81548200026145,8,9.679809090607169,8,177.90409162969365,1,75.57486095146768,142.1745463863636
8.441194489522955,7,6.562133759865343,8,171.76865260477783,3,93.19868562198474,119.841082967909
130.99694121786425,4,7.479514812153673,8,112.49449794219656,1,23.025053260177504,89.199288354924
8.495461771373426,5,8.837935334693675,4,134.06134834714675,0,89.48205613839778,76.4447355651616
83.87425832839902,9,5.188594200486536,2,156.06097389988844,2,54.58875407772438,138.55674582454378
193.6035205323311,2,9.661224937498517,3,84.44822985405304,0,12.46743713476834,92.98697117362816
23.421281240287733,5,8.071208639065373,10,10.743576988111588,3,77.5561265624189,92.1487117836268
2.286312997579865,6,3.7737895509171473,7,137.69522252983904,1,91.77297309174796,26.630758482389577
4.546747663759849,9,6.001980529146469,6,137.92024255913554,2,92.59735660650948,59.11808394992312
478.0036206067743,4,3.9734138805575054,8,168.60363325640353,1,8.120978735194711,190.38511455350428
8.08231342234048,4,6.031521536011956,4,86.5211263479906,1,92.5884421406888,104.95711216522237
243.41566765262664,1,5.978018359794419,1,74.6998231326204,1,6.155136368279825,87.31200125661535
140.0125299329576,4,5.448407198265548,4,111.6839811129906,1,18.62072226929008,83.29641026219029
1.322903628460163,9,7.567688144252932,6,117.8018978473565,2,99.21681991485906,168.25204139439927
173.08380109307498,2,4.884470405129354,8,35.03654744471554,3,7.896393376580522,68.17640262602721
6.57897362045114,4,7.406572255068548,7,108.7880615986424,2,90.77409356986796,67.96723359794494
223.98097935069023,9,3.837413076612492,4,26.913458722603345,1,6.328077547511813,81.14742172743956
43.72709748407532,6,7.063634936734591,3,138.83588075225703,0,61.88271517000568,91.11154290775542
37.19086369315825,4,4.820811881107794,4,128.1141297617934,0,60.70562307955481,74.51080170475326
134.39685268507714,3,5.58949666713961,4,147.38860202209187,0,18.790771802797984,80.39030215939529
74.92477097631874,8,7.443853091854522,2,66.48744196663944,1,46.641240628289445,98.23815419660762
94.4971627558577,1,9.71842487236423,1,92.3162211791644,3,35.65038380553729,91.6193732082096
146.6386287137273,6,5.902340436775345,3,76.8492186553892,1,23.111352547626005,100.1051339173486
3.0345555265296937,4,6.015328108532145,4,71.92942829450843,3,90.5183033583677,30.461886566733895
44.03300178550605,1,6.926695496480024,1,50.4087892520589,3,45.9776967066834,56.66952630657822
39.30689665999586,0,7.783353968961497,7,119.65532687383153,1,33.10133074950662,35.55265373186866
233.8834484564226,9,8.809702564093275,9,83.62293743975475,0,7.341595578225725,89.55513706545328
36.62847433573675,4,7.03732593205147,4,78.46450287738425,3,66.3314295397989,89.22754609993166
185.5512439347928,9,5.433445608833409,3,77.76194266213749,1,25.286688590087508,134.95695247248076
220.3123601666885,5,4.122757125043016,9,95.47323083123518,2,3.837866429198282,67.57522198933673
231.57375505629105,2,5.778523036690441,3,73.86028503381013,3,0.6548505197332193,46.05208402029566
193.1275531294296,4,8.981956182588682,4,130.48265563725934,3,20.458388935190744,121.71056950605993
14.062176010465452,7,7.035610533420464,1,44.01134539498622,1,89.47364327209444,126.42875133415123
10.486885060012344,7,8.48169073375105,3,154.74457837628944,3,94.0915541499684,172.19307617550422
163.31702862830952,6,8.829310679169,4,27.334622723696995,1,28.75659677444888,131.04119116402683
78.76603431992288,0,5.1111762521214645,9,96.56596949182725,2,12.269706209918958,37.54273120577871
221.39805571742565,3,7.753901819344033,7,99.17954844249914,0,9.02941883803993,92.06957060309868
236.7337614647178,4,6.432453087389626,5,80.39166530487522,2,10.35665557268649,104.40110234027156
25.01230800385502,4,8.658677018676146,7,133.11567123827118,2,66.3544543481875,60.981936552884385
40.535527237849486,2,9.330329932727778,10,120.01712539158277,1,46.71621766842199,53.260617431354156
82.10834972844759,9,4.755122782014381,7,70.42817482030357,0,42.86624094162087,96.93040500622959
122.44951724931764,3,5.345769020258608,4,99.34344392553903,3,22.80097673728785,82.82756098777453
49.1656341282705,0,8.681995184045839,4,55.18590172787434,1,37.9341129082738,50.72180957825949
16.81283427129034,5,7.593595932861646,8,64.11358402291202,2,78.33903943443424,68.8700252889406
186.52945575588765,4,9.564271108580384,3,24.914767634658816,2,19.032616814217075,112.43378923694922
4.585044066631848,1,7.896912716161432,7,103.80247823336822,2,97.83282397685832,209.26678801204082
8.71295078873653,7,3.3494573996436534,7,107.40891949931078,1,88.9335482005066,74.29140069568665
50.38884353544965,1,4.971020000988712,7,34.665205928653506,1,38.086726408130886,52.199954749570686
46.21740098822748,8,7.365381631080849,10,78.11183423445206,3,56.29879579049911,80.44845795885026
260.0866411658499,7,3.169246306279192,7,69.91327434396591,3,8.889904700319684,107.46254591383347
136.11871805318387,1,8.703544011451273,10,74.81517224513803,0,9.90157832661238,58.86275887506182
360.171537028922,9,6.191470970235919,9,60.796520894156686,3,5.504629343425382,124.21503941777151
92.79191612901002,9,8.565985057580656,10,61.91979026515754,3,36.55056748484773,92.19509361965537
4.5109274667814425,5,5.16698546566762,1,108.38206180034044,3,92.37070663819976,56.84111956066721
32.42791003639765,8,8.240090429024729,5,171.09242527331278,0,72.70458581378752,101.72960111151797
15.121590938073648,8,3.686832117303587,10,57.53104298894944,3,82.29972669477365,77.6252808174901
259.66335148565486,6,5.343998656992868,3,167.6197224151181,2,4.594068711691152,84.2952226229921
121.28547398860762,3,9.97713639206067,7,53.500090627611776,1,20.637595596204044,76.85753459864566
232.776289676416,0,6.758308893642953,2,79.50342249326161,0,5.674543783798565,81.12990065040941
17.355817989522347,4,4.769198681239171,4,37.930657271920296,1,72.53827110907572,54.05855723014595
239.9950321092456,2,3.419486537613184,4,106.80355612612529,2,4.349635495326119,76.5515312540917
99.02345423303493,0,3.7271165319516735,2,94.43513650821367,2,5.603549375980043,34.36202583798332
43.967689610460496,4,9.329179846834087,3,130.45845126104985,1,64.97224445358859,101.96351664006842
175.6200212423422,0,5.152235211234682,3,179.05327043226978,3,5.683415812053967,61.242479306306194
21.58921111434083,5,9.247796537723264,7,51.490786677297294,3,84.9807980190071,132.65679189208578
104.989149219265,8,6.555259466718944,2,66.55009800680482,2,33.88917736040757,97.02580709135961
288.57847545602056,8,6.621007374375486,7,29.00606310976932,0,5.517907137621361,99.60696891392254
71.19816878501811,2,4.798901564976468,1,97.43455850645492,3,41.315418441516805,80.54688961658384
14.031940296760084,1,4.548550599276094,8,157.72384138420998,1,75.2385263389576,49.320233754213156
156.2804939534872,8,3.66279762309546,1,135.68853660240185,3,29.474370953027915,127.92584738081172
71.65027741384712,9,7.712125129461849,4,142.63262800956537,3,44.39877466901095,88.24378805718412
203.4347009980164,7,5.400081176691904,4,106.97784559893636,0,2.627123930824011,55.89970351682567
74.34446175212524,1,9.436714402389828,7,135.74953285612906,2,40.0440738380296,81.23395467338415
11.756959040920304,8,3.683922477707525,10,110.92093850595776,1,87.37498961465819,87.11368436456041
66.70729364712432,8,9.874280613136875,8,116.43012034528095,2,49.23287337812396,94.13841584310536
435.7935605287501,9,9.316422394993106,2,30.40046743487097,3,6.654354612496722,160.8154422326886
99.70696479369316,5,4.911083968780222,9,164.8041262533429,0,26.53935625743317,75.16309993883745
105.42401902227492,7,3.911361219092567,4,143.55501818316944,0,41.95746175483536,121.38437792440929
118.90400750706546,9,9.908395999527484,3,90.6072296680813,1,42.77034346087631,139.99820426369135
331.3246645997993,0,9.2051150797808,1,33.53524785914186,3,2.3685150228014225,88.5206778075585
80.94488828192412,3,4.188064078235111,7,30.20808795169336,0,23.525176698474706,55.935971811170525
42.43748694597276,5,7.511603771043575,5,69.50661323561201,2,59.45551586135425,81.61968920061179
15.87837330174896,6,8.56989322870041,5,60.28827166773115,2,98.2728067839091,911.3543221043954
204.36852092587952,7,7.641441343904344,5,125.79933357471585,3,7.803874789796845,80.12724170586309
61.70144301265074,2,8.294322505361114,4,91.2391419610198,0,46.858754900023584,81.39684953730853
248.6306863948853,6,8.89574709639464,6,49.25986106752474,0,5.955537191140536,88.1403811012008
46.90404616624871,7,7.155292515985688,2,127.27301818411392,0,74.15591686150053,156.86954924131513
202.8667849973799,7,4.13839807421002,5,144.67779903146786,1,13.424527946274386,101.02491298740358
297.0764831451911,0,4.829011522357865,4,72.90986612784724,0,1.71541425760168,73.07227753531859
48.78978686788666,7,8.052972123731786,2,126.26027548586592,2,64.89518085044747,112.83567456355571
214.216338350026,3,5.304704351345039,10,172.1826867002618,3,1.232310952262012,48.72673924338768
53.57914631364397,4,8.930102199021754,7,110.14977845070256,2,43.88140563364443,65.04853547357199
252.2106470101068,7,4.80418042918063,10,51.836850837973714,1,12.75234897002935,122.46477050694557
46.41447016758383,8,7.35815657593883,1,156.3027633594506,1,70.21882966985682,131.27983819595093
19.69455983324904,3,7.010011261329776,6,76.5937198173003,3,80.89855835723408,92.9101819584685
334.8196796857155,8,6.786807541401268,4,23.605536860209227,0,6.85639297842226,124.93324365743266
152.75126591460767,9,6.700800975751738,9,31.649291983900493,1,14.98541847528157,80.4761944635857
465.0151297949689,0,5.303956938892562,10,154.09393361666037,0,5.3545869843432055,158.85914553153185
36.69219916074516,8,3.508776209128704,10,165.6506375375278,1,68.76275157044074,97.97440966221149
142.8432480618326,1,6.51678969490475,8,138.69201751705126,2,11.404033934342404,65.78990793444066
167.53324884477826,6,4.447887267004929,2,119.23858568677193,2,12.886061272257258,81.76246371571276
223.2603283924096,2,7.272883025323997,4,178.87563904487374,2,3.9661141689918815,69.17688506157764
39.04840706390127,1,6.662281472627512,10,133.52336360081677,1,46.98700404153608,51.699261121383564
85.5711471548846,0,4.584130003058641,6,107.73479999520804,1,9.653991339613125,36.60329928211408
124.88842035410326,2,3.2225240468859635,3,176.13106605007633,1,23.03267591592321,85.05900606061266
121.58828361227468,5,6.246464181526459,6,35.34626537414377,2,24.144899824516813,85.5594532104246
154.47568859034328,1,6.0887211350182415,8,15.503814136649376,0,2.48940393988999,41.827885520773286
117.8883255403972,6,5.42648302374235,8,22.636248300108623,0,11.889942152855108,55.360216001761756
164.19209761729832,5,4.711552481410976,5,65.19542257742619,2,9.668494037026944,70.27875897103188
115.00342028895084,2,5.416921460930002,10,162.99173866409245,1,7.672395060116203,44.79126305847581
36.45340130353161,0,3.790085923527755,2,61.302467933167,3,42.07163264155842,42.10389171896268
40.977617943550726,0,6.06330940116845,10,41.61208571647453,3,10.644957985724364,18.292894807033218
32.37692772410613,9,6.311245875585902,10,144.1216524120097,2,70.30589876287559,91.8978053828316
252.09342452089012,5,8.764155657327015,1,175.56989920745372,3,2.1833739635169245,65.91886164080293
103.89105870092745,2,7.691845807793142,8,145.25902863052764,1,23.12123148368356,70.94353959060724
38.18209498750116,9,4.625293484292044,1,29.38855060991779,2,69.47686253756859,104.84505525499488
12.760923284745129,9,9.72598903749346,2,141.67355567052758,0,96.69665570539158,379.886974262743
77.04507507654934,4,4.093708799763418,1,142.3854866772779,0,41.100168772210125,86.64948041394665
80.20061111435166,6,3.5104190834890376,6,111.34347048841092,0,29.41643955895171,65.54391115486683
46.9924269938681,1,3.543535407473035,2,152.5509343011352,1,53.94265213355431,76.13207917200278
95.0864897104304,3,7.298218389140555,6,138.04628458560913,0,25.22830995871103,69.04317035042831
38.87506237860391,1,5.555358942792639,8,69.08491564297233,3,37.48349177499903,39.61710787334607
111.62524188385991,6,8.66711089566687,4,153.93133529539,1,35.70283807019281,108.38033439065612
95.81783448348,9,6.061682697450928,3,131.40065965839196,0,47.54756642363724,128.88449494473036
7.297881892967729,4,7.152897650915946,10,53.60847264538735,1,92.07384610911726,88.37427537057927
106.63947124882776,3,6.1477589561961015,5,37.47473032415056,3,12.981646537600604,52.2324229170386
128.9719682575155,4,3.478462003953964,7,156.50857994480427,0,16.901960014980588,72.54824957267816
104.483312868371,2,4.628162458746953,7,96.5303712012455,2,20.811842962280533,66.56480539508458
81.20498294302236,1,3.0348073972564444,10,27.26767252001484,0,5.240353514408165,27.538490222654517
48.22989252020457,8,6.2670072568273145,1,92.49305328084856,2,60.51533629949052,96.02319436197938
75.422708626602,7,6.852068662281907,9,114.53881024591506,0,31.59365903770573,65.45895559653175
23.202486200290057,4,4.484877791053579,4,141.20766196589926,1,83.19117797892062,126.08068087748347
4.792504326912402,6,3.370810342322706,9,32.67742011993758,0,93.62639771862744,72.77047227945161
14.44707502748589,5,3.576054787125832,7,45.60136885604775,3,81.96989270169111,72.66476273091484
28.686039926520674,4,6.745516248454503,1,111.28728050629483,1,80.53843426962067,132.5384109406614
101.7206479302922,3,6.734560102941594,9,176.89362695488202,0,23.82395364535381,70.911231423214
15.23779825748033,5,4.1733537952878095,9,168.10114237163825,3,79.92588396179111,68.00450275852025
115.45957231955704,7,5.72415231559436,3,46.717496874015566,2,28.76229368672989,92.65638228499364
28.884043467847192,5,9.900212914070206,4,111.64043918164182,1,73.79928696195762,95.06924281636505
1.3798238564945016,9,5.872363160350396,5,161.17048337956035,1,97.507434508986,54.66476251444627
35.5532072413224,9,7.913674737792281,2,83.2564959396696,3,75.09040327280066,124.1047447019023
106.84709595786757,5,9.372877627046812,2,161.09375034175696,3,36.37323630553028,105.64935470489452
1.4958836229860544,6,4.317222522370426,5,164.18562982164138,1,87.22146800347939,10.941244774168263
67.81332864454738,4,3.982264638374783,8,119.04834489647736,3,36.21294378925258,66.76159532431069
14.336099547969392,1,7.582424181419666,7,27.612657826823845,2,77.98309179484409,57.64921155898007
434.68183262793497,7,5.265043228276583,3,170.7122833469958,2,4.385304585808619,139.01317258024207
75.50793189132162,7,7.552150101150793,5,20.91999216976155,0,45.88365923112063,96.92170226584827
77.84457624117184,9,8.42379436658235,9,52.840964105935086,3,41.69891162260559,88.99623549506059
19.87739560755555,7,8.680829044343131,9,57.86415666379328,3,76.10079422217119,72.78125134700906
370.700832790888,4,5.776261595340413,5,106.54920956802414,3,1.777043088973573,91.98031099918823
7.926925960221581,2,7.852920991861029,5,163.14754204826846,2,92.02136226817714,95.33348889854449
165.4248929238544,8,6.505286923186902,6,103.75335020972727,3,19.474954414669742,101.11293023942534
72.03229276359417,3,7.773110604477368,1,126.066452736597,2,43.17458974637343,85.76109485134704
15.334033059067036,9,9.098910353321765,7,74.91361581698067,3,80.03218833645624,68.84235016787237
92.02193326889348,1,6.767402739868743,1,99.76993172166118,0,31.904546703357827,80.54988519160678
43.46343221485172,1,9.990889372889008,3,17.4053156973114,0,51.83410134089424,66.14211225740668
15.721050092108635,2,9.160746670444832,4,76.70784738098945,3,83.50494644620306,87.21110396635268
18.487961025595407,2,3.009202434014385,2,107.431746956336,0,79.00139546431069,78.43697394360436
144.86522652430793,4,4.053139855412514,6,151.47838268574438,0,24.802787318419306,103.90457363304823
97.54501816553368,6,4.871412985111974,8,177.61523047155842,1,29.613476906675665,80.15593856534554
1.888050133728376,3,9.684227970064804,8,176.48950413506176,1,94.43279470781188,32.96074965849209
33.63746921854278,1,3.9056665174727887,4,165.25175531301372,0,52.10552566245243,51.59918901633527
103.1533319475888,4,7.864756881730472,2,88.37832442720203,3,34.55612119224226,97.0776786045941
182.6384421389569,5,6.9727505051942416,2,61.08954873054432,3,9.92641556241434,79.06526203463864
157.08250626116958,2,9.790451759141147,5,145.56104450165228,2,14.675132089612164,81.85576412649695
180.4967412712685,5,6.024585989964475,10,47.003198931209496,2,11.778955800707765,84.38939812717778
72.60158417765138,1,7.744323460538698,6,69.40609893321681,0,27.880242562598514,56.842024806155734
67.62647595209965,5,4.904589103045844,2,75.9577016162048,1,42.64513144656612,79.34985621393588
59.99330291281122,2,8.880059492467993,5,64.98265040477659,3,47.14787423035985,79.79092690686515
27.84468361682256,1,3.65774656787268,8,22.609347148436804,1,46.00491515943301,35.86282411907836
206.6654008441556,6,5.1424091704760135,5,121.33390136003128,1,2.353708843476149,55.12285839016991
331.77294299447504,5,4.410125371520557,3,78.54918975107292,2,9.066879097948842,138.20751025556106
68.01187539514638,4,3.4998084076083487,5,82.30238555119607,3,35.77433410305045,66.16330737634712
48.21267366783695,4,7.572900960829206,10,106.08600939273047,1,48.22949817173069,66.11727398586244
19.42209627879573,4,4.353650269153386,8,132.5930951118374,2,80.16945260647059,87.8718010913501
117.98793123038114,5,4.797191209390846,5,145.87930100371648,0,33.80054565186863,108.77539093112739
136.68445117964262,7,3.1374258997135733,7,92.6923919544322,0,12.505505613113638,65.7452491433849
575.1858656439451,9,6.717021908200738,5,118.35644456346088,2,0.6780980810086099,115.18383612593036
41.74909525275499,2,8.450209510903896,7,125.29103938014156,2,59.58234970047083,80.62615749287357
276.165722866536,5,3.416683378102757,6,32.13218936413641,0,7.366296436742549,105.8814071657544
95.19075478382943,7,3.768066608729841,3,95.6345667023998,0,34.75216057766718,90.06357582030773
93.61244004665691,2,3.6703752033973887,3,146.32646668351703,0,26.735314963904845,70.96233783349045
57.6182368637872,3,9.348274741436796,3,54.80740165616217,3,53.13203504291253,91.1118515773016
131.9480794779121,7,6.427509482733113,10,116.34459475282311,1,29.56989136523014,108.29498907220625
3.835512018430492,5,6.0690022440782645,7,146.28181967737086,0,94.71147705736443,70.59008131806618
76.35764191794782,3,3.885894400959668,9,86.6978806268913,0,17.765237799327792,44.190327997478434
109.6056010521838,3,9.063635360012457,4,35.83873544559515,2,28.959562923229328,88.44370202711323
125.7193009550169,5,8.784904501942172,5,36.464941342135816,0,24.93549479980465,90.51861263616127
153.19426916298076,5,9.017507373957772,4,132.9049891553057,3,15.854388018399998,83.17982464332867
53.32247059120913,0,7.195041075540989,5,135.49262254516486,3,25.725280719134226,39.27423436811567
46.63865923304905,3,6.765461218875201,5,46.60618967988435,2,49.91960610865922,67.12951824232283
150.50220574473013,8,5.828209652299219,2,56.37985370963438,3,24.677048018638192,107.5556142097689
578.3019407557539,0,4.686717635968964,5,38.15541009972912,1,2.9671447804039266,164.40381647131386
104.94674787457922,8,3.333782009748343,5,87.35878981738357,2,26.06797106830457,78.0584995436045
227.55158509161595,2,9.469517335704822,10,52.04859409436848,1,6.073753307201064,81.23379923332355
132.64021841065136,5,5.426045915130454,1,37.08227198282911,3,13.334989983986588,65.83363879090582
13.046497876630347,4,7.220633414834229,6,74.60125192092782,3,90.32690878252949,128.24029587258292
41.83599802004135,7,8.218269267449386,10,47.87344391569323,2,55.57537191637096,71.21869090453397
165.29282735870348,6,9.213964622266168,6,98.61603717161776,3,19.37608505011635,100.71887415827668
167.1337113679676,2,4.593274050492408,10,97.54104975745562,0,9.14667434972826,69.87838476805288
142.74499558992392,3,7.305513380129574,4,76.32902159619293,3,15.681408499463268,77.04724516258062
35.95254230016097,7,3.319933772470113,2,144.6340486339825,2,62.25325814262786,75.85575673195557
23.956596810497764,7,3.3498790055428627,6,63.80978553365486,2,75.68342548760846,85.98582559528847
15.624717750556613,0,8.449451696173654,1,99.26085793241823,3,86.45531147044619,107.3549917806247
7.224916385983496,8,7.291097727363803,5,163.6367810035201,3,93.119604192159,101.35190462837588
159.079681438243,9,8.799770031489345,10,62.0300636967499,2,14.514382031739904,82.42341721684409
59.578777455486616,6,7.399468010623434,2,173.84178097522883,1,50.18864550938925,86.4235386287714
106.59545477279195,2,3.5843036117898337,8,15.065959834029156,1,5.965603726547963,37.811070547205595
80.31947032625636,9,5.569524655215242,10,97.78227415325128,3,31.856725325355026,70.214134786759
55.80594244787,8,3.9594755977831366,4,146.33087440766184,0,59.13912677221161,106.2408900622316
116.28680123661243,4,7.292983427893291,4,102.76951272560125,3,23.351537655055875,79.94927018455898
35.930345780306084,6,5.093450167261902,2,149.9067063034294,0,64.42971748012518,81.73507159795614
56.62092146607117,1,4.388837547957328,10,167.15311560332458,2,26.06216174172353,42.107180086301696
27.73184496737841,7,7.760427198147856,5,33.149604201467106,3,72.84973364600035,87.54531780882152
141.06562684902335,2,7.8375152462319875,2,59.76315443276122,0,17.883445255122325,81.95320823579993
21.274381265377865,5,9.687899153222675,1,43.05927859180805,1,81.65265086676558,104.95713614845582
134.51258458894387,2,4.709431312315642,1,19.867877293145646,0,20.95723914655586,86.07780438762299
163.61329428360557,9,8.719594628437546,7,110.77129088568044,0,20.878977729916937,104.44997068516474
108.9579128937482,7,7.280439340676403,7,60.62380244898081,0,20.53464042866414,68.82753837079439
84.92784246929529,2,3.708057405429,5,177.0120404172191,3,26.42345871533752,63.81147717110909
19.058130111961887,6,4.494481757376971,4,155.27290529499928,2,67.07888142284347,47.72874026915154
26.133735475698185,9,4.041997627649582,4,73.83453102467557,2,75.85074020532794,94.54948684973255
66.18464321741497,3,7.596353646311904,3,126.97876787261076,2,43.95319827401344,80.51221018541317
25.63416111344849,9,4.678681693982169,3,87.35187549218274,2,77.85210569579246,102.38951483360952
377.02095356266807,6,9.18849076591012,2,101.39297014349022,1,10.781372117870315,169.26881503765537
30.59610443974484,6,9.137935987760194,3,68.89672224832026,1,77.96865028347733,122.9433874767157
117.54537431173642,0,4.522390477040847,6,168.37337622920708,0,2.35360992620538,31.35195521196622
88.09878751779708,2,3.977916998043315,8,142.42804600293348,0,22.997503248289583,59.93993384554403
211.65492708491345,8,6.897765976177296,1,22.810332358911605,3,20.26262289547896,132.58328536481812
89.82981703237658,4,7.362802567711919,1,102.9073304792046,1,40.64247711215212,99.77139479258987
44.67488955253864,7,3.985835824052685,1,122.1871301940402,1,71.82113348334461,134.97295556093678
80.10113250910179,1,5.978503141228797,1,158.57966197422414,2,29.860785582453456,66.27464525895215
48.66729652096237,4,9.204070213259795,7,156.3171045975782,1,66.2999516757701,118.41738286848049
201.2748045777628,7,9.230738314098929,9,107.6188644357026,0,22.266293679114263,133.99595307000234
667.0631202088562,9,8.352637886604713,10,94.96978381726014,3,2.979029185195269,189.85322754211063
113.99448612788018,2,3.082987052471708,4,146.1177761558443,0,19.23917925777908,69.16211993309606
96.7132120633241,5,5.566960535245707,5,19.62454543290298,1,29.197113198210705,78.55835024460869
90.65213846214026,5,4.978379241660452,9,125.88486022104247,3,21.474210903546016,58.92940865747662
90.07023229814264,7,3.597581455285957,4,15.324703487767165,3,22.85457380517288,61.02241031363883
720.0,4,3.1934082906589056,5,43.90865676161884,1,3.7829869955336446,219.87040436829128
17.592697227946005,6,5.982701077866022,3,175.07088121873912,2,83.78900711132647,99.4677426515931
4.295248053704874,2,5.052862600199811,2,39.194297693317765,2,97.1318845934952,147.60051026583537
94.02404080020466,5,3.5246080888894777,3,166.49420913455288,0,35.84866163758286,91.65351860140264
242.64841674096823,9,3.3024958968499885,7,114.70380472331796,2,6.914741044609332,90.82803080671017
353.9801903573257,9,4.357476570238417,10,159.06161492088324,2,2.4784179066624983,95.73371890920387
121.70310476701076,3,5.903128454590981,5,64.641617227984,1,12.354849433049896,58.1999194338572
225.31488766847363,5,5.899937933129178,5,108.96063303937213,1,9.3881566991964,95.24152130760076
119.76182888263516,5,6.028019855023454,2,44.144706728689776,1,34.4149284253794,112.27533746179604
14.32898115222347,6,5.134542463883626,1,90.84815965213927,2,88.28373195610172,114.98662304852208
70.4695649857533,0,6.830722294702011,4,175.8948534884101,1,36.12049309078082,69.20248097937339
219.6284775064325,4,9.382543582566214,1,40.10205672570976,1,13.549990362214343,109.88102719195746
19.578645946887395,7,9.991913790292418,6,33.85487174381113,2,77.13240232103198,75.40493938249128
106.0456979504468,6,4.722658952668109,5,56.874038286728506,3,23.43884024303658,73.0958603294745
147.49928073519115,8,5.531517294285137,2,141.4352621413533,1,23.66330166887224,102.34158810770721
98.64686727906457,7,7.721087499568079,1,100.02833080742258,0,43.48994341397918,118.47474625368237
52.87492866814848,9,4.187627568797032,3,26.833301892176912,3,49.459027688563104,75.10370357664893
25.66877598317341,3,4.188876033108736,3,164.14620333733416,3,78.83579115686909,107.94130560177399
168.87140944981442,7,9.841722602457686,3,69.8635422052414,1,17.45847363740499,96.75531407869288
178.60486830510916,9,8.849166145254113,6,164.5369600234201,2,16.43406821482857,98.9054799579972
352.26042014639364,0,4.561088489883146,10,25.5125967779817,3,8.78479086708942,144.83509268164573
100.4141837401034,3,7.583679100212504,7,45.022958729533926,2,22.615270166389124,67.54870842422096
19.05091871245041,2,3.4649148313700446,9,95.26590606450782,1,75.24398963236703,66.97830836119682
27.149587903773625,9,7.017400162623837,2,80.0331455822858,2,80.68916688190188,126.53265536769716
148.65787872250212,3,9.564718756627933,3,160.52458994159198,0,14.871480450921446,78.00594985821122
50.0104486708132,3,8.087183956605237,10,113.82724414223262,2,35.764226686600374,48.63779066953071
134.052254535325,7,4.839699921870592,4,61.0662666731951,0,16.870052105931542,75.32590449297183
7.721293610612858,9,6.7115358477197,6,165.52932470495296,3,88.84331990319367,65.27106138124755
145.83668783746234,5,7.151741685785152,7,44.95283623665267,0,15.417565087329402,78.00160156880523
60.43616765801276,1,6.931427732990659,2,100.4603762348001,2,41.368329581876175,68.47091576208796
215.06407183117844,7,8.531979147609892,8,75.87455435672398,2,0.8847287865674858,45.49074700790239
76.30805597798367,5,5.458948607157992,9,28.972543906821603,1,27.19925582814248,58.60921245700111
317.99955457564454,4,8.943956453127855,6,81.67534864677147,3,0.1773214299966503,50.1975521186385
9.055294914870416,5,3.567104249818849,4,174.27414362420694,0,95.36660364798765,190.87191557564222
50.81179075716672,4,5.4947545083880325,1,26.92316654650995,2,53.75038618792169,81.84634073878581
297.9035593269698,3,4.538315198439014,7,163.74023784255343,3,7.478379503776268,114.88077926676937
134.9247388439463,8,8.91096119082231,10,15.47661127656339,1,16.53220757368732,74.96402987927196
245.59754474909903,8,6.071335544561408,3,57.194125503426704,3,4.362438853943006,78.41208561504095
37.84242742030275,5,7.222321763831631,10,150.66577511653426,0,64.88988933872835,87.50131956194573
27.901355252796424,1,9.527471121596175,1,56.22802136777283,3,67.56957732511349,71.17468542407549
19.260050927844937,0,5.790440343918741,5,124.62021547679385,1,62.47219309878832,40.93975270586892
120.17813448379988,0,4.908413562072539,7,133.90180501079158,3,1.3734126705972194,28.027456810566083
244.641245808116,5,4.86022463330663,7,68.96569185791122,3,3.66779046097952,74.00855208517883
16.538133592493615,8,8.227393112336003,3,43.08778556883553,1,88.59758663384976,136.60476644502052
382.4205710425642,2,4.30744114645249,10,172.99372946986935,1,8.278684256971976,153.49094881904566
67.95688360137278,1,5.287742143762125,9,33.398629667031926,2,9.347285612957211,28.672771956623045
93.05480389701115,3,4.003944217781564,6,141.1634889989289,0,32.773013578629204,83.41497215881472
56.498006896491766,3,4.647278856718248,8,159.44054077388253,3,47.32811686441811,75.52546810636292
70.57345799729,2,3.7997391728063934,7,10.226718713434645,1,21.150493287954315,45.42847887380351
126.78579105991102,7,9.798531529725476,7,152.48252935291137,1,30.503836637372853,106.78337317979539
28.81155505057979,5,9.177845201250438,6,117.74403132265036,3,68.7046930916597,76.75862428288308
23.40415213904821,3,3.986855358930799,5,41.714845073254665,3,65.02311061618875,54.374211387988026
68.17492323116784,8,6.357423693396688,2,106.28642250728656,0,52.96933234811159,107.28485987373152
39.49726039836349,8,9.493984916297038,10,122.05208514593733,2,58.33668759839952,73.28707023825713
126.52122642860672,7,9.72642202090643,7,120.8205220601092,1,31.796784570612346,110.4212538111085
238.5565289189308,9,9.572245031555136,9,76.7675312015807,0,6.567658423767366,87.60756726942236
6.8318784262997045,8,7.755859903165909,10,150.08497971422366,0,86.07870296830944,45.57376024877445
93.16994955761864,0,6.015016351256072,2,123.38482002319508,1,19.91460008567445,57.736236672966506
124.02034444157113,8,7.733674297100776,5,179.55479155834823,3,28.13232529568835,97.78849280495025
107.38993921890932,1,4.801878611376938,5,79.03296970239568,1,5.529928663203684,37.09503097058726
116.46853593917751,5,3.018252243748436,7,154.9640940973531,3,12.42858444473416,55.85562358834188
184.93887509986456,8,7.334455475208761,8,49.54735268963852,0,19.554949074060936,113.32443175169243
10.503576291093989,1,7.608303160462033,10,83.33212758596034,3,82.06844356277901,53.15128282707246
53.664185582875085,3,9.136756630958285,10,116.57576748336226,0,46.37573427689637,69.8394278655619
62.2063453235046,0,9.566196891551272,3,103.66817156435796,0,45.34208674795345,78.64917252273956
78.71770395972652,6,8.113266908010594,4,126.76918514053136,0,43.58749652828028,94.79493958853068
125.6514901098748,6,9.269000353581534,3,152.8614559155042,0,27.451023174591548,97.19579393113429
121.69482824908496,3,3.260227016347522,1,44.94719330922913,0,15.642361922629776,65.59705254011578
385.44839858144,9,6.337899627408218,5,168.69037463108484,3,1.7165066192280565,94.82407692221082
157.35673436978783,3,8.002738096477946,2,145.47496617624705,0,18.753033371062656,94.01084689045126
138.96969866942104,9,3.755340020560833,9,163.48059199355967,3,14.40812555204946,71.73081784636334
88.23201829159926,5,4.416015593107765,8,142.35278964185713,1,27.60990114821164,68.55657367457094
156.90241797638728,4,9.39027186214364,6,11.36990911224098,3,19.57461717536204,96.20387910195163
263.04095215767904,4,8.724763274443193,10,145.95590943118265,3,5.400826482884817,90.1251670745536
268.5749360428862,1,8.829901650067862,7,102.40113660003418,3,7.858956470880338,105.5919832159839
51.13532769598316,1,6.709294230635053,4,49.941255681676765,3,45.24169332549761,64.47110435103957
89.87062990670606,8,5.336894450403701,8,95.60890216045826,0,37.213849084727016,90.91715851977362
67.23761970405657,2,8.554091139604926,3,114.84109623041292,1,42.93083110085219,79.51657337860055
103.99709960978542,0,9.940553817949514,3,50.34340735210776,2,15.517226090019244,55.81580922571201
130.01063433022196,8,6.118035727002211,9,15.749618887158274,0,22.018836643557663,85.91359911586197
124.93010915145786,1,6.862256180576859,6,64.4764881637094,1,10.881261452652748,56.322317128606485
81.97224833471714,2,4.3603250029163245,4,134.19224735441844,1,24.565203653945723,58.3914785849449
333.9037530679083,8,4.801393917326726,4,79.92886230985506,2,2.687720165414633,92.32846350546039
193.10078284805752,5,4.838883423278311,10,89.73245319397394,1,9.236208752590134,81.06534265804599
151.60032626607892,6,9.584070757147083,3,69.17293324317606,0,27.12120863187558,116.18181645479858
92.72851291297329,1,8.098529119157057,6,146.49807303362695,2,25.68725512542728,68.22410466121205
115.8361489622158,7,5.778524357431609,9,70.5910353768239,1,17.478369729355897,66.41196241487269
45.60212342985056,6,6.0033359578048096,2,49.153494816273735,3,60.26248427611077,90.04084225058968
92.62073008240934,7,6.373352981852015,6,124.26527677850922,3,39.00577938303537,98.3798509923525
260.3362331901606,1,8.417475397638839,2,71.01890924301821,3,0.2683746634874508,43.97169327028652
111.7715925476661,9,9.574568953198447,6,106.92048246955964,3,29.93193741709645,92.66083816770028
2.2327484581344232,4,7.786114854573773,2,62.57224799627404,2,81.45606176635242,10.88580427318082
97.79576875002796,2,5.282493516289863,5,179.96884229165522,0,24.30801534955949,69.14469398731904
66.34019284844533,3,3.2349142715307577,9,33.95293847243144,1,25.275274302500545,48.23536051042178
223.80271841130224,5,9.1159642277474,7,79.34901307923037,1,5.9632129053402165,79.3750291276341
246.9452758005989,7,4.270409874010891,3,13.732095319093522,2,5.172437787501664,83.37602171184832
129.8201991105348,7,6.802946209426739,10,54.99813239414552,0,20.64637167556063,82.28808449468059
77.47173074087367,3,7.507596137351372,2,67.3847331052765,2,50.667789569189225,113.94915940845631
88.01193988183856,7,6.146373756297996,5,10.241097422765629,0,41.45683848057658,99.95480636865399
97.68828950521863,9,4.412597069395332,7,52.44578093768526,0,43.02853087773596,115.83956354228606
1.8876617999182908,9,6.298656811041534,2,53.251483503240834,0,96.97298714199816,61.41188176287559
340.07347209202914,1,8.905678627936087,2,61.214777635071634,1,2.5850556129313857,93.03258659347405
172.77323862242065,9,6.3082924604389765,6,147.56082057649687,0,16.563041834535838,96.09209544269726
350.2574220759054,4,9.05618410700281,6,90.7037234959822,2,0.2051776768608249,56.593091100124155
37.118039026550974,6,9.854574805796275,8,169.27935205555443,2,70.77827737215591,107.3961244747096
15.62039104269225,0,4.596622053389575,8,46.29237922876797,3,36.79129802944408,15.621815199741224
45.28041162233596,1,3.7154792044443576,1,137.17874099718904,3,40.83414356066721,50.55583163430793
85.76603391622055,4,8.65361721102346,9,67.83829105880663,0,32.7621966450946,76.85852468299642
98.10110801525336,2,4.444042705506544,10,41.61374808988241,3,5.8138544302372015,34.482827836207264
19.328810367829416,1,8.496694151804508,5,125.60966872533254,2,70.2512494113031,54.74155543681459
11.969425266280908,9,5.549107387287179,8,32.22245422151639,2,84.92650945482718,73.2595158010477
34.345719644394926,0,5.2274475719726095,10,107.70846741141874,1,22.18508985245795,22.80971298259243
9.536132984654472,2,4.287631924931688,7,149.27607478441172,0,82.42181267576264,49.32821059134104
456.5068200950996,7,4.9749949010519705,5,93.02028544780406,1,0.4507033968191093,84.50518652664329
170.63742457385564,6,5.720886684786218,1,148.41585272508755,1,15.237507565303243,90.696555730164
36.65143447355971,0,3.7514778225226975,4,144.41211942775385,1,34.71417036352787,34.6414602348075
148.1829206643553,4,9.506432959372264,5,127.88239314276647,1,18.3565098727864,87.41396417534781
217.88786091159287,8,7.402024097411515,2,31.29549100251907,2,15.919894427560866,118.57193370586437
198.3524141794124,2,8.95409128875573,6,16.227378774435273,3,5.041439081012727,66.39458884667809
192.04726573568388,9,9.228304704812077,5,83.44867467568807,1,18.756709781746,114.749717081257
1.1142347722691288,2,4.220873802514905,6,148.96910856686335,3,96.72568994575371,33.4693963179498
80.41095715420754,1,3.849132931956145,4,52.01970658106799,0,21.46008717274492,52.24967068976204
18.46165012294629,2,3.2431950214562884,7,11.258587969631527,2,58.5235845695751,34.46006978687597
17.66423017560726,8,9.950324436294853,1,83.34564869236176,2,94.88113854552871,336.1717729349096
16.454487568588625,2,9.862740635524856,2,37.397826942347386,2,81.1035595469634,78.56295627276289
155.91040792895706,4,7.892895757221399,5,33.02796453457017,2,15.564907542725107,83.81598102760663
12.144378103478113,8,9.086213815765213,1,58.09063225165435,1,90.35798312996246,119.77789211706337
89.15260928589011,2,5.167763950460191,8,151.5932928801814,2,26.169844606656827,66.50388583178905
192.38437606589665,9,9.32731404398605,6,106.75971450338912,0,24.28539109177629,135.93233075413804
123.66239397295844,5,6.692641227059463,5,44.18329192495822,2,28.526876192365552,98.58891435954733
301.5661099370703,0,3.0941083078839138,10,13.025659442561375,1,3.051175028469981,86.41745706715685
41.46731265182933,3,6.870628255045247,1,18.20150093321209,2,61.87879689463999,86.39156601627343
15.714231317885178,1,3.860129059259069,2,115.16148345518724,0,75.8760322161222,56.92132180569224
88.64740442480887,8,3.253766222603564,8,18.14727991252409,0,37.12520894767174,89.46385508574427
226.64769493697764,5,4.38676100270102,4,28.44972439484103,0,9.308751697550132,95.4621536889722
160.04159195253553,4,9.539024905322789,6,18.127880829421564,0,18.69664951774535,95.44318040516154
164.4137331346298,9,5.910568075586984,5,16.6187302391931,0,16.744383888125384,91.99992384798534
28.360044666174016,1,9.862254509094782,7,158.41107235244604,3,65.15537163451242,66.20062286479832
136.38353287616653,8,5.001492917577918,9,156.47754306174306,2,25.845344202297817,100.79787896856143
162.97299263231974,6,5.991905841313966,7,42.26241188330812,3,4.451442605718667,52.370190273416796
54.10674240738557,7,4.91368742679645,1,143.18965374451366,1,65.5449301223203,128.08320615309336
4.273007267817884,0,4.559418981877521,3,126.54806650861752,0,84.05363254474332,24.597787214847504
94.55712678309736,1,8.209160337371262,2,144.25104156579334,1,31.055727204545544,80.86042631292682
129.36124725922704,2,3.216279857999208,6,42.18911301707597,3,4.297414090688794,41.104164435491825
3.309521596084863,1,6.485566373769244,10,58.79052793656376,3,88.44483052996017,26.952430363408016
9.118874258118788,2,7.563815997460725,7,44.284143927474254,0,86.23921714189139,61.59522183253258
108.8827000424408,8,8.599637038046676,2,151.28434925062118,2,43.25305646278663,129.91576557307582
160.2325509663946,5,5.357949978547636,9,107.53283322248792,2,11.830106221417182,75.06716316441573
38.74283057003873,2,4.517303979253895,10,69.1762430763386,2,39.33735623248433,41.52520276640425
21.49347340703154,2,7.239572902751178,10,81.22892650273928,0,66.1390921770641,51.99066975885635
108.14976625000568,4,5.863054157153913,10,12.564965135818138,0,6.773239506673612,40.17165874361282
136.6861804835767,8,5.690862516406295,1,110.07759246177878,2,33.17096246545496,123.86657046910447
2.4623473706475223,4,8.757752132394302,1,34.939097891722184,2,82.73287504113058,12.99027467377256
169.00212827940487,1,9.749020571058908,9,85.77777553930711,0,15.104984589457704,89.41223730742038
28.384785578144623,7,4.926805051110215,2,113.24518068381342,3,75.86807927175698,102.77857384395325
107.85956979849372,2,5.681439684941271,2,105.70685576759516,3,17.531908908695776,61.947401731149036
118.8685613171185,7,9.80509556674325,10,41.7750340143979,3,26.597495574609905,89.75594121140988
13.874758942442334,0,3.289156993450254,8,103.78980794118996,2,58.36358284539276,25.766618293195076
210.482873834502,9,8.480892547032205,6,12.668139008215904,1,4.668408328486288,68.68756387546958
34.41826316033148,2,3.7735094585938302,5,41.77462092060314,1,52.27257711977232,53.057428492099994
75.57467836875682,5,3.2207423969185687,3,119.82174946093882,2,39.67648859537982,81.75437724375237
17.179185167284935,3,8.104648566278525,10,88.00302773247314,2,70.92794261121828,50.011351520933474
3.506912386817425,0,4.999542095026387,1,89.4196026699159,1,97.62210799196664,145.719395195749
15.099995993857908,5,5.206963591727458,6,126.7596067186903,3,83.87754907561968,85.88707729901203
98.77081837049232,4,6.284714621093777,6,118.17918129539962,2,31.555312857959457,85.63239304666945
7.435920073440236,9,6.258072794202262,8,118.69645060351029,0,90.40587618956316,73.72449285852292
176.1610280206743,9,8.82742632093614,3,151.5055121716957,1,21.65745536056481,115.15144149873866
236.5596527938609,2,7.901117844511945,4,25.737931398856787,1,6.938516455875997,88.66280531467007
48.5191193950682,0,5.174924664907687,10,69.34403150509033,3,6.052786436663718,17.299518398861554
52.1494813474592,6,8.708006458080977,7,142.21890321960754,0,63.78403987524253,115.97350888454213
9.653288694713227,8,9.968959626999174,4,63.581839326173856,1,83.12380218365355,52.225361704856546
54.51106135526111,9,6.933286721009985,7,144.75907659542418,3,50.48188394975498,79.74634038334965
20.01605509341565,0,8.067967689013166,8,89.5984886957475,0,64.68756143919767,45.950407551219286
32.44918774458741,1,6.206102370211621,3,167.42126099255262,0,64.39296342047083,73.7203710182093
4.749297813578745,1,9.71120307835906,6,159.81304093057514,2,89.05413533374637,40.96844975699329
10.063615724484873,2,7.400425119319948,8,129.2546430961832,3,83.83703987144153,57.08386593726478
218.63496649263533,6,6.627294596401769,7,101.70384043294914,2,13.197846735245175,107.96167378217883
146.40697256495986,7,3.710896224004252,9,111.00304927554522,0,20.30019264942438,91.8176966539755
270.12909805326,8,9.83125336527129,4,56.22101472614919,3,7.33463885346227,103.39624355195525
28.12083498502372,5,6.033568640877844,3,26.25093517145856,3,75.22008638934503,98.75557114782876
4.92923957106364,2,4.227720096539608,10,179.24337500572676,1,90.06959527794467,47.130278346579026
91.57079018081204,2,5.097842361121952,4,145.93116359014726,1,32.53710606502222,81.5565420728858
19.73783818359256,8,6.021308621606444,7,163.2249736076712,1,83.85595340871033,112.10241305152567
28.199883997954867,6,3.425468180405824,3,87.35554525073906,1,75.60504214610688,100.84092739830487
83.21320689055828,5,8.393064656874849,7,128.7883141100321,3,35.63444291474677,80.64408643527177
80.57036421321813,7,4.73111259179406,1,161.84512005364311,2,42.89985986511809,95.2028941930063
3.3696574634105074,8,7.673250608089022,2,135.43192257871925,2,93.46182978684205,49.83441951217646
175.3389367352912,5,4.651440773313686,7,21.07333057405231,1,10.856741546917853,78.96784521697343
9.083167186812828,9,6.735449418659298,3,95.20956353532937,1,91.4855239563746,102.0701755570102
15.641963756478305,1,4.2692809927301925,8,146.8662354460952,1,68.5011411200047,41.345878522808896
27.44604156830813,0,7.7492803155323635,9,77.17534844459824,3,48.59251215648845,38.0296709294605
2.3862874757152546,3,9.541627528830553,4,159.25006587993303,3,98.44405945157308,152.16997527637065
56.95576150368681,3,3.154932928906826,2,72.92777045818414,2,35.26246697562836,54.641631254533515
42.26255181184808,9,3.9665855962140633,5,135.87899066060413,2,56.87005526381535,74.88032954166141
33.01329753286063,2,9.731052797272412,7,87.9019631288296,3,59.63842066300608,63.871546401376456
47.09022890433102,3,9.878147304074115,3,130.671064687951,3,50.02210677539071,67.98019243274254
5.513900992551706,3,8.044692262743924,4,41.676690978549246,3,98.178922816089,300.01699315027673
188.70759900970745,2,3.660188560239233,1,54.095283576501856,1,9.798172707861896,81.23533736596922
47.84848326737957,4,3.15427442567344,3,171.8499311105258,2,57.19342854696291,85.63775390024726
346.6452768968282,8,4.805795877611589,3,141.789988752848,0,15.52671161130487,186.1074462121434
181.49605136129563,4,7.945707426122337,8,39.29574339792326,1,11.01627628757418,82.28141815081794
43.58870679705888,8,4.304585721713199,3,109.64045929693448,2,67.62567180896053,111.4280551318953
27.78236469505383,9,8.806662158505283,9,167.22828342367973,0,70.33261627970585,78.94185375086042
43.50079291519347,2,8.661761699879563,7,11.786359676929926,3,53.96389820695735,70.5202988200755
84.15965594094247,2,3.8180997035428126,8,15.37455191611116,3,13.145578927799896,41.476660129511096
43.42897283912231,0,7.1546182447970486,10,54.56227857572281,2,11.276555909125577,19.899235259109872
4.961241479112669,8,3.551133577844372,9,113.78604958710926,2,90.1333827804344,47.75954416585375
94.44272905541304,9,8.794038234537057,3,43.53901248190164,0,43.147958507617766,112.36024667916156
17.190887941649027,9,3.696231182165329,5,41.14922218616645,3,76.13375977331168,63.044554372422404
658.343681465659,5,6.185627662744855,7,155.97042841344725,1,0.5298657101744954,125.630869767501
5.261313216333683,2,6.094726223454453,2,76.5774325121489,3,89.08349282726087,45.51461210491027
18.87816909943836,9,5.440885267531456,5,177.52753207079533,1,74.07377386959223,62.90444943916493
82.3701004610928,6,4.177335490997782,1,38.80934051103472,1,40.64487592218518,91.49209961909212
91.1178940850372,3,4.365211622524081,9,117.94213120528916,1,20.33405874299109,57.20349192299244
176.37701417394032,5,5.547437037631329,9,51.36992398571178,0,10.1460911580176,77.08510455868188
306.62751214040696,5,8.367067040679407,3,178.87134535930636,1,10.72321271146715,137.33119413175996
94.22454363662432,9,7.840739575538837,2,146.89739350583005,0,41.92547356082777,108.39420443228809
10.073189202725064,1,5.65713639628314,4,124.28649792429268,0,82.25638109352117,51.57031458477712
62.34880950725925,4,8.021072543013997,9,45.6556289695562,3,37.189579084792,63.03324999594342
32.226694630132734,1,3.5032959306024725,9,64.1794515134352,0,36.10505428665518,31.63395893925566
174.33313183813792,3,5.422016890805935,7,66.21947402788287,0,7.873652969795724,68.59058658702834
4.006393310271254,7,9.346781970538048,7,71.47034529145265,2,92.72456529861677,53.03899457469035
553.671963730982,8,8.900693597645807,6,27.58397833028959,1,5.318738578067098,188.7131612133015
29.942340407315072,2,9.368630302651331,4,12.133193862114515,1,65.15510118194267,69.89348578838317
341.49253517501,5,6.2837208246604295,6,97.5455434469579,2,6.97300953496185,128.23008945117718
72.20805293491212,3,6.082514381983366,1,20.1964762725578,2,36.91659609035917,72.46101597158165
177.91375022284183,0,7.280721162303418,5,66.92555647795604,0,7.048164631644564,67.0764413684112
24.3366498737299,5,5.348247658278533,3,99.229127060949,1,67.89340721913007,62.84784550350643
168.54934143739155,7,7.579178183943526,4,165.07398308435424,1,23.645712044397648,116.88675294401597
35.64811466600315,1,6.098235208466534,7,122.1133290849008,0,56.24673898477406,61.95124138493203
73.58842646971509,7,3.433797048855872,10,150.704093046763,1,33.18731035792139,66.71645777204067
136.65866307618063,8,8.399195432575098,6,75.75093992988594,3,18.71841803701218,81.5550180882702
29.76532401096121,5,3.297296373418879,7,81.2199431536217,1,64.93380793833526,68.93284321238201
253.6211123761703,2,9.877841330777196,10,156.0827984695713,1,4.314808349204456,80.69094786736513
329.8160821425721,4,5.907754009781589,8,178.45597071506708,2,5.1279265160274665,111.03166023492282
2.07562636649408,0,8.375562861326078,7,117.28118228850836,2,93.30715078717252,29.962802810900232
103.7785117858373,7,3.061758122512388,2,152.4040070073813,3,36.317106687007886,102.45871068993625
34.844639836025415,7,9.287547867366984,3,68.8878843596849,2,72.9079909997201,110.27764097933442
18.214500360014192,2,6.250592241274287,1,19.622419152929105,0,83.02630683314315,97.92074656347592
15.318278576397883,5,8.454421957355756,7,107.671411469455,0,78.55037003751382,63.44808668728268
110.74737527772268,6,9.045875213018846,1,100.47992410503863,1,34.23476429757241,103.31600405885669
207.3619235134441,4,4.529067714920762,9,73.08898284201999,2,4.559716201562651,67.15284347138046
3.5439956915352933,3,6.615587238372022,8,85.3085615715741,0,97.77961991026925,157.83348891867186
186.7104354420933,3,6.749421569930624,6,78.83182645992127,3,7.678785421031896,72.74313138615352
125.54124060480513,1,6.489814148319052,4,116.5128746971085,2,7.981151889936055,49.65858329345752
22.468690710851657,9,6.884600224757957,4,78.8714324672662,2,77.70652141817683,89.07981408346144
137.7687955708396,7,6.91576671246929,7,61.9958783591232,1,20.317295949204112,86.44600558954876
171.891367349146,7,5.600037654527126,3,36.82614909436319,1,18.024578202434952,100.3198121439862
25.693659153851744,7,4.885579816418858,4,75.10439188093326,1,80.59697120251103,119.11253317425341
305.9006679163511,7,9.961535729543913,10,109.3397408869592,0,8.527139479299585,124.25307746628114
84.6276673171057,3,6.301569609298721,10,147.30255320314282,1,28.26950939775615,66.98478740989435
63.04322536067186,7,5.151055502696051,2,177.97473164521517,0,52.741799719782165,98.54170310360456
114.07256514987128,9,5.604841372056201,9,165.63784388183842,0,23.837726825629154,79.55402014993724
143.9066867045829,8,6.642424358101019,2,100.92926128590643,1,28.84685023418092,115.75790833159546
93.5582507206372,4,3.433825251926636,7,41.98521925291445,1,16.290878012879322,51.55960664554264
53.043838094187855,0,5.36190296080504,5,167.2919877816981,3,24.185181924372444,37.36981460432825
73.34378708329464,6,9.664541309618048,8,110.89262091743392,0,43.0898140555957,87.11868418840115
26.56028290805382,0,9.108285224143096,4,141.22166487529327,1,66.79202916564282,65.81064305038429
82.61387001585572,0,9.189361298598584,6,106.59872866333244,1,23.65627611760807,57.30938496044535
312.8122284691556,6,6.552921743773682,2,21.09338215125101,2,6.490504757031307,114.38087258436647
63.297826314079884,8,8.169916486810566,2,12.871870362158138,2,53.7775361814056,102.04153169221821
54.18117014284071,3,7.716865728168838,7,152.27960361769254,2,49.808888386852736,77.73741550788193
288.50759789662413,8,4.324463037140435,3,169.8592242039326,3,6.421471471986509,105.08293287234078
100.37687595672232,7,6.903933333346698,10,115.10909960247088,3,27.29089485728998,77.29520807980961
83.47574616946,1,9.972553902347787,7,163.98517851488788,3,20.822029100485523,53.197772700119096
54.068674004619645,2,4.5334663141866525,4,66.99213206905628,3,42.18144288357257,62.63822136142129
208.2916085447229,3,6.375513907922706,8,127.71485992808208,3,7.008344956143159,78.3620135808357
42.26934348259879,0,6.164058015909568,2,123.8637905401612,2,52.327589533911,65.26607970002381
68.42712278239937,9,8.159874761282342,2,67.55961523006751,3,50.26868896038515,99.48871427806954
131.43443879681462,3,4.724599332033391,5,145.68903644503368,1,15.407705011239624,70.27442911690362
29.122845516855183,8,8.109118088498485,2,70.34422526764637,3,79.49387478540875,126.90234152754282
75.80658910069741,5,7.520354654850558,5,126.18696638157856,0,44.17126526403811,92.77565365476508
59.42860416139192,4,7.831475436896275,2,49.57128820778684,3,53.21625974670463,94.21055781143937
135.1640156684844,6,5.21271107247977,7,81.3842831087395,3,8.088307559431687,53.74847567664077
14.568228799542904,6,8.419508907164511,3,149.806485800868,3,87.83297541681172,112.29377570221608
243.61392443748804,2,4.425219010142584,9,105.97714796320892,3,0.4546139792796134,45.168252932589716
11.6949485703803,0,9.270204115870188,10,77.34073405878097,0,75.00168597057024,40.655513847032395
17.711080367786575,5,3.5383744711473426,7,131.6323105616462,1,77.81487648448729,70.60776888662998
41.42547351192492,0,6.545876711169924,5,21.783764433123864,3,24.104793373733955,29.116287315397226
307.67529100262266,6,5.744894984907518,1,142.7314499308222,3,5.793645452324673,108.01656190979394
46.93709867928818,8,6.590851893400393,8,110.1100258845033,3,58.171738716103896,86.63649158597808
85.97195172175982,4,3.1282204505100752,10,87.84625842393555,1,24.698257409381,61.4771500512647
34.49882852812195,5,7.073722478134347,10,105.41683752555608,1,64.62962092706726,79.03559636584465
292.5541516561734,3,8.872167563535847,3,70.5380029182231,3,6.328146595187391,105.99162946135611
79.71752506465779,0,9.710016901905508,6,160.24531729300114,0,26.26706960269567,59.63068282188054
72.19808014736869,3,3.269002430512302,4,143.26510469982972,2,32.20708030627212,63.723837480109545
65.7780667558618,5,8.009474652468715,5,32.55594791534441,1,39.26924234159545,70.371299188962
83.94925784627705,7,5.812966370156547,3,27.64292779003421,0,48.37525670816471,115.60364934376403
20.69252125003852,5,6.021562338157727,5,124.15443390551847,1,71.75673556391561,62.347817792125994
21.32975065911833,9,9.213606446323697,10,102.57725555310182,0,80.66300856649997,99.25888102732186
53.73673869410734,8,8.187749291407766,7,87.39493905378103,1,56.47510027023956,94.04887542306308
189.20444518080328,4,9.22025943304816,8,155.31231887024848,0,20.721193849495684,120.20512340437101
78.02490186555221,0,5.790402731508525,6,179.51943174488986,1,10.423510863958452,34.5074014681181
83.09854624810514,3,3.5831180817825747,7,47.28579128525625,2,25.23676708024857,60.353302961268305
35.5868493136904,5,6.527760458777754,5,140.83828435454012,2,72.63151207309917,111.28843787018647
226.6604988910209,0,7.946813959223805,7,163.85452156534373,1,0.3710847826316957,40.50043871831592
38.15791663044854,0,9.472532349914092,2,26.98927411666532,3,41.89430978993039,43.858657330704474
124.5590345551466,9,5.564122016836373,9,79.0274645468511,2,17.19223830916649,70.74355310493465
1.074328875032619,2,8.01883830744714,5,21.20081368358958,1,92.93239819194984,14.657029546215325
70.74215209491626,3,8.361707199138621,6,157.95593587419603,2,40.02075848959044,77.24865959166019
162.95034131611837,7,8.207035014201988,3,157.15838983785676,1,23.666463152074364,113.07270505646504
69.23176941439091,0,3.76985465035792,7,25.65368383101536,0,6.56248972044558,25.417345712035782
167.9484700371065,0,7.324183504374986,1,72.08688237277751,2,1.84397050719726,42.05810049103487
324.53612669956624,6,3.5412028081785816,7,48.20899224957706,2,0.207123262067806,52.51723882668991
9.595555344364934,4,9.18048283226404,9,89.88128436704473,3,86.50693930266867,66.20110244365344
77.10913908829787,3,4.480435205258451,4,147.27478438163232,1,46.9542105769336,101.99657970124194
111.66964800423628,6,7.476279076444726,6,121.40543213505094,0,23.94885884241869,78.13166781810055
107.82942423496988,4,7.686490035854862,6,89.19819391430481,2,21.484174873555386,70.11683429378445
200.62254841705385,9,9.179639754319394,2,31.76273108458418,2,14.857755196238964,105.22263422384515
104.96215248932306,5,6.121467719659399,6,136.5199939343306,2,20.355832067265325,65.93917116945133
305.5142106753321,5,7.694060355788547,10,28.642851037685123,0,0.4403597536460704,56.31252225865407
109.0475167124484,9,3.2497209145237265,4,84.97591699375549,1,26.71445334492647,82.61391786343735
122.71398769526516,2,4.449794314847108,1,68.20490022156201,2,13.215791078648106,60.63669726519383
82.72743128087006,1,3.202949214992859,10,120.67566066054188,1,12.91066724779514,40.41169100452173
148.82134261181687,0,9.457799381969783,8,179.90804142168835,0,3.5882583851916703,44.724627534518355
4.298311332866399,1,5.614654725756934,5,129.81332988611356,2,86.4603676180842,29.544896426386348
162.9845871645806,8,7.763883933511373,1,79.18797509432126,2,30.68294749279368,137.95147844528998
35.74062219709916,5,7.769849420269064,8,134.7561779349461,3,55.11134809733985,59.986153425750544
20.77465374559769,2,4.371851057441674,2,75.78195969491917,2,73.20464580234736,66.60436399582515
22.250817566134064,3,6.377304160930458,7,61.87691619133925,2,76.01250656850702,81.12674023898046
99.22926992662688,7,4.163507113091685,3,98.62679457184484,1,30.24064591260929,82.96877721528537
1.2748021539366228,1,3.6142923903899726,2,46.399761380199045,2,88.1608508145182,10.116900120182093
207.962007154144,8,5.650944502957641,8,165.18597729394585,3,11.919985283418928,97.77457844472521
111.78823040185154,7,7.458292805158362,4,12.905898420460412,2,28.371361489140487,88.7356107192259
61.54228669442703,8,9.965665298292269,3,32.77977580496402,0,51.38309292552238,92.42512593848046
15.302853150900276,3,9.004606560978136,10,99.50765480867716,3,76.55698781963416,57.28513876362252
25.653806053269605,9,5.845768197209091,9,178.76318533091674,2,70.31461087249119,72.84069489287121
75.02756853372917,3,4.033247734103121,6,12.349774696574096,3,25.400341573533893,54.748361355774456
74.77449005406822,3,9.83555033210438,3,73.88513338896973,0,47.81402713716553,101.34088914233912
189.01156619368788,4,9.246521576925993,3,102.40184041419704,2,16.098459839234586,103.48595364767779
65.9443029059703,4,8.656103243439485,10,171.96628843149995,2,46.262485770675845,85.5487596896689
38.01763390108789,2,6.619103067207012,7,63.87793055798015,0,59.08247841584575,72.24448700652135
183.33651284731988,1,8.601107656653575,3,31.82330775053633,0,8.614431763876283,74.77838805550782
214.2428787113328,3,8.867780560717168,9,60.65276292292104,1,5.892344181522918,75.66365790509285
190.2621074912704,5,3.0038792920967774,3,172.22029538128743,2,8.729749246403083,78.02636585711612
167.46974803571854,8,8.465653534248652,1,79.20444537861543,2,17.831321611561336,97.12818918643825
41.97345987954216,1,8.93619531860097,1,101.19316745421366,0,58.92574556183588,79.36110429329136
161.0950207038902,4,9.234750169238296,7,175.63095390528738,3,21.26026489818633,104.0443471052757
143.53437554130136,2,8.927293868965275,4,127.59677114385308,3,14.595985956180645,74.58564389607605
29.59225703354316,8,5.229019562541169,4,48.81442954548026,0,62.89482823148753,63.8168176037271
68.37120694583001,1,3.4737147566058835,1,128.78357702965943,2,35.73731142183598,66.4459420789949
92.50591679815116,9,4.19897845404506,1,135.58716493605587,0,46.7423620297011,121.63519590327067
105.85876028752132,6,7.683077173106771,10,18.602235810706805,2,18.200636830545484,62.13412874906226
7.124492674395315,0,4.335012071608564,7,128.86284365683397,1,81.6716898681092,35.18915165137507
47.2677025307181,8,3.231934235352476,9,83.41498717546627,0,54.389362013698126,77.61507086220178
60.03840297027569,6,4.064814821061878,10,132.37115299749212,3,37.38388499583719,61.01894961168678
2.689812943461237,6,6.949525839233559,3,116.80362094770074,2,97.29196476941492,97.97604283658458
124.00822931444029,7,5.66935071985599,6,100.43535196488196,3,21.43437318988575,80.51570981355115
314.09541384987443,9,6.590507814538981,7,18.37154823940915,0,4.1325485750035735,98.57759515648279
209.749842135694,0,9.031600088479337,6,46.43105939540487,2,0.9855626013943208,45.40322102314481
61.62856222197176,2,7.370803412305142,5,16.888319324743897,0,33.095566201236586,55.73357394116704
1.619456380027244,8,9.592748882753089,1,49.34422717878219,3,98.10984584233589,84.8662309496391
119.9247098335291,0,8.781815687084409,5,34.55206563666201,1,5.559488592975902,41.50126356404516
303.49492479536264,9,8.615549232799111,3,126.3563382387435,2,7.217032883495852,115.45322448454114
189.79911923474145,6,9.525975008495465,1,84.24011956721368,2,13.51756987753625,94.84360784896235
40.19890623061888,5,5.1700129694761365,7,31.11055832101829,1,54.35789909894414,65.94522466182632
141.3157460720099,2,5.4329499681321884,4,78.07568849682042,1,16.025876929352563,77.18100040515125
52.74855014844037,1,8.538117809630478,1,46.69728760211306,0,52.35918280950548,81.52249880733669
21.453530469946188,7,7.647972122217254,2,58.52612382397714,0,78.1799516605585,87.15387072640307
5.023192785920988,5,7.168518204009654,9,157.47725125926982,3,94.00292303177642,81.22320288989265
109.10312922101996,8,5.280318977495282,3,84.48079900374674,1,26.871010429298188,83.02358225641233
26.993440314799376,7,4.6654691357148845,1,107.38722067436494,0,76.59071152207686,101.21488390509921
241.56219230862885,8,4.596856823242297,4,129.48394022006437,3,0.0669350224029292,33.049046247316696
204.105121751181,6,9.36423910451393,9,150.78128261567318,3,9.97410221043981,88.54201336197315
113.2929829958804,6,8.536222602301667,5,141.92832300779466,1,34.77466704836434,107.25647868652345
126.91605747745372,9,6.560045453081006,2,159.98303096824156,1,35.95236204147892,124.06560061975217
24.273826959493626,1,3.6249675339540457,2,114.39104740365772,0,68.14271356383051,63.2846238942045
25.39774611844067,7,8.70551793477827,9,66.17605017972136,1,81.77532896540632,126.23473697131212
82.83884939886377,8,5.503739639140419,4,79.26406097024444,2,35.93845820888442,80.94773192515999
73.89657063139175,4,5.98239427055201,1,49.9228461610495,1,46.36849773217216,96.15064945535946
130.4505847019134,7,8.360966128259065,1,104.940226684357,2,30.810481464253225,110.80344459696715
24.714873355636733,7,3.735833908966777,7,161.9763266201284,0,65.7440526800201,58.92898436773637
202.26400338132265,1,9.939905323426624,9,178.25289137927209,2,5.764760201604172,70.88509620310238
7.597200547999368,2,8.530387140162857,5,145.58614393086873,2,89.87208898123693,71.14632118682383
27.595144769480004,5,4.061779938566739,5,121.17042427058747,1,78.14151034828535,111.88032689358761
576.4062950558887,9,5.910522311040772,4,136.5277596800079,2,3.031896616040003,164.87680008851072
146.67632002491266,1,4.696954665042517,10,93.49355106829056,0,2.0861285897357886,37.902227194746025
174.63746040872684,0,5.991308781818055,1,162.447731984221,2,1.3847471683971593,40.80645701991003
43.69048211973931,1,8.586326079857743,9,55.42523704861674,1,46.88412807213388,57.67789027978905
15.504200142018846,2,5.252792557183559,6,158.56423059347838,2,78.06961460569617,62.6257072154819
129.35743233558884,7,7.029039879888941,8,91.98699811271838,3,25.79120181041663,95.4571047404016
189.95117081113472,1,9.595828215609927,6,77.74372402642477,1,1.3700867763365858,44.27460623695917
40.9048176679044,4,6.190303920030191,4,28.90681775037661,2,58.91062892210962,77.3030741319562
112.62500277099798,1,7.271742848028634,9,10.613094138098454,0,5.760972809578655,39.4612767206863
16.64617065184342,0,6.987624892803471,2,88.59709954278595,2,69.28838314896537,45.3706504262513
407.9578019949499,9,3.5918200582868547,2,45.70899643048189,3,2.6907734149981595,112.84073713927214
77.76887357539945,4,8.02231526486488,9,55.9004217906032,0,31.79763219598824,67.87427342948466
712.7184724215028,1,5.162056407085104,3,87.38116904682448,2,5.844138359411819,250.98097959839964
196.4806934695496,4,8.894054682870264,4,132.10934656474132,1,12.428922778913478,94.228839083961
236.8413316931621,3,7.434012380782751,3,151.85649274911972,2,6.773770139937759,87.97602016339746
275.5413145498751,3,9.28137275898138,2,80.6773389304682,0,3.919033815431262,85.06133570998124
18.55953611299805,2,3.261230645025451,1,141.61238359143522,2,79.51896680666209,80.98425728160677
26.662795258012167,8,5.767047485654702,4,147.22171657992894,0,70.13300821405154,75.15375320237146
13.933504959664834,7,8.021158886334558,9,128.1308045872376,3,80.55569579142062,64.44092512012553
87.3350606075553,1,7.356039630863491,7,19.416424103559663,2,8.008175627026334,34.592153959815384
126.2441105454574,8,9.37759592101834,8,178.2616506656152,3,20.31889451872896,79.21850395335763
106.01324192814133,1,9.050993399654724,8,149.40472978512224,2,13.011809832509464,51.984787390347414
510.5747520814177,6,8.522840314966057,3,30.044073009448315,0,2.2085645626860773,133.90974687092478
114.42453946274443,5,4.240653384406475,3,55.76964035763375,3,21.142295626840102,73.63725828193859
88.16939121797641,7,3.852873779481421,6,115.72013744733862,0,33.70416580914874,81.07166863687084
83.46859438664306,2,3.834714379234829,1,169.5808387908946,3,29.603142887854045,68.56921380498167
65.07902522177739,2,3.764379695977427,8,23.27773168355518,0,16.71325602820876,36.377970403307714
4.248526164044655,3,3.002168123405041,8,15.838375340047124,0,88.05255461276545,33.39082389599496
160.82863190509468,9,7.949237216236855,3,140.47613821721188,0,32.25824595882984,142.15054915219454
92.5934045101765,8,4.896632323825932,4,132.91585324463526,2,37.31919961135935,93.94029634783868
24.38774471086553,7,5.683461439856558,10,96.06279486454557,2,69.48977027569114,67.00102254675213
101.54955231984908,1,8.254824529421054,2,82.78540513869984,1,26.91546912757472,77.37291471113558
146.4581769238307,4,8.857774260820989,3,26.26280969120308,3,11.63221124571672,68.07600372295255
10.825911925476726,3,7.325811327931151,8,75.30723112572188,1,82.75020193685233,57.17597221145411
262.9190486928716,6,3.749074708230946,10,103.80431080851426,3,11.599449537293491,122.04879671036288
144.01257767629133,5,4.267564916155587,5,103.630173483266,3,14.994628934644323,75.8968317768205
5.879682721525146,8,9.283936585308062,8,68.98472972290314,2,93.4296926299114,86.51556318329041
124.59269573852087,8,4.753822412517898,8,67.98226712691172,2,12.954346148683909,60.96311967230965
114.43001121490694,1,9.16243737096393,3,51.609055629222176,3,22.1055439922198,75.81451400862964
81.74030168274693,9,8.74590564505082,6,86.77823639614799,1,50.08099311614165,118.20233939512993
158.1892125192572,3,9.29495154775433,1,125.54489747340872,1,13.00287360755047,77.54373899301478
57.746321323348695,0,3.4541154648457506,3,44.89766062534912,0,20.720443130875285,36.686473738599915
102.57891332710405,4,8.696615240821142,4,60.61237416994788,3,32.73086850677816,91.84650564752536
171.57837057296143,5,3.510719047390684,4,60.84363598141992,0,15.402711481174224,91.72240390884235
74.51775561806727,7,5.374159137296271,9,110.16415414985502,1,51.9560571755558,113.80720218751134
81.75275338797502,1,4.105624606952377,8,78.11805337077297,1,20.15304069312036,51.03757492398611
41.33607417811029,4,5.09960279769654,3,169.1975863603679,2,62.24024280558501,87.1759352617596
35.57164612823975,3,4.276193265155476,2,167.30576915690784,1,66.15259778717596,86.08694930059188
52.32298405856328,3,3.2329988448441984,1,74.87388255741728,0,47.2903561109162,69.86982696809537
23.884817580250104,0,6.454618907073407,2,69.37503399409862,1,59.59333225297141,46.142958093266984
99.0819271778188,7,8.980960722293329,5,135.59189980527748,0,36.0141913617233,97.01957045662876
60.836195767588165,1,3.8710856753266096,8,74.84974087895155,2,13.994968316209352,30.93671593215115
36.934890220751605,1,6.430902029356176,1,116.38080056393302,2,56.16198245309629,64.01969407531875
27.43961718786376,0,9.698833327972174,7,138.4714027121844,3,61.19557512782419,55.87432243119903
47.80100015229909,5,4.839761183486721,7,28.004077149712234,3,37.76808620250226,49.09183458051686
180.96238053976447,7,3.264313977188805,3,50.48075214271742,1,2.529588824971553,49.213162623978135
40.71856910800479,8,9.03032368639886,7,178.13772039549582,0,71.38819198355732,120.81309615172586
4.7902201456760745,3,9.21854577960885,3,32.923881628183054,0,94.42213574913865,83.46108956296395
22.741937378688498,8,7.930039816671524,3,56.54565853832507,0,79.5850661571803,99.59519445714353
14.217249867187649,5,4.815741251945991,6,33.16714182778385,1,81.48807234229044,69.44948875888518
177.40340564366812,6,4.211592009742812,5,57.80789885165795,3,19.279536377897823,107.77025069239264
19.669388229373507,1,3.589193055921427,8,92.35233004184784,1,58.103928827503765,36.22776078612521
25.31291710820168,4,6.10128005989208,7,55.00401431982301,1,78.74128515447093,105.91064415424981
57.59193142599821,5,9.187132783901172,4,75.81225185628837,1,65.79533363679393,137.57526406547098
232.2405831441821,5,5.259826726055283,6,40.19536930738438,3,4.05652779819946,72.46551472506373
469.44525427327454,5,8.01020827300327,3,22.53066917428145,0,2.243966179703137,123.63826541383563
401.6839663107888,9,3.746776782372146,7,107.35399914249057,2,2.255889450499877,105.93976873433081
403.19007888358175,2,3.002311114816335,2,14.97992985091301,3,2.326625273125709,107.20998052557802
28.987761266704943,1,3.567590388864005,6,65.16581270540162,1,50.465282050625326,42.386921019294775
59.59838743821068,5,4.455201103435629,9,177.84364336376686,0,43.9541293477342,72.5020384610852
116.77016024290351,5,6.42677679465908,10,107.11367327716424,1,20.625620925423448,73.96901454188969
145.5612354914187,5,4.14427556674394,5,52.05388932056584,1,21.082698678226187,93.50523790787081
28.3148003228722,6,6.001330553924528,4,137.55311452455237,0,67.32440242006622,71.56573921582407
3.7367190558359207,2,9.268117196366957,4,156.74184922256956,0,91.41043326507976,41.60667595425996
4.553212599450422,2,4.061946308527289,4,133.88927891815888,1,94.2041419039418,76.26050723909626
117.61616648068562,0,3.358258149677466,1,139.50822646889682,0,17.031804450563516,66.446517784875
23.019989308542304,9,5.526194387460149,1,73.93474118205233,3,77.98044993526115,92.55679779810868
6.582332830739642,8,7.400476429744974,2,44.55922442411255,2,90.6696027536702,67.2023023669993
113.37806426406549,2,4.874261658776792,3,24.436457633946407,3,10.873471466415204,51.097803806012244
9.536275858797536,4,3.4887141103989334,9,31.251839415273423,2,78.92125530490493,40.285113283457726
33.477705984643066,0,9.916056299935718,5,34.412463361300944,1,53.14094572432089,52.95241578209232
350.63918073427834,9,8.724445187801397,8,102.08341700434194,1,7.571074422176214,135.86267776410364
254.1399614821732,2,6.073371279659765,4,99.7386153412256,2,0.680567002349981,50.9298602956196
93.75085766463415,0,4.178898747635987,5,65.81308650221884,3,3.48834001038437,27.937426677129235
226.68916082032564,9,3.325141721000331,8,129.12530688683137,1,2.7071817255821102,62.807620488207704
42.30094364562695,8,7.756863035996295,6,164.03829197651856,3,81.82407418881084,210.8734893226845
263.4930222213738,5,8.025449263749035,10,85.03248525436423,1,7.377467590871973,101.08144555166355
19.30301507821329,0,3.786832978945642,2,42.70987644081368,3,59.10700532175931,36.710258429607244
70.54833640448128,7,3.9317107701902985,10,143.50009334285446,0,40.28219966651922,77.58869500063757
105.39446301933675,2,3.393889609502974,7,142.2432540627963,0,27.88281908626067,82.52255401742279
112.55435810183272,9,5.948608135798472,9,118.23127508878392,0,33.86317221261081,103.94346067617006
528.496298691091,9,8.6101028810968,5,121.06778715119783,0,3.912430432415815,163.06523848568824
104.63277755779586,6,9.020843089781897,10,52.41220971023293,3,23.512122984725533,72.2774749123464
15.771069800936775,9,7.69708732391409,10,105.09835970270096,0,89.12387402251477,136.96948906260482
38.470983827602126,8,7.736681289661183,2,101.3505888113908,0,65.85093926959662,92.08508465308933
51.44396035724332,6,4.880725321054298,8,175.8177411928884,0,55.03325756117113,86.13724187472637
23.30318566857284,7,9.5551249596823,3,49.263710731106194,1,81.68900491624622,115.21926688597654
12.84394403143276,7,9.237816721173632,8,65.42398688725743,2,86.70803994227401,90.05484652348153
110.7695275580149,3,6.534235699952728,9,146.77498145966712,0,27.78777478253784,86.49990238586126
23.746705075448904,7,3.3200863033359087,1,172.02263477775065,1,88.27402614804325,190.39360890858907
150.41997295386795,3,4.153409613383202,10,118.62246280084108,3,9.89509456139279,65.02872931542568
159.1130257181434,9,9.000383110571878,9,61.47151070063772,0,14.438171774198194,82.21643363617616
230.0240920710616,9,5.371211459705705,6,78.3954636489724,0,6.763475200752273,85.3954724355702
32.28692911231652,0,7.851525790793409,7,135.21472450487357,3,50.66449838844984,47.48463625465873
45.322812443125,6,8.507576963452031,4,121.93234251350958,3,59.43031638661487,87.09799918828853
24.85890478195217,5,5.613134843786673,5,20.82952742233548,0,67.24112245763946,62.63500318548748
159.20670245936225,8,9.525593887291244,6,136.2173955081251,1,15.855638692475171,86.44809550792823
28.58463294666783,7,6.861964989043514,8,164.2986798626225,2,72.01218617802118,87.05939923980002
23.932800840580725,4,8.625937968116322,10,115.84045265022895,3,79.08651037278783,102.00323339766148
147.5299848397345,5,5.242533793446143,10,135.11904245777953,3,8.250442570015835,59.13254527442856
47.27979236865687,9,4.775284389843626,9,121.54329749394338,2,59.52674869881663,91.14274942599572
145.08619239904712,3,3.001228611005464,9,117.86161243949164,2,4.217810851725819,45.8284541168291
137.56019178369442,9,5.9063834739933645,7,156.445638876184,3,20.935776602699523,87.97035957401432
4.4226841720488,0,6.538821565777149,5,64.73712483830107,1,85.13431383314418,27.480326768456777
108.31564502694933,3,8.576785522511186,4,58.88719731162782,3,30.234485601279605,90.55076213446667
283.71982178011905,6,8.486056502037247,4,156.89630709710374,0,14.178715958640286,145.24199998183963
315.0894740387294,8,7.208137763977469,4,68.59443397213312,3,7.516099342898562,121.74440233158478
173.86701223772724,7,4.169722147360296,1,115.59285661423128,3,11.968451997985554,81.90086202075706
88.6500387164644,1,8.248874985517968,4,105.6163200161412,2,34.102626168660755,82.40415092219973
64.86403206231121,0,8.28849348087751,3,173.03143541348345,3,34.31245487528232,60.63975843969885
62.66730119807589,9,5.445289251831378,6,144.86266144668954,3,49.352038424516415,88.73986067309464
36.211704067893706,0,5.622571641572828,2,74.22910825363385,2,42.48700374862145,42.304778826873786
7.006435400541675,4,5.311267162070159,3,80.26313543818874,1,84.04030631418794,40.29612761801024
27.691236092241816,4,4.413586051583878,1,139.80175496553568,0,77.54432965591624,108.88325976353515
9.12617754385667,8,6.197848012190235,5,97.75962664909096,1,91.25055463931103,99.67307096972961
159.19202479468177,3,3.2854129203896,4,70.14531752971388,1,13.60226415571325,79.79814408615036
22.733982685837187,4,3.859785798023105,8,88.07035653189546,0,63.35060513344531,49.8021763641265
276.64310502887025,9,7.957061814184207,1,95.9831610204084,1,10.19905091880128,121.18186162326158
156.48400303634645,8,8.237927620780798,6,94.8946927612012,3,21.93243601715862,103.13975551832311
150.51502115538497,3,7.782936272956729,3,20.872842459253725,0,26.923053522452346,114.70544331423068
41.24761640575002,1,8.641505563116258,8,100.7650907516198,1,44.51533097771428,50.96472774626356
142.72367394328415,6,9.477399675390792,5,77.12512464862532,3,28.45052115892993,113.542762944486
47.493862197787934,5,4.148152212401343,3,79.46284502295082,1,56.55427627305025,83.32704343644279
58.150228616163965,6,3.151492562257649,4,132.15065980490618,2,45.183677893611886,73.19702912978467
134.45340968990303,4,8.864780039465206,5,74.72890942209116,3,25.081555508651256,97.21602959022998
30.506658384423464,7,6.37045574984576,3,148.79616715301717,1,78.71682375243576,127.47582598103088
40.25140442970932,7,4.180907202581706,3,40.46567442537437,2,52.5035101710084,62.47403272552712
103.602201020562,2,5.970637369097148,10,167.5017871209385,3,4.390800325918249,33.14571806909526
125.15128205758258,1,4.0501692561255975,4,61.38239713524357,0,3.990881010109664,38.85288311265269
115.30813154330716,9,5.765874193421971,9,26.499202267174205,0,30.730186281178195,97.72498774948163
23.657411818314472,9,9.205052387487733,2,90.0626649064751,1,87.93252338345083,183.9605745561014
113.62455432542248,4,4.673179457625684,4,102.618700866835,2,17.327856314011886,64.822571219434
14.85861900005424,0,7.030172527448764,4,116.2854146962981,2,70.28179652021495,42.133301774263664
73.81829239292362,6,6.828543967137476,6,167.18216837169115,1,40.73823616396562,82.20271708523057
4.561681354422784,3,6.816335803632075,6,84.64968162804871,1,93.3916578437112,66.72230574838129
340.8548612113431,9,8.251083766564452,5,117.83055978845616,2,2.6626203290280506,94.00663891862585
130.01495041006964,6,5.6784880854590005,3,76.91130219651168,3,17.101332276361298,73.62057382225863
3.196367058297934,6,4.69526502720927,8,102.84455997877411,1,98.1743171297429,173.4747991995573
57.95380959335981,8,7.858752725614682,7,170.95426204327703,2,55.31880646040188,97.88548175287798
1.0,5,4.35243139417296,10,96.65285994630176,1,94.8659563253442,18.973432271594252
20.271788262654315,1,6.66738173693078,8,17.129462431436416,1,56.86941457848908,35.91661699398411
24.220737777826542,9,8.211418729644864,7,36.31791090146041,2,71.17287612374193,71.22523143954076
157.54818728009982,8,4.154626625307317,6,150.9632824532756,2,21.62726032953561,102.89092258804904
56.27321905512457,3,6.053451075376588,7,17.368755387645383,0,43.86053704936371,68.27988121806017
122.49887816335875,3,7.571914692027592,9,98.74024652584922,2,24.04787268693152,85.9566665751375
178.53795507344114,6,3.3130535040637747,6,126.2766565352322,2,16.236321471292367,98.21005063298078
64.34654426602673,9,6.861756946268477,1,45.9133042377989,3,54.512238669448806,106.05204807515233
50.991757536317,0,5.896941212005169,4,53.72632538777684,1,20.68392919268595,32.3590124772331
49.1104499696585,8,7.8817129309845075,4,53.31902905400951,0,61.26689059832548,100.23960331617263
280.3552283000514,7,7.184208624196181,9,93.60497661065166,0,10.665291548373393,125.26061008724434
60.42575360877565,3,8.522090768726562,1,22.9371794916716,2,49.9752683653354,87.11375495829397
236.0598757805676,8,9.322458274883838,5,91.0019108940654,0,14.379835838801702,121.72155487028978
352.75967510792657,4,4.773650164005661,1,15.182154252935966,2,0.9819263858974716,76.29860687927503
101.17322609352648,7,9.58713875888064,2,114.772300473938,2,41.25774199113127,114.27723605734751
29.1252216177922,2,3.2122162303460886,3,34.75978532450462,1,60.071444124664055,57.14911165026816
115.92755486231964,7,4.605930735609993,2,116.69619915691904,1,29.953239984985256,96.16292952188398
136.811979711017,0,7.916201628700248,1,137.3026620385147,2,18.20244327190383,80.30689533279643
201.23992729759024,6,7.327066031816901,2,137.95419726451502,3,17.33100052024811,114.81884359107413
118.11658464572984,3,8.031733305714692,4,55.708724388057526,2,22.559579737747857,79.3255611804607
87.39707757850627,3,8.105418740308409,1,131.9812667971466,3,37.73772096238604,89.68309650445715
50.06608382615413,5,4.050936920810178,8,91.8640775116342,1,46.00709329603512,64.487019373569
40.92039257086155,8,3.388830634413522,9,97.42113454680332,0,57.32608641381158,73.5430142708109
304.24017752236927,9,7.241651211053977,8,43.24322772053737,2,3.892206572028116,93.72211965412508
47.76346250370253,1,9.413057187700808,3,167.5547240495812,2,51.05575225970525,71.04994067888003
42.40128928058231,5,5.496028494980108,7,115.50828186052912,0,55.99674555947264,73.12122683809466
304.9240711434167,4,8.621135676095566,9,145.9171256735556,3,14.311075061227042,156.84293569776077
6.482402313271315,5,9.014273230774734,5,41.17960881494963,0,98.6285832973494,469.4305985944389
94.62008079915572,1,6.004519362881851,7,163.86428641936212,2,16.775844161679316,53.00161388944382
25.766890088014264,9,6.425471877853097,7,51.27570496970431,1,75.38716867498252,91.19954401511266
84.59414056892365,5,9.45484272858346,5,99.8185978842142,2,47.001049846588174,112.04518258642261
168.46622328128018,1,6.691613029795888,2,125.57332127651684,0,16.354181939157797,93.03997079051847
269.9513121075685,2,3.639444590194066,2,176.38714548463287,2,3.2812619521110307,79.00377135935891
125.33510017126407,9,5.889017089581211,4,78.0528528692892,2,24.00884178297845,87.84669666814769
82.80428485055117,5,5.5397402132993205,9,103.27921345306017,0,32.9966840392234,74.68167353557133
40.637611509411606,6,3.319007651296742,9,96.13512010820656,0,59.63038717556104,78.60198675611886
96.3046105642972,5,7.772481848486418,10,163.99629584472962,0,29.967628267300444,79.91736043447206
87.65972167594904,8,3.0853128570821977,1,100.20687714652294,3,45.25220570650665,110.55321775258345
27.74754239808549,4,8.520966659695361,8,30.51703953386088,3,67.86422347601035,71.57678684059377
67.18429533084065,7,3.851332904542701,10,28.14154521762384,3,29.457844807119656,54.96952156113962
274.9725432824155,5,8.056213241057677,9,111.2678942883066,3,5.471133450255607,94.63262606169125
133.8614141230703,8,8.987433680785358,10,14.201444496042162,3,20.61636231400321,84.7714989326382
120.42855855860816,6,8.382774901723616,8,160.4086747446178,0,32.765028291362526,107.92941974487587
56.58510915307836,2,5.032526389657367,10,128.79949881152794,0,34.490426513889275,53.15709361913301
267.55644933562485,2,3.240541204518028,10,27.227032302541485,0,6.103132070587329,95.67998221123568
44.89200584112589,1,5.7495989997033785,1,96.6412507611193,1,47.67381590389102,60.60035208383604
131.91580038674186,6,4.880325699656595,2,98.57036940122067,3,19.54510542846392,80.80871131380906
199.4979335763812,8,6.02830453010432,1,53.21825511402654,3,21.009424948853585,127.86697608692648
38.298486365955696,1,7.580445423136262,10,53.17428771307776,3,41.34544336633848,43.36293125086455
50.10475364198151,9,7.362212701219749,1,129.7008002195139,2,74.0447033339488,166.7372963297712
115.87669356125524,4,9.038124689389546,8,109.62029364962096,0,34.19547006453581,107.98544095828217
52.77518404752903,8,4.842051817216304,3,20.578109350881142,0,57.57973807892091,95.60731280156776
310.4900033704532,9,4.87136293688165,4,38.64861693402128,1,11.495464177005802,143.53155988917194
25.959514781361086,1,9.129034566674,5,133.9728354318305,3,61.63556565223079,53.64299553920005
70.28339659041076,6,6.354185431768093,9,140.42671203935564,2,40.61228164980794,77.99736211024661
381.2291472889873,6,9.143072407733571,2,175.27763306439095,2,0.4387232240815848,70.22014448652973
38.22926664515135,1,4.139243754476665,7,115.52039847696004,2,43.51681147897984,45.94737580066588
174.38259501553546,6,6.139883992319935,10,150.63708232822964,3,13.406495512971944,86.78208281395304
144.72674002724972,5,7.352086307162173,3,174.97097149576683,2,26.78740789423617,109.87134524461904
332.403002559158,8,4.709676276617232,7,68.92943692888988,2,6.420950606478099,121.06735034786328
128.11009198063007,9,4.377130064997262,10,46.24034996795814,3,9.688046927183876,54.882121335891505
3.9484777373409976,0,5.642483963962658,8,172.81658762993257,3,84.19142504328423,22.94597887665578
201.1640438978669,1,7.137167917367252,1,86.3871301040238,2,8.31243452994595,80.87264452827418
4.27919749870168,3,6.068865326514887,5,149.5719141407165,1,96.61972288824438,124.44123645599271
191.3310078918225,0,9.84538093813486,7,59.55171433844674,1,2.677601661077872,52.85023876157013
133.32975164492976,5,3.652784088497596,8,157.9452991096729,2,9.801872577138294,57.405467505788
75.9350092996392,3,5.328172590771772,1,63.90509383660135,0,35.805303889844,73.93332729121924
142.66272544098146,0,3.6373769521662513,9,58.43806693926943,1,3.290900288607289,41.78744837142668
102.04723025386988,8,6.436522115715258,9,24.3705445999073,0,25.66543179345153,75.03333968536252
106.98521977099742,8,3.168263876664862,10,148.116692392501,2,22.670534951755563,72.08740816209519
103.49351135305778,8,9.704692279273504,6,154.52020756953902,1,41.56834169690907,117.89680815125065
155.66225928934597,4,8.748781149221895,3,135.67923688689427,3,21.69283251950136,101.86065517240681
68.99608424662709,8,9.614360807249396,10,163.7588389538959,1,56.01526151027563,119.05195377461453
2.08940316791551,0,6.704221172272947,9,25.237872619540724,3,95.69397287754155,47.470394041326195
66.23098609941958,2,5.104039756378155,2,146.20641193331616,3,36.02507666310812,64.87160702016642
48.77600253138485,1,3.966216406376456,9,154.43390170688355,2,33.656070596537894,44.79067425889074
40.3974785024004,3,7.306227447624528,3,16.598036774563994,3,61.02153926704296,81.7856624908397
164.4290829904598,2,6.457910858010983,2,163.35994246918722,0,17.77445181329908,95.18832732440976
153.1100724767094,9,4.099585533402368,10,102.433544921128,2,14.60302179797648,79.5814509250851
30.24796385153408,3,8.602870443275723,8,144.0911916461339,2,65.5201517007855,71.53991137889653
19.13341796326532,3,6.944861066769732,5,47.90617071390584,1,71.3059863785668,56.57595885963707
153.1845401106377,5,9.709878055646696,8,84.84930782147835,3,19.06181584593216,92.41997537735216
158.43051605075985,0,3.2104081854139896,6,171.9747806040952,2,5.020258642994567,52.95688498728216
72.99660671339953,2,7.278460569708797,7,72.30792460428546,0,36.587116500555126,72.59919756382293
143.2796598644445,6,3.487537889484083,5,117.78628548031348,2,22.129356905369715,94.99633758350701
66.91562187246241,0,9.7408617364569,7,41.968288034974464,0,28.40557230837941,53.16735042914446
131.51197727590326,1,5.978740084048397,3,139.49255148618195,3,5.173156572273244,44.40441261435367
136.82458361303617,6,5.136850111252051,6,168.7395603671477,2,19.934549482730034,84.84110046696838
63.151169270758565,5,4.877027116760432,3,43.52500252927013,3,38.99301817935619,67.05457877967821
15.019464137269908,5,4.988200677419476,4,26.64952211508551,2,76.6337488177181,56.43601325725777
161.88832180436154,9,3.8564202581012825,1,115.75011657795837,2,27.13415144651078,124.11159928101057
167.10311552110926,6,5.672873675927887,10,158.31350078097466,1,3.7927138827983473,51.06925522267054
3.745099004444582,0,4.361893128324904,2,38.95637784287782,0,97.3848485617927,141.32691006925344
17.60457289944269,6,9.646649633250204,2,25.48128051787034,3,85.75944023206853,114.59518750465219
145.66229015773752,0,8.39540881747425,3,38.65514424955771,1,7.325197834371631,55.72710326025808
62.14923043940652,1,9.673988883805691,1,52.98744105578389,1,41.24019997283633,70.16512773046773
84.580392416073,1,4.78161631575529,7,142.63511727420246,2,14.167549114998645,43.28098206478293
259.9996778988727,6,4.264506132572865,6,26.43301041816408,3,5.822377272490507,91.43773323353719
78.95558338443269,3,6.493583107451676,10,75.7509354625028,2,29.00280131680841,63.78817402480223
8.040645042336763,5,5.234477251210908,8,43.40674909734619,3,93.92903762708922,128.38203780879599
232.8478567367769,0,5.537218940301924,7,23.638855662009973,3,8.390687306240066,93.96423326178048
15.483104803511855,9,8.245682080519035,6,71.26772887031748,3,85.8825819884546,101.73593170539395
37.22674395531397,3,5.269080820735212,6,88.36656373787072,3,59.970061091318,72.80450516698113
95.05307071613586,1,7.306884122405113,2,51.39419406148094,3,17.69787900960957,54.88922875349707
26.78461135691161,3,7.264224155657607,4,16.25411584220123,1,76.87058254918209,101.82446127997639
68.15515306842627,0,6.027360002953492,10,25.27584606000796,1,5.272092406053082,23.16041743441859
42.01009381369475,2,8.373165827772233,10,10.194811606803569,0,54.19402629009485,68.57676807858272
336.74183534341546,6,5.894422393782534,1,133.30279784191907,0,0.6155408061172212,66.15201808791184
105.48518473566686,6,9.284418477785357,3,34.65735618376182,0,36.80257133076693,105.5271349233085
195.70009594679823,5,7.651338740344741,1,143.6486316463931,1,13.843683338976945,98.971337106189
81.01921322008221,3,5.438958534523652,5,163.87275872351157,3,37.45201523906065,82.49507771241359
23.49783748687335,2,4.3990220809193925,9,115.04360614629375,1,59.32777258554676,45.00702609350621
188.62871436631107,0,7.811634735095099,5,122.04929867566308,3,11.174468914502093,86.07136413582889
81.57848708434544,9,8.467301847538776,4,101.92069233575349,3,37.95190837633167,84.20132494405225
20.22353212958681,0,6.285674354078167,6,57.58803568159538,3,59.02031004606064,38.353822819409494
5.249481226596443,9,4.581668975972777,5,42.50111664654376,2,98.30675369784989,307.392456770248
9.382474349711709,1,4.1325732242316855,4,120.67868988625094,1,81.08809776279381,44.7564543171297
207.6004222278935,3,7.771889290579842,2,148.58114948976797,0,5.499123140858919,71.57200019879967
15.041360108637376,5,5.348600422555244,7,138.3700241819209,1,77.57866415022765,59.24647006748125
169.63114198479624,2,7.357383233203262,2,42.27993765839752,0,13.654793804780317,85.19556316021311
32.1699390388887,8,7.081839964223058,2,159.3656714572873,3,74.14795230063471,107.5530166704932
18.28854295334334,0,7.470377793716979,8,47.39175801483028,3,46.54109584064462,23.911765721132443
146.08179174252578,6,6.144293378743804,2,139.7810284175142,3,18.64893704679468,86.9854955975612
18.69988749283804,8,3.773040599161016,10,114.43652101941446,3,76.16825375037988,68.69265542487523
51.52735543943863,9,5.714715798276518,7,23.01666910941976,1,48.78102072646303,71.7822279287989
55.67170612566676,6,6.532046020280603,2,14.477579297253843,3,43.51394905176416,66.90598095221969
238.16067179373604,3,8.643723047101528,3,137.0223205879638,2,9.655290986782314,101.87976472868733
182.1465640598774,3,6.157979296507349,7,81.93938271954833,0,7.072311726706906,68.76094675089536
59.5574194919511,9,4.020188231117844,9,71.1279882123724,0,47.613876321919385,80.26109388942024
8.376538317016132,3,7.980540791647368,7,81.71592670247448,1,88.81291113152322,70.60577268860665
44.97538621976238,8,3.949550741560457,3,62.91431256542575,1,60.38846142974965,89.17103677704955
140.69431455933147,4,8.22937857462529,3,161.67924619130815,3,12.569067178256969,67.8394262061793
671.0120947513851,1,6.178533010186392,6,147.55162831087503,0,0.0616613523215947,90.78443437426792
321.8990446247927,3,3.599970654067988,8,166.72104254952774,1,2.352058747568691,85.84251099758373
120.91469491332666,2,9.540629757482948,1,56.58419798654259,1,32.97323639070163,108.98380490274381
200.64195043158367,8,7.266925753333669,10,95.94209298305572,3,4.072640448805626,62.68339825562953
12.932040258510677,7,5.805687110210248,5,102.68588339895804,1,86.82186050182216,91.5142621852572
113.05298796169178,1,8.175353371272006,3,168.54489291895675,1,31.291777237000016,97.30723428672609
5.906029463199282,3,8.86937883396077,10,42.33751969620327,2,87.11265459337493,42.80723363972631
281.179069043307,4,9.34768505067514,9,119.33744669776809,2,6.592667039809156,103.40460670597068
123.69447378457993,3,9.267898406469138,7,127.98484298970014,2,16.223507204658116,68.01224291897162
355.6237159468208,8,4.724542063702076,6,178.8921986900624,0,14.36653665763354,183.28582410583005
8.722630977100186,0,8.99888663997963,5,72.66177818164702,3,81.898966544085,43.68221346882723
13.690978906007487,5,5.6747592921372885,10,12.206034010540668,2,73.67089208643173,44.80583403802296
140.82211458275907,2,6.694734338571619,9,156.1251205510891,1,8.81583873541627,57.98441150854099
11.113815536550574,3,4.054607623922427,8,122.4510507055688,0,87.03483999814829,80.03514660412985
282.1218239919356,7,9.929544660240996,1,113.60588921986424,2,14.613203602891376,146.6905498735592
73.74913850981005,1,3.1940772733329443,10,133.7434051291408,0,14.459495523256916,38.1365287755269
55.23452302005378,8,8.971723624510183,5,55.10509191099342,3,66.10465600188083,133.43896117779747
21.393570514858364,6,5.536874492693111,6,158.23870357951267,0,76.09361261037778,78.30567985816006
20.756477711531367,6,8.884204357529015,10,71.70024066985977,0,82.3340870353991,106.78025280762319
218.71505908300824,5,8.94081548818053,3,121.89355939627234,0,15.337073739172745,116.6544292501973
33.744532437429626,8,3.523899750299836,7,177.6647889739713,2,64.30069505342955,76.41429325858464
70.52156622834993,8,5.531314388972827,1,94.13055898782196,1,47.19772098728745,93.92548968980354
66.03936902241126,9,7.262203281834893,2,15.595340672399526,1,59.68652512908539,127.967425972833
323.0541085048716,4,9.928061927883004,7,54.84335004965867,0,6.673951667522911,119.34211865322943
120.64350829228582,4,4.183009424985522,6,113.15052463499426,0,30.368198171834457,101.23016965413487
122.46547258199344,6,3.9114988983009416,3,12.77200330370582,1,22.055969723046008,81.01781895396331
19.35874682714566,4,9.708089381499104,1,23.34371215937409,3,74.70591062613593,66.38552275874476
1.4284081310837506,6,8.635505125796717,7,50.58553571164199,3,96.2157471299988,37.02731088691375
102.05376268011834,8,3.429846081987852,6,78.09428165691148,1,25.71998867481801,75.1554848595293
294.73224372319515,2,9.352297187869532,6,175.462203515064,0,4.720759769900711,96.53222917063306
92.66855139421592,0,6.7041417066896365,9,106.81361254840164,0,6.435171008902264,33.77882531808308
93.95113656982676,0,7.986760113670915,1,159.09797718331745,3,30.17655937156518,78.41646328429327
10.711913328181897,5,6.40018949631798,3,96.19050838434924,2,92.38804674221916,135.29827286395025
34.97541602707286,1,3.832321123745954,2,172.33011659048356,3,56.0290455929423,60.37531251139058
145.5003218837312,9,3.4183662534894235,10,164.023307482003,2,13.837857621997872,73.56816374044169
198.7120641936856,5,7.20417692505615,7,172.018852274279,0,16.12080365395676,108.87976735834961
184.3632671354935,8,4.104205710198691,6,141.67524248547983,2,13.618045075838117,92.46947120087707
50.222210047890194,2,8.150183149254143,5,159.5975675653422,1,57.2197480182997,89.96025382296476
76.25873409163047,3,5.459208816772229,3,141.55038547169625,2,36.52961230206723,75.72510244672576
33.39272505379729,9,3.665676685443798,9,144.7766009102615,1,68.6565803707869,88.79787396511905
320.55476372940376,5,4.009759198816141,1,80.09681665766483,0,6.53740190478373,117.52133581911333
23.869701453290777,8,7.606647926577675,7,96.54841650654409,3,67.21865353404532,60.09198386641375
43.42059822133312,5,8.515791871857846,2,123.64927353583931,1,63.79639056297894,96.60322870109763
6.452968709212212,8,3.3222319529920297,7,133.5784904273503,0,91.10888513104562,69.30117347441747
160.98469774661686,4,7.022922427436415,6,61.17779716864136,0,9.61633862287241,68.74674143171616
48.10872422767169,8,5.598071323961222,9,11.953719837701383,3,54.18929292280977,78.52090289047034
51.59697299637738,9,6.964797863323279,8,62.93397727390506,1,59.13636744066469,98.21931516155298
49.73693580584344,8,3.545879830929884,1,69.5718372087357,2,55.929681446426656,85.59469627597099
119.80976813918582,3,4.557875968093697,7,43.59311883644599,3,9.139328368867687,50.075484873706706
154.4264723892633,5,4.225545616263556,3,86.2006039144174,0,16.11939524549349,84.6104315524447
96.63349607801588,9,7.41795827345459,2,172.7733902736076,3,44.18510108509631,118.30994437817414
103.8511598091522,9,4.129613600603806,10,55.431985762078895,3,21.13674996948152,66.82153911262405
48.26628164532183,0,6.149270991916654,4,148.61946902482086,0,40.96854653271278,54.08801413921866
204.0196075968409,3,6.014715000377185,3,145.36801451016058,2,5.711245567488943,71.26742317992024
53.240412704934,4,5.633272533401662,7,41.222461592920574,3,40.62133070669683,59.098434480143005
3.483286964703282,5,4.424465703782179,9,82.97349868129227,2,95.87017880038918,82.59085479286168
59.52077507838979,1,9.977778057678682,3,178.36762533563402,3,40.67395838670676,66.16491406269132
6.225410753959471,3,7.383792567926086,1,153.1879567871967,0,93.0905252848442,86.94977821939479
82.4597412394844,5,6.834009957254651,7,38.29130444837247,2,36.86988816825311,82.64362273120459
102.94512033679236,4,6.599317266447079,5,124.70934173180736,2,31.077185642776552,88.0854398881018
81.07298874819988,4,8.47011222719107,8,144.25414958483498,2,33.61427127377064,74.36391576243444
127.65246720309656,9,6.734553637615408,6,165.57400382675465,2,31.812288651281527,111.45596157536372
52.47569285095867,7,6.718067961779871,2,35.22972097504832,1,62.36090530640181,111.12278409662093
308.98150080039875,1,7.433459361021395,10,109.95784297355353,3,4.103369300354915,96.75743718811933
2.544752178154206,1,5.3580156752326085,6,164.6506431161602,1,94.4877733852887,44.88119499769757
103.6893589685568,9,3.8337537585214654,6,13.154441641876268,0,31.876580024038454,90.69315545958634
66.62266631228042,3,9.421069176304195,8,19.34283869051129,0,35.323840243342865,64.0225757671369
229.2090243995221,8,7.611443749413931,3,65.11980148359409,0,17.48181748703796,131.42652626665523
168.7438184458412,9,5.664641030169757,2,32.08178047078842,3,15.204585797192664,89.58708205573977
7.203675768125279,8,8.367393815989324,4,173.95807560751712,0,95.57622959771348,159.21118341780462
24.070129363234827,5,8.300125813183888,3,62.13457518697293,0,75.62835584338464,86.168198279196
45.93256159812282,9,4.719935647392729,7,47.09622311403874,0,61.537653057696126,94.60469470974603
191.2117214410092,8,4.832953719858899,5,61.85317030610959,2,0.2691374560443993,32.31181323404563
123.00383141696054,5,7.895779752260527,3,101.64532465378208,2,30.9213605955383,104.798010826444
167.08792212849409,7,8.596922213695603,8,23.759992832533143,2,9.309177743783508,70.37742161197959
154.40806653575228,8,6.457431839181849,6,38.92516819489076,3,18.230054460015623,90.7162873149982
4.0157448696723295,8,9.09644462594929,10,136.04680056669088,0,99.9032730151337,4149.620095679749
116.69765155069317,8,4.661059938966057,2,111.12909160381118,3,26.1828078299429,87.08343377544008
18.078446511074045,7,7.645865972386679,3,101.24216665905708,3,85.40596659798456,114.59881313862047
89.53230944516596,0,5.068974169409236,9,90.91591467215684,1,1.514667977326963,21.36822590910593
34.14123678856473,9,9.699745869992228,7,160.7787680505646,2,74.68515809028106,116.96658704928105
135.01493071669236,3,7.381062767307577,9,79.3812728153493,2,18.927989286424506,81.11302101261903
199.02230865489585,5,6.379844309811854,7,129.18142112867915,0,3.1726624363179656,57.67761043422854
189.78566629065912,2,3.427720695406225,10,124.57681629381362,1,2.77852635714156,52.96468108683636
48.62878400651407,3,3.215270583568014,6,164.90121018226304,0,51.94152766855431,74.23657370126351
148.01033616881762,3,7.671790371925653,6,45.60048023119851,3,14.221428922482172,75.88638084727286
64.03336182239293,9,3.9636918498270455,4,161.6443467350955,2,56.24060172146042,111.25957626980957
189.5827617217381,3,9.308461150891286,6,169.53929864501973,3,15.472738941973526,101.5935523456828
151.20584340601602,8,3.446063286821028,2,55.10009484940264,2,15.524202783778987,81.17258207622264
135.8629349353115,1,4.979472639221205,9,165.0016729941043,3,3.16771002466524,39.35590638497079
65.33222586735761,7,5.714482102124652,4,140.5738391974013,0,47.29245629464158,87.24697407199668
52.21310379629367,8,6.730199456486087,5,92.5793904933555,3,58.37924236787946,97.01254783301921
38.652232772947656,8,6.447294358425647,8,108.63313355215608,2,69.17330730358321,104.87503655832252
199.65616272220748,4,3.782878633891287,8,137.5875376985916,2,4.970578894927693,66.515828062092
20.845302346091472,1,3.3256294744154804,2,88.31907448331673,2,72.195311420041,63.98286396308667
154.56623123486176,8,3.549628727908417,8,175.34671603739122,0,15.612321135871897,83.2294536249238
105.79551653598256,0,6.023533963544336,1,84.0881829885562,3,12.926959455506484,51.7121240169229
14.581589932406434,4,5.132874380604026,9,115.61449850734338,0,77.93982629892403,58.505828762486225
181.60949372229223,5,8.266407811061887,7,143.15007220925358,1,15.692462864207442,98.06182913560129
407.98518709503855,3,7.1288933832175285,4,127.9056175149799,0,1.5221302601405893,97.48611750206787
68.04093818993381,5,3.5764254702205043,6,83.04167677162033,1,35.106536137189515,65.00005006989404
129.5235297736125,5,8.575287395269505,6,20.1051550094558,2,13.503562569965553,64.69006754954076
28.056956769886675,4,3.459833005384527,3,106.1326681668089,3,67.02240300080454,70.11728128886791
133.26001184137476,0,8.114645352082396,8,89.82809823236835,0,8.18051814274471,53.23129728409347
175.69992981731858,2,7.694814352645627,3,32.02837289429355,3,11.609669821340702,81.5944516224756
6.650957004545005,7,7.820196644728466,9,48.77492061903125,2,93.6827338424253,101.92055939009524
55.07714207800238,8,3.6550973874953168,5,39.26849972895666,2,46.82239751742425,72.58371613279407
136.79863917173952,6,4.029210064506023,5,48.14431676813153,3,22.72566315514544,92.32699850425001
46.12774349362832,3,4.847704835364405,4,38.28166313299271,0,55.2015274132464,77.63266594872606
52.361619687999536,8,4.313184262399621,6,167.50367678244078,1,52.70784604898227,81.7631801132257
98.69694196129356,8,9.693399090100828,7,124.12606895572034,2,40.50062543291232,109.19581742046238
38.97031630539187,1,9.037067003645976,10,62.09781432957661,0,52.00998933910041,59.61185048240209
598.3907053849186,7,3.56157004260721,5,103.2516286521021,2,8.630553895066047,244.25491207441866
98.86010551242175,7,6.599779953433826,10,119.26470269595174,0,31.682990211875545,86.01091470891552
177.87394487083478,2,7.795316229960337,3,35.33717555978527,2,2.3792206308876773,47.58026889622967
33.62369685541294,1,8.036338252235252,10,33.302655256530386,1,47.06467417650995,44.6146209942803
233.13630534682068,2,5.828046361561418,3,175.62628088975083,1,0.869553011651675,49.13360388858233
30.213690744908508,0,6.873787367007271,9,73.22265839774,2,39.7116547515492,32.715600922622045
10.243854327221603,0,9.703230597813196,8,136.74655179500968,3,79.74378729761996,45.256431411363245
200.47249201192017,3,4.195124532791347,6,51.26764812579852,2,3.7078186935093305,60.84647570465286
155.94951087520064,5,8.173720002261247,2,71.77517306940439,0,33.37964215570633,142.13097103415416
47.094589689246575,1,4.494145325712265,8,77.14574992256793,1,30.231302127429903,39.367125849940905
141.4923492810388,0,8.159868509693776,6,49.21024061149917,1,0.4569824481266118,26.25927691882757
13.210359621243722,8,7.604930672449511,3,71.8515607456255,3,86.64394258314744,92.14617678950863
166.75468719095895,7,6.27728727220137,1,140.4930233078994,2,20.304219199996464,104.5915754995833
15.26931109571758,8,8.581271243801753,6,55.29938000556445,2,83.03246236265595,82.12020457696313
139.3953901577044,2,9.631414320523144,9,31.773346527429474,0,2.410074779287952,37.41643425356231
133.29279800281995,3,9.389307623627172,9,38.72049554676944,1,19.636785390459146,81.88697451545919
19.99698426807159,6,7.534290329002029,4,118.07560144454467,2,86.52505390476033,138.16162047523932
350.6895291134072,8,5.14082070382889,10,47.26396657619878,0,7.106021273608946,132.62455794717658
7.22048554938256,8,3.696305049436511,3,100.84195290609448,0,99.4613928246363,1336.9712379590624
1.2578366107153764,3,3.092139400023284,5,94.87817819771904,1,96.90811078825516,40.049603436919845
14.624319553638507,2,4.814597365469917,4,126.90569200058331,1,73.4241482289829,47.340563647665924
44.0489890903964,3,3.57657213007083,4,110.71470651341892,2,56.710526934387445,77.65900334399115
359.39407160169696,3,6.108807586618822,1,164.6237704317672,1,5.414925966842955,123.2485317700771
147.18472866451546,7,9.194012275383372,3,111.7455803887856,1,23.62234526785483,102.0007384966587
11.89708003168594,0,3.9316064742095818,2,145.13801796424423,2,82.61534299075241,62.2966054288596
72.34208804784768,5,8.354033910312062,9,175.99065612655085,3,33.96763325822707,66.99817444715913
296.5735734388465,3,4.002094181648504,3,95.92155750948706,0,1.022849057437993,64.7176232869884
20.51777840634099,3,7.645992767641358,8,158.09246058396857,3,68.59795933379877,54.43718658673318
360.0922567547511,7,7.629448880581441,2,94.89725185908117,3,1.454176458745391,85.11349534694415
401.8095461489361,2,5.617995569179172,5,106.62035781772552,3,5.16063992467782,135.55826223522385
40.2895857149266,1,4.698860789190142,2,168.0430952710762,0,46.83995013227923,53.122092389668865
145.57953725227532,9,8.24710403053771,3,14.69472973458592,0,22.623980364580845,97.95685548851013
178.44562111694876,4,9.98331785228385,2,96.4190063223182,2,13.47821533730896,89.04047869095437
27.274149275170423,9,9.22458824109491,2,77.88624159762182,3,73.576231724131,88.88484154661417
158.60229866169246,6,9.017927217433208,7,140.8758609654119,2,26.91588057542249,120.84410789793914
479.1517757304913,8,5.875472200366044,5,88.5367403632897,1,7.660441928871573,186.5056558548764
66.68514142755483,9,8.02109406181274,6,35.394511368430486,0,51.22098172380346,99.67571652938095
50.39077057723206,0,8.9355643043104,6,88.32617693439917,3,33.979775823331096,46.68385464149355
128.6565088008699,4,4.336782284314745,8,10.790188717297708,2,10.647044693657351,57.438817834324176
5.441396282148017,5,4.014944294018937,3,168.74791675169456,3,87.49928103507136,40.74743296452164
269.84594660967895,7,4.971772835537179,2,142.58568244791968,1,7.185025039158473,102.47945462157655
32.00115900179407,7,7.310848608251025,2,56.22032169469057,0,62.11515012863175,67.20387521885236
232.1101301609208,9,9.17373699482308,9,134.2151529050042,1,3.290945325431359,67.987828850722
80.8490862879574,2,9.379683263296013,3,28.898786568153007,1,38.06910198179367,83.71488068050297
161.88955763290588,3,5.616134617820272,9,148.4783834204537,2,10.351258482391488,71.37792169675345
166.1736156480815,7,9.22129702977318,1,157.38039431011774,1,27.757728435069296,129.65540745320277
20.955093197589456,4,6.514403528316227,3,88.08176142851912,2,75.21921961561111,73.58773153964981
151.1479132665713,1,5.24065176352886,2,60.22995829087728,3,9.419778778341469,63.98178262302985
24.74064401216668,3,5.666210038062872,5,36.79035476659966,3,70.93025975841252,72.03081613808408
42.61874148494561,6,6.834518344443049,8,19.967025046764626,3,50.87563045363012,63.06542606573079
18.70059991114793,9,6.827614181401586,4,75.8520222848286,3,87.25106331837843,137.12083779967307
120.19410047688802,0,3.063023449463988,7,168.24842579546845,3,8.355560308944302,48.42156962283261
133.17628756153695,4,5.8272098212652335,5,134.60484351268133,3,20.54387924373309,84.14993493700341
293.0015318666861,9,6.802071865945022,2,113.37720176485558,0,7.792677296682992,114.81315577504964
79.85675563723439,2,8.861714711593182,8,35.96450705713053,1,26.105856046296616,59.46100497182797
155.55932629683784,6,8.940261297874377,6,136.11736621472068,1,15.658484638394944,83.89759008469356
165.06734199605415,3,6.367922675792255,10,154.60209321126464,0,3.7238672067904126,50.16623099117785
8.194287419571442,9,8.24822451039876,4,93.33424795456536,0,86.726209290931,57.538476451354974
202.62116375017047,5,7.975790774044105,3,142.0697692789123,2,10.474823828743585,89.80656165897919
68.23489151322322,2,8.87420967357208,3,173.39114831479193,3,45.712059006354224,87.16682402769976
21.44312158067705,1,9.76478104312001,5,161.16835235443193,3,80.33362338126611,97.92187656885925
29.25053588226981,5,3.8436750155842647,7,170.99533747698268,3,65.5707036619153,69.30730281074074
232.17819893493075,4,5.635637484875394,3,115.06863741701328,2,11.320291647481266,106.57350553472325
74.90952928275523,0,5.381942235181999,4,66.24480682834965,3,15.11053170961339,39.63932298910697
70.94663455772363,5,8.966161809218033,1,17.668531068507136,2,44.39023075853718,87.35648267562087
176.12320250386568,8,9.24063171274504,6,152.02966898845258,2,21.05836030730465,113.05366641302892
165.73919434584502,2,3.071429310996717,1,43.26011691396021,0,7.689259224830431,64.60696192700462
84.03476646328569,6,9.383721180511769,2,85.63940866134992,0,47.13466795169696,111.72437965661786
83.19262098122579,5,4.940575051953176,7,142.1392120864165,1,24.54781677036929,59.23091590951337
130.4628679750024,3,5.165568069954178,9,162.97416102120724,2,12.786216587961722,63.42994661619908
71.543741493806,9,4.1802476440266005,1,30.62850667986157,3,36.71893506331672,71.40966112877493
17.218760149569032,8,4.521917839786797,2,141.22845908077846,0,87.27090067421452,126.4661590772321
106.04917307170398,5,7.133748077774179,1,63.60183303383054,2,34.989862552320794,100.98845883121103
117.9847179962882,4,3.299274764245052,1,153.41846218378504,2,26.386509351312004,88.55601934410896
189.88052427145743,4,9.668213032202132,8,86.69950852180285,0,14.503072816971656,98.34243639488363
76.84743543510231,2,5.336891410485396,10,85.77340052010506,2,22.765918657215124,51.927256238532
18.6806288111459,0,4.647084332434193,2,83.67436368893674,1,61.01187751002193,37.80726023115086
76.2334297392706,1,7.843519937711645,2,42.44438662080941,3,31.13240459393916,65.32870030951052
458.00441305081415,7,7.51687563073133,10,81.79335923552549,3,1.8836848279803424,115.3099938585481
157.28440394065504,5,3.392921116147506,5,16.453431363695177,3,12.127036151686966,74.55181123576827
130.0023667959775,8,5.594641475392549,1,159.20377553479935,0,22.04659401255153,85.97971538294188
147.6647939618031,8,5.324749080764575,6,164.04338988642982,0,23.143646810192177,100.90184575793454
155.87040554657037,6,4.061261368897189,8,170.06116182654375,3,13.536115315751848,77.94265159775077
277.1282575912041,3,7.799736454335859,8,134.3127817642394,2,10.14371212374,121.10575518679967
17.953769832130515,3,5.694156226190206,5,131.99682746780053,3,74.55848841346445,61.15329799138888
38.54784078709123,1,4.047742538993141,8,41.70509917881667,2,23.45071830985836,26.5797856755673
109.685596893617,0,4.2518335287445534,8,13.920775789528587,1,2.952028082055873,31.136994118425836
80.5650804704935,8,3.7349326258759454,2,60.58002407723312,1,38.733344553723214,84.94220848859231
29.859580536589057,6,5.859660270347038,2,45.8303785491135,3,66.76950053591463,73.92379796820939
159.0508570252805,8,4.875120212522685,6,62.03767322679487,2,21.517538740094576,103.52839144068805
246.41441560510043,9,6.795369514202515,1,73.11857859368725,2,15.64654363151252,132.8436784314201
14.492331289590522,6,7.702943783205659,3,93.47653987248084,2,95.8726242508432,343.8299474787397
81.81391503034433,0,3.097865542876583,3,171.2591337376102,2,12.2569230816104,38.9760961502896
34.48489644174221,9,7.584636784687008,1,179.97814450660275,1,83.03727027803984,185.52172263484377
140.50827446552248,2,6.440179004976364,10,148.20200722002502,3,6.147195011007149,50.376297481593234
276.68536627976545,6,7.778046959630579,6,52.58527147039956,2,1.537049027469476,66.26708987490312
108.40740353680948,0,6.45965148485329,7,148.8741407160794,0,12.135627465895164,51.40167707288176
83.07266229120505,1,4.532079446306828,7,162.91498022200466,1,18.865688415716622,49.80896993331408
281.31102966843207,3,9.361466602478211,3,125.45641846573712,0,10.147187586769077,122.9520433206279
26.642645212446403,6,8.024808432986239,6,37.26017739692141,1,74.14651166564481,89.06795679364394
424.2253472732761,7,4.317465635180418,6,98.26369034710343,0,7.223410037834944,161.43481204458567
59.08689472713529,4,7.456403829115341,8,120.44273778981967,3,44.11592069290311,72.20252222172516
45.320602828734415,4,3.1541128096698303,4,101.18324403310136,3,52.82447115999064,71.0136522959482
37.90331363310121,5,7.508162516448835,3,94.99662993213371,1,64.88770614406883,87.63528628409549
1.0,6,5.247973282774805,5,122.42768242605904,0,93.14304942885228,14.077823308392867
403.82084432823774,6,3.680570925484973,1,24.4547967804094,2,4.0657794256112405,126.0929534731195
274.255579738221,1,8.672693557654439,5,20.18379917057184,0,4.050145092225126,85.53333476558934
225.5468745220531,7,6.869262832645883,2,21.04834425759063,0,16.084514539039542,123.43087856632181
